virus_taxid	virus_name	virus_lineage	short_name	name_taxid	host_name	host_lineage
2662138	Bacteriophage Phobos	Viruses; Duplodnaviria; Heunggongvirae; Uroviricota; Caudoviricetes; Casjensviridae; Phobosvirus; Phobosvirus phobos	Phobos	Phobos_taxid_2662138	['Pseudomonas syringae pv. syringae', 'Pseudomonas syringae pv. tomato']	['Bacteria; Pseudomonadota; Gammaproteobacteria; Pseudomonadales; Pseudomonadaceae; Pseudomonas; Pseudomonas syringae group; Pseudomonas syringae group genomosp. 1', 'Bacteria; Pseudomonadota; Gammaproteobacteria; Pseudomonadales; Pseudomonadaceae; Pseudomonas; Pseudomonas syringae group']
484895	Bruynoghevirus LUZ24	Viruses; Duplodnaviria; Heunggongvirae; Uroviricota; Caudoviricetes; Bruynoghevirus	LUZ24	LUZ24_taxid_484895	['Pseudomonas aeruginosa', 'Pseudomonas aeruginosa PAO1']	['Bacteria; Pseudomonadota; Gammaproteobacteria; Pseudomonadales; Pseudomonadaceae; Pseudomonas; Pseudomonas aeruginosa group', 'Bacteria; Pseudomonadota; Gammaproteobacteria; Pseudomonadales; Pseudomonadaceae; Pseudomonas; Pseudomonas aeruginosa group; Pseudomonas aeruginosa']
35343	Citexvirus phiCTX	Viruses; Duplodnaviria; Heunggongvirae; Uroviricota; Caudoviricetes; Peduoviridae; Citexvirus	phiCTX	phiCTX_taxid_35343	['Pseudomonas aeruginosa']	['Bacteria; Pseudomonadota; Gammaproteobacteria; Pseudomonadales; Pseudomonadaceae; Pseudomonas; Pseudomonas aeruginosa group']
10658	Enterobacteria phage PRD1	Viruses; Varidnaviria; Bamfordvirae; Preplasmiviricota; Tectiliviricetes; Kalamavirales; Tectiviridae; Alphatectivirus; Alphatectivirus PRD1	PRD1	PRD1_taxid_10658	['Pseudomonas aeruginosa', 'Pseudomonas fluorescens', 'Pseudomonas putida', 'Acinetobacter calcoaceticus', 'Escherichia coli', 'Proteus mirabilis', 'Vibrio cholerae', 'Salmonella enterica subsp. enterica serovar Typhimurium']	['Bacteria; Pseudomonadota; Gammaproteobacteria; Pseudomonadales; Pseudomonadaceae; Pseudomonas; Pseudomonas aeruginosa group', 'Bacteria; Pseudomonadota; Gammaproteobacteria; Pseudomonadales; Pseudomonadaceae; Pseudomonas; Pseudomonas fluorescens group', 'Bacteria; Pseudomonadota; Gammaproteobacteria; Pseudomonadales; Pseudomonadaceae; Pseudomonas; Pseudomonas putida group', 'Bacteria; Pseudomonadota; Gammaproteobacteria; Moraxellales; Moraxellaceae; Acinetobacter; Acinetobacter calcoaceticus/baumannii complex', 'Bacteria; Pseudomonadota; Gammaproteobacteria; Enterobacterales; Enterobacteriaceae; Escherichia', 'Bacteria; Pseudomonadota; Gammaproteobacteria; Enterobacterales; Morganellaceae; Proteus', 'Bacteria; Pseudomonadota; Gammaproteobacteria; Vibrionales; Vibrionaceae; Vibrio', 'Bacteria; Pseudomonadota; Gammaproteobacteria; Enterobacterales; Enterobacteriaceae; Salmonella; Salmonella enterica']
1737464	Pbunalikevirus phiFenriz	Viruses; Duplodnaviria; Heunggongvirae; Uroviricota; Caudoviricetes; Pbunavirus; Pbunavirus PB1	phiFenriz	phiFenriz_taxid_1737464	['Pseudomonas aeruginosa', 'Pseudomonas syringae', 'Escherichia coli C']	['Bacteria; Pseudomonadota; Gammaproteobacteria; Pseudomonadales; Pseudomonadaceae; Pseudomonas; Pseudomonas aeruginosa group', 'Bacteria; Pseudomonadota; Gammaproteobacteria; Pseudomonadales; Pseudomonadaceae; Pseudomonas; Pseudomonas syringae group; Pseudomonas syringae group genomosp. 1', 'Bacteria; Pseudomonadota; Gammaproteobacteria; Enterobacterales; Enterobacteriaceae; Escherichia; Escherichia coli']
1737465	Pbunalikevirus phiHabibi	Viruses; Duplodnaviria; Heunggongvirae; Uroviricota; Caudoviricetes; Pbunavirus; Pbunavirus PB1	phiHabibi	phiHabibi_taxid_1737465	['Pseudomonas aeruginosa', 'Pseudomonas syringae', 'Escherichia coli C']	['Bacteria; Pseudomonadota; Gammaproteobacteria; Pseudomonadales; Pseudomonadaceae; Pseudomonas; Pseudomonas aeruginosa group', 'Bacteria; Pseudomonadota; Gammaproteobacteria; Pseudomonadales; Pseudomonadaceae; Pseudomonas; Pseudomonas syringae group; Pseudomonas syringae group genomosp. 1', 'Bacteria; Pseudomonadota; Gammaproteobacteria; Enterobacterales; Enterobacteriaceae; Escherichia; Escherichia coli']
1737466	Pbunalikevirus phiMoody	Viruses; Duplodnaviria; Heunggongvirae; Uroviricota; Caudoviricetes; Pbunavirus; Pbunavirus PB1	phiMoody	phiMoody_taxid_1737466	['Pseudomonas aeruginosa', 'Pseudomonas syringae', 'Escherichia coli C']	['Bacteria; Pseudomonadota; Gammaproteobacteria; Pseudomonadales; Pseudomonadaceae; Pseudomonas; Pseudomonas aeruginosa group', 'Bacteria; Pseudomonadota; Gammaproteobacteria; Pseudomonadales; Pseudomonadaceae; Pseudomonas; Pseudomonas syringae group; Pseudomonas syringae group genomosp. 1', 'Bacteria; Pseudomonadota; Gammaproteobacteria; Enterobacterales; Enterobacteriaceae; Escherichia; Escherichia coli']
1737467	Pbunalikevirus phiVader	Viruses; Duplodnaviria; Heunggongvirae; Uroviricota; Caudoviricetes; Pbunavirus; Pbunavirus PB1	phiVader	phiVader_taxid_1737467	['Pseudomonas aeruginosa', 'Pseudomonas syringae', 'Escherichia coli C']	['Bacteria; Pseudomonadota; Gammaproteobacteria; Pseudomonadales; Pseudomonadaceae; Pseudomonas; Pseudomonas aeruginosa group', 'Bacteria; Pseudomonadota; Gammaproteobacteria; Pseudomonadales; Pseudomonadaceae; Pseudomonas; Pseudomonas syringae group; Pseudomonas syringae group genomosp. 1', 'Bacteria; Pseudomonadota; Gammaproteobacteria; Enterobacterales; Enterobacteriaceae; Escherichia; Escherichia coli']
2011081	Primolicivirus Pf1	Viruses; Monodnaviria; Loebvirae; Hofneiviricota; Faserviricetes; Tubulavirales; Inoviridae; Primolicivirus	Pf1	Pf1_taxid_2011081	['Pseudomonas aeruginosa']	['Bacteria; Pseudomonadota; Gammaproteobacteria; Pseudomonadales; Pseudomonadaceae; Pseudomonas; Pseudomonas aeruginosa group']
3056216	Pseudomonas phage 109	Viruses; Duplodnaviria; Heunggongvirae; Uroviricota; Caudoviricetes; Pbunavirus; unclassified Pbunavirus	109	109_taxid_3056216	['Pseudomonas aeruginosa']	['Bacteria; Pseudomonadota; Gammaproteobacteria; Pseudomonadales; Pseudomonadaceae; Pseudomonas; Pseudomonas aeruginosa group']
3038233	Pseudomonas phage 10P302A	Viruses; Duplodnaviria; Heunggongvirae; Uroviricota; Caudoviricetes; Autographiviridae; Studiervirinae; Ghunavirus; unclassified Ghunavirus	10P302A	10P302A_taxid_3038233	['Pseudomonas syringae']	['Bacteria; Pseudomonadota; Gammaproteobacteria; Pseudomonadales; Pseudomonadaceae; Pseudomonas; Pseudomonas syringae group; Pseudomonas syringae group genomosp. 1']
2911431	Pseudomonas phage 119X	Viruses; Duplodnaviria; Heunggongvirae; Uroviricota; Caudoviricetes; Fredfastierviridae; Jamesmcgillvirus; Jamesmcgillvirus jv119X	119X	119X_taxid_2911431	['Pseudomonas aeruginosa']	['Bacteria; Pseudomonadota; Gammaproteobacteria; Pseudomonadales; Pseudomonadaceae; Pseudomonas; Pseudomonas aeruginosa group']
581037	Pseudomonas phage 14-1	Viruses; Duplodnaviria; Heunggongvirae; Uroviricota; Caudoviricetes; Pbunavirus; Pbunavirus pv141	14-1	14-1_taxid_581037	['Pseudomonas', 'Pseudomonas aeruginosa PAO1']	['Bacteria; Pseudomonadota; Gammaproteobacteria; Pseudomonadales; Pseudomonadaceae', 'Bacteria; Pseudomonadota; Gammaproteobacteria; Pseudomonadales; Pseudomonadaceae; Pseudomonas; Pseudomonas aeruginosa group; Pseudomonas aeruginosa']
1729936	Pseudomonas phage 17A	Viruses; Duplodnaviria; Heunggongvirae; Uroviricota; Caudoviricetes; Autographiviridae; Studiervirinae; Ghunavirus; Ghunavirus 17A	17A	17A_taxid_1729936	['Pseudomonas']	['Bacteria; Pseudomonadota; Gammaproteobacteria; Pseudomonadales; Pseudomonadaceae']
198110	Pseudomonas phage 201phi2-1	Viruses; Duplodnaviria; Heunggongvirae; Uroviricota; Caudoviricetes; unclassified Caudoviricetes	201phi2-1	201phi2-1_taxid_198110	['Pseudomonas chlororaphis']	['Bacteria; Pseudomonadota; Gammaproteobacteria; Pseudomonadales; Pseudomonadaceae; Pseudomonas; Pseudomonas chlororaphis group']
3028482	Pseudomonas phage 20Aug401	Viruses; Duplodnaviria; Heunggongvirae; Uroviricota; Caudoviricetes; Autographiviridae; Krylovirinae; Phikmvvirus; unclassified Phikmvvirus	20Aug401	20Aug401_taxid_3028482	['Pseudomonas aeruginosa']	['Bacteria; Pseudomonadota; Gammaproteobacteria; Pseudomonadales; Pseudomonadaceae; Pseudomonas; Pseudomonas aeruginosa group']
3028483	Pseudomonas phage 20Aug470	Viruses; Duplodnaviria; Heunggongvirae; Uroviricota; Caudoviricetes; Fredfastierviridae; Jamesmcgillvirus; unclassified Jamesmcgillvirus	20Aug470	20Aug470_taxid_3028483	['Pseudomonas aeruginosa']	['Bacteria; Pseudomonadota; Gammaproteobacteria; Pseudomonadales; Pseudomonadaceae; Pseudomonas; Pseudomonas aeruginosa group']
3028487	Pseudomonas phage 20Oct199	Viruses; Duplodnaviria; Heunggongvirae; Uroviricota; Caudoviricetes; Pbunavirus; unclassified Pbunavirus	20Oct199	20Oct199_taxid_3028487	['Pseudomonas aeruginosa']	['Bacteria; Pseudomonadota; Gammaproteobacteria; Pseudomonadales; Pseudomonadaceae; Pseudomonas; Pseudomonas aeruginosa group']
3028488	Pseudomonas phage 20Sep416	Viruses; Duplodnaviria; Heunggongvirae; Uroviricota; Caudoviricetes; Pakpunavirus; unclassified Pakpunavirus	20Sep416	20Sep416_taxid_3028488	['Pseudomonas aeruginosa']	['Bacteria; Pseudomonadota; Gammaproteobacteria; Pseudomonadales; Pseudomonadaceae; Pseudomonas; Pseudomonas aeruginosa group']
3028489	Pseudomonas phage 20Sep418	Viruses; Duplodnaviria; Heunggongvirae; Uroviricota; Caudoviricetes; Pakpunavirus; unclassified Pakpunavirus	20Sep418	20Sep418_taxid_3028489	['Pseudomonas aeruginosa']	['Bacteria; Pseudomonadota; Gammaproteobacteria; Pseudomonadales; Pseudomonadaceae; Pseudomonas; Pseudomonas aeruginosa group']
3028490	Pseudomonas phage 20Sep420	Viruses; Duplodnaviria; Heunggongvirae; Uroviricota; Caudoviricetes; unclassified Caudoviricetes	20Sep420	20Sep420_taxid_3028490	['Pseudomonas aeruginosa']	['Bacteria; Pseudomonadota; Gammaproteobacteria; Pseudomonadales; Pseudomonadaceae; Pseudomonas; Pseudomonas aeruginosa group']
2163970	Pseudomonas phage 22PfluR64PP	Viruses; Duplodnaviria; Heunggongvirae; Uroviricota; Caudoviricetes; Autographiviridae; Studiervirinae; Pifdecavirus; Pifdecavirus pv22PfluR64PP	22PfluR64PP	22PfluR64PP_taxid_2163970	['Pseudomonas fluorescens']	['Bacteria; Pseudomonadota; Gammaproteobacteria; Pseudomonadales; Pseudomonadaceae; Pseudomonas; Pseudomonas fluorescens group']
3056485	Pseudomonas phage 4P	Viruses; Duplodnaviria; Heunggongvirae; Uroviricota; Caudoviricetes; Pbunavirus; unclassified Pbunavirus	4P	4P_taxid_3056485	['Pseudomonas aeruginosa']	['Bacteria; Pseudomonadota; Gammaproteobacteria; Pseudomonadales; Pseudomonadaceae; Pseudomonas; Pseudomonas aeruginosa group']
2163980	Pseudomonas phage 67PfluR64PP	Viruses; Duplodnaviria; Heunggongvirae; Uroviricota; Caudoviricetes; Autographiviridae; Studiervirinae; Pifdecavirus; Pifdecavirus pv22PfluR64PP	67PfluR64PP	67PfluR64PP_taxid_2163980	['Pseudomonas fluorescens']	['Bacteria; Pseudomonadota; Gammaproteobacteria; Pseudomonadales; Pseudomonadaceae; Pseudomonas; Pseudomonas fluorescens group']
2912301	Pseudomonas phage 6917	Viruses; Duplodnaviria; Heunggongvirae; Uroviricota; Caudoviricetes; Pbunavirus; unclassified Pbunavirus	6917	6917_taxid_2912301	['Pseudomonas']	['Bacteria; Pseudomonadota; Gammaproteobacteria; Pseudomonadales; Pseudomonadaceae']
2912302	Pseudomonas phage 6959	Viruses; Duplodnaviria; Heunggongvirae; Uroviricota; Caudoviricetes; Pbunavirus; unclassified Pbunavirus	6959	6959_taxid_2912302	['Pseudomonas']	['Bacteria; Pseudomonadota; Gammaproteobacteria; Pseudomonadales; Pseudomonadaceae']
2163977	Pseudomonas phage 71PfluR64PP	Viruses; Duplodnaviria; Heunggongvirae; Uroviricota; Caudoviricetes; Autographiviridae; Studiervirinae; Pifdecavirus; Pifdecavirus pv22PfluR64PP	71PfluR64PP	71PfluR64PP_taxid_2163977	['Pseudomonas fluorescens']	['Bacteria; Pseudomonadota; Gammaproteobacteria; Pseudomonadales; Pseudomonadaceae; Pseudomonas; Pseudomonas fluorescens group']
347325	Pseudomonas phage 73	Viruses; Duplodnaviria; Heunggongvirae; Uroviricota; Caudoviricetes; Septimatrevirus; Septimatrevirus sv73	73	73_taxid_347325	['Pseudomonas aeruginosa']	['Bacteria; Pseudomonadota; Gammaproteobacteria; Pseudomonadales; Pseudomonadaceae; Pseudomonas; Pseudomonas aeruginosa group']
2723907	Pseudomonas phage 8P	Viruses; Duplodnaviria; Heunggongvirae; Uroviricota; Caudoviricetes; unclassified Caudoviricetes	8P	8P_taxid_2723907	['Pseudomonas']	['Bacteria; Pseudomonadota; Gammaproteobacteria; Pseudomonadales; Pseudomonadaceae']
2163965	Pseudomonas phage 98PfluR60PP	Viruses; Duplodnaviria; Heunggongvirae; Uroviricota; Caudoviricetes; Schitoviridae; Littlefixvirus; unclassified Littlefixvirus	98PfluR60PP	98PfluR60PP_taxid_2163965	['Pseudomonas fluorescens']	['Bacteria; Pseudomonadota; Gammaproteobacteria; Pseudomonadales; Pseudomonadaceae; Pseudomonas; Pseudomonas fluorescens group']
1775248	Pseudomonas phage AAT-1	Viruses; Duplodnaviria; Heunggongvirae; Uroviricota; Caudoviricetes; Pamexvirus; unclassified Pamexvirus	AAT-1	AAT-1_taxid_1775248	['Pseudomonas aeruginosa PA14']	['Bacteria; Pseudomonadota; Gammaproteobacteria; Pseudomonadales; Pseudomonadaceae; Pseudomonas; Pseudomonas aeruginosa group; Pseudomonas aeruginosa']
2163982	Pseudomonas phage Achelous	Viruses; Duplodnaviria; Heunggongvirae; Uroviricota; Caudoviricetes; Autographiviridae; Colwellvirinae; Uliginvirus; Uliginvirus achelous	Achelous	Achelous_taxid_2163982	['Pseudomonas syringae pv. avii']	['Bacteria; Pseudomonadota; Gammaproteobacteria; Pseudomonadales; Pseudomonadaceae; Pseudomonas; Pseudomonas syringae group; Pseudomonas syringae group genomosp. 1']
1235689	Pseudomonas phage AF	Viruses; Duplodnaviria; Heunggongvirae; Uroviricota; Caudoviricetes; unclassified Caudoviricetes	AF	AF_taxid_1235689	['Pseudomonas putida']	['Bacteria; Pseudomonadota; Gammaproteobacteria; Pseudomonadales; Pseudomonadaceae; Pseudomonas; Pseudomonas putida group']
2869573	Pseudomonas phage AH02	Viruses; Duplodnaviria; Heunggongvirae; Uroviricota; Caudoviricetes; unclassified Caudoviricetes	AH02	AH02_taxid_2869573	['Pseudomonas koreensis']	['Bacteria; Pseudomonadota; Gammaproteobacteria; Pseudomonadales; Pseudomonadaceae; Pseudomonas; Pseudomonas fluorescens group']
2869574	Pseudomonas phage AH05	Viruses; Duplodnaviria; Heunggongvirae; Uroviricota; Caudoviricetes; Autographiviridae; Studiervirinae; Ghunavirus; unclassified Ghunavirus	AH05	AH05_taxid_2869574	['Pseudomonas syringae']	['Bacteria; Pseudomonadota; Gammaproteobacteria; Pseudomonadales; Pseudomonadaceae; Pseudomonas; Pseudomonas syringae group; Pseudomonas syringae group genomosp. 1']
2794941	Pseudomonas phage AIIMS-Pa-A1	Viruses; Duplodnaviria; Heunggongvirae; Uroviricota; Caudoviricetes; Autographiviridae; Krylovirinae; Phikmvvirus; unclassified Phikmvvirus	AIIMS-Pa-A1	AIIMS-Pa-A1_taxid_2794941	['Pseudomonas aeruginosa']	['Bacteria; Pseudomonadota; Gammaproteobacteria; Pseudomonadales; Pseudomonadaceae; Pseudomonas; Pseudomonas aeruginosa group']
2801525	Pseudomonas phage AIIMS-Pa-B1	Viruses; Duplodnaviria; Heunggongvirae; Uroviricota; Caudoviricetes; Casadabanvirus; unclassified Casadabanvirus	AIIMS-Pa-B1	AIIMS-Pa-B1_taxid_2801525	['Pseudomonas aeruginosa']	['Bacteria; Pseudomonadota; Gammaproteobacteria; Pseudomonadales; Pseudomonadaceae; Pseudomonas; Pseudomonas aeruginosa group']
2873380	Pseudomonas phage AIIMS-Plu-RaNi	Viruses; Duplodnaviria; Heunggongvirae; Uroviricota; Caudoviricetes; Mesyanzhinovviridae; Bradleyvirinae; Abidjanvirus; unclassified Abidjanvirus	AIIMS-Plu-RaNi	AIIMS-Plu-RaNi_taxid_2873380	['Pseudomonas luteola']	['Bacteria; Pseudomonadota; Gammaproteobacteria; Pseudomonadales; Pseudomonadaceae; Pseudomonas']
2873451	Pseudomonas phage ALEA	Viruses; Duplodnaviria; Heunggongvirae; Uroviricota; Caudoviricetes; Autographiviridae; Studiervirinae; Ghunavirus; unclassified Ghunavirus	ALEA	ALEA_taxid_2873451	['Pseudomonas syringae pv. tomato']	['Bacteria; Pseudomonadota; Gammaproteobacteria; Pseudomonadales; Pseudomonadaceae; Pseudomonas; Pseudomonas syringae group']
2928829	Pseudomonas phage Almagne	Viruses; Duplodnaviria; Heunggongvirae; Uroviricota; Caudoviricetes; unclassified Caudoviricetes	Almagne	Almagne_taxid_2928829	['Pseudomonas syringae']	['Bacteria; Pseudomonadota; Gammaproteobacteria; Pseudomonadales; Pseudomonadaceae; Pseudomonas; Pseudomonas syringae group; Pseudomonas syringae group genomosp. 1']
2163983	Pseudomonas phage Alpheus	Viruses; Duplodnaviria; Heunggongvirae; Uroviricota; Caudoviricetes; Autographiviridae; Colwellvirinae; Uliginvirus; Uliginvirus alpheus	Alpheus	Alpheus_taxid_2163983	['Pseudomonas syringae pv. avii']	['Bacteria; Pseudomonadota; Gammaproteobacteria; Pseudomonadales; Pseudomonadaceae; Pseudomonas; Pseudomonas syringae group; Pseudomonas syringae group genomosp. 1']
3003706	Pseudomonas phage Amjad_SA	Viruses; Duplodnaviria; Heunggongvirae; Uroviricota; Caudoviricetes; unclassified Caudoviricetes	Amjad_SA	Amjad_SA_taxid_3003706	['Pseudomonas alcaligenes']	['Bacteria; Pseudomonadota; Gammaproteobacteria; Pseudomonadales; Pseudomonadaceae; Pseudomonas; Pseudomonas aeruginosa group']
1868597	Pseudomonas phage AN14	Viruses; Duplodnaviria; Heunggongvirae; Uroviricota; Caudoviricetes; Mesyanzhinovviridae; Rabinowitzvirinae; Yuavirus; Pseudomonas virus M6	AN14	AN14_taxid_1868597	['Pseudomonas aeruginosa']	['Bacteria; Pseudomonadota; Gammaproteobacteria; Pseudomonadales; Pseudomonadaceae; Pseudomonas; Pseudomonas aeruginosa group']
1873949	Pseudomonas phage Andromeda	Viruses; Duplodnaviria; Heunggongvirae; Uroviricota; Caudoviricetes; Autographiviridae; Bifseptvirus; Bifseptvirus andromeda	Andromeda	Andromeda_taxid_1873949	['Pseudomonas syringae']	['Bacteria; Pseudomonadota; Gammaproteobacteria; Pseudomonadales; Pseudomonadaceae; Pseudomonas; Pseudomonas syringae group; Pseudomonas syringae group genomosp. 1']
2719595	Pseudomonas phage antinowhere	Viruses; Duplodnaviria; Heunggongvirae; Uroviricota; Caudoviricetes; Pbunavirus; Pbunavirus antinowhere	antinowhere	antinowhere_taxid_2719595	['Pseudomonas aeruginosa PAO1']	['Bacteria; Pseudomonadota; Gammaproteobacteria; Pseudomonadales; Pseudomonadaceae; Pseudomonas; Pseudomonas aeruginosa group; Pseudomonas aeruginosa']
3047163	Pseudomonas phage APTC-PA18	Viruses; Duplodnaviria; Heunggongvirae; Uroviricota; Caudoviricetes; Pbunavirus; unclassified Pbunavirus	APTC-PA18	APTC-PA18_taxid_3047163	['Pseudomonas aeruginosa']	['Bacteria; Pseudomonadota; Gammaproteobacteria; Pseudomonadales; Pseudomonadaceae; Pseudomonas; Pseudomonas aeruginosa group']
3050039	Pseudomonas phage Arefeen1	Viruses; unclassified bacterial viruses	Arefeen1	Arefeen1_taxid_3050039	['Pseudomonas aeruginosa']	['Bacteria; Pseudomonadota; Gammaproteobacteria; Pseudomonadales; Pseudomonadaceae; Pseudomonas; Pseudomonas aeruginosa group']
2928830	Pseudomonas phage Astolliot	Viruses; Duplodnaviria; Heunggongvirae; Uroviricota; Caudoviricetes; Otagovirus; unclassified Otagovirus	Astolliot	Astolliot_taxid_2928830	['Pseudomonas syringae']	['Bacteria; Pseudomonadota; Gammaproteobacteria; Pseudomonadales; Pseudomonadaceae; Pseudomonas; Pseudomonas syringae group; Pseudomonas syringae group genomosp. 1']
2663264	Pseudomonas phage AUS531phi	Viruses; Duplodnaviria; Heunggongvirae; Uroviricota; Caudoviricetes; unclassified Caudoviricetes	AUS531phi	AUS531phi_taxid_2663264	['Pseudomonas aeruginosa']	['Bacteria; Pseudomonadota; Gammaproteobacteria; Pseudomonadales; Pseudomonadaceae; Pseudomonas; Pseudomonas aeruginosa group']
151599	Pseudomonas phage B3	Viruses; Duplodnaviria; Heunggongvirae; Uroviricota; Caudoviricetes; Beetrevirus; Beetrevirus B3	B3	B3_taxid_151599	['Pseudomonas aeruginosa PAO1']	['Bacteria; Pseudomonadota; Gammaproteobacteria; Pseudomonadales; Pseudomonadaceae; Pseudomonas; Pseudomonas aeruginosa group; Pseudomonas aeruginosa']
2801385	Pseudomonas phage Bertil	Viruses; Duplodnaviria; Heunggongvirae; Uroviricota; Caudoviricetes; Autographiviridae; Krylovirinae; unclassified Krylovirinae	Bertil	Bertil_taxid_2801385	['Pseudomonas syringae']	['Bacteria; Pseudomonadota; Gammaproteobacteria; Pseudomonadales; Pseudomonadaceae; Pseudomonas; Pseudomonas syringae group; Pseudomonas syringae group genomosp. 1']
1100790	Pseudomonas phage Bf7	Viruses; Duplodnaviria; Heunggongvirae; Uroviricota; Caudoviricetes; Autographiviridae; Bifseptvirus; Bifseptvirus Bf7	Bf7	Bf7_taxid_1100790	['Pseudomonas tolaasii']	['Bacteria; Pseudomonadota; Gammaproteobacteria; Pseudomonadales; Pseudomonadaceae; Pseudomonas; Pseudomonas fluorescens group']
2894349	Pseudomonas phage BHU-1	Viruses; Duplodnaviria; Heunggongvirae; Uroviricota; Caudoviricetes; Samunavirus; unclassified Samunavirus	BHU-1	BHU-1_taxid_2894349	['Pseudomonas aeruginosa']	['Bacteria; Pseudomonadota; Gammaproteobacteria; Pseudomonadales; Pseudomonadaceae; Pseudomonas; Pseudomonas aeruginosa group']
2719835	Pseudomonas phage billy	Viruses; Duplodnaviria; Heunggongvirae; Uroviricota; Caudoviricetes; Pbunavirus; unclassified Pbunavirus	billy	billy_taxid_2719835	['Pseudomonas aeruginosa PAO1']	['Bacteria; Pseudomonadota; Gammaproteobacteria; Pseudomonadales; Pseudomonadaceae; Pseudomonas; Pseudomonas aeruginosa group; Pseudomonas aeruginosa']
2713154	Pseudomonas phage BIM BV-45	Viruses; Duplodnaviria; Heunggongvirae; Uroviricota; Caudoviricetes; Autographiviridae; Bifseptvirus; unclassified Bifseptvirus	BIM_BV-45	BIM_BV-45_taxid_2713154	['Pseudomonas fluorescens']	['Bacteria; Pseudomonadota; Gammaproteobacteria; Pseudomonadales; Pseudomonadaceae; Pseudomonas; Pseudomonas fluorescens group']
2713155	Pseudomonas phage BIM BV-46	Viruses; Duplodnaviria; Heunggongvirae; Uroviricota; Caudoviricetes; Autographiviridae; Studiervirinae; Pifdecavirus; Pifdecavirus Pf10	BIM_BV-46	BIM_BV-46_taxid_2713155	['Pseudomonas fluorescens']	['Bacteria; Pseudomonadota; Gammaproteobacteria; Pseudomonadales; Pseudomonadaceae; Pseudomonas; Pseudomonas fluorescens group']
2079288	Pseudomonas phage Bjorn	Viruses; Duplodnaviria; Heunggongvirae; Uroviricota; Caudoviricetes; Bjornvirus; Bjornvirus bjorn	Bjorn	Bjorn_taxid_2079288	['Pseudomonas sp.']	['Bacteria; Pseudomonadota; Gammaproteobacteria; Pseudomonadales; Pseudomonadaceae; Pseudomonas']
3028486	Pseudomonas phage bmx-p1	Viruses; Duplodnaviria; Heunggongvirae; Uroviricota; Caudoviricetes; Bruynoghevirus; unclassified Bruynoghevirus	bmx-p1	bmx-p1_taxid_3028486	['Pseudomonas aeruginosa']	['Bacteria; Pseudomonadota; Gammaproteobacteria; Pseudomonadales; Pseudomonadaceae; Pseudomonas; Pseudomonas aeruginosa group']
3028484	Pseudomonas phage bmx-p2	Viruses; Duplodnaviria; Heunggongvirae; Uroviricota; Caudoviricetes; Pbunavirus; unclassified Pbunavirus	bmx-p2	bmx-p2_taxid_3028484	['Pseudomonas aeruginosa']	['Bacteria; Pseudomonadota; Gammaproteobacteria; Pseudomonadales; Pseudomonadaceae; Pseudomonas; Pseudomonas aeruginosa group']
3028485	Pseudomonas phage bmx-p3	Viruses; Duplodnaviria; Heunggongvirae; Uroviricota; Caudoviricetes; Pakpunavirus; unclassified Pakpunavirus	bmx-p3	bmx-p3_taxid_3028485	['Pseudomonas aeruginosa']	['Bacteria; Pseudomonadota; Gammaproteobacteria; Pseudomonadales; Pseudomonadaceae; Pseudomonas; Pseudomonas aeruginosa group']
3040668	Pseudomonas phage BRkr	Viruses; Duplodnaviria; Heunggongvirae; Uroviricota; Caudoviricetes; unclassified Caudoviricetes	BRkr	BRkr_taxid_3040668	['Pseudomonas aeruginosa']	['Bacteria; Pseudomonadota; Gammaproteobacteria; Pseudomonadales; Pseudomonadaceae; Pseudomonas; Pseudomonas aeruginosa group']
2894361	Pseudomonas phage BroderSalsa	Viruses; Duplodnaviria; Heunggongvirae; Uroviricota; Caudoviricetes; Krylovvirus; unclassified Krylovvirus	BroderSalsa	BroderSalsa_taxid_2894361	['Pseudomonas sp.']	['Bacteria; Pseudomonadota; Gammaproteobacteria; Pseudomonadales; Pseudomonadaceae; Pseudomonas']
2029635	Pseudomonas phage BrSP1	Viruses; Duplodnaviria; Heunggongvirae; Uroviricota; Caudoviricetes; Pbunavirus; Pbunavirus BrSP1	BrSP1	BrSP1_taxid_2029635	['Pseudomonas aeruginosa', 'Pseudomonas sp.']	['Bacteria; Pseudomonadota; Gammaproteobacteria; Pseudomonadales; Pseudomonadaceae; Pseudomonas; Pseudomonas aeruginosa group', 'Bacteria; Pseudomonadota; Gammaproteobacteria; Pseudomonadales; Pseudomonadaceae; Pseudomonas']
2982892	Pseudomonas phage BUCT-PX-5	Viruses; Duplodnaviria; Heunggongvirae; Uroviricota; Caudoviricetes; Septimatrevirus; unclassified Septimatrevirus	BUCT-PX-5	BUCT-PX-5_taxid_2982892	['Pseudomonas aeruginosa']	['Bacteria; Pseudomonadota; Gammaproteobacteria; Pseudomonadales; Pseudomonadaceae; Pseudomonas; Pseudomonas aeruginosa group']
2776766	Pseudomonas phage BUCT553	Viruses; Duplodnaviria; Heunggongvirae; Uroviricota; Caudoviricetes; Autographiviridae; Colwellvirinae; Uliginvirus; unclassified Uliginvirus	BUCT553	BUCT553_taxid_2776766	['Pseudomonas syringae pv. actinidiae']	['Bacteria; Pseudomonadota; Gammaproteobacteria; Pseudomonadales; Pseudomonadaceae; Pseudomonas; Pseudomonas syringae group; Pseudomonas syringae group genomosp. 1']
2829367	Pseudomonas phage BUCT566	Viruses; Duplodnaviria; Heunggongvirae; Uroviricota; Caudoviricetes; unclassified Caudoviricetes	BUCT566	BUCT566_taxid_2829367	['Pseudomonas aeruginosa']	['Bacteria; Pseudomonadota; Gammaproteobacteria; Pseudomonadales; Pseudomonadaceae; Pseudomonas; Pseudomonas aeruginosa group']
3053255	Pseudomonas phage BUCT640	Viruses; Duplodnaviria; Heunggongvirae; Uroviricota; Caudoviricetes; Bruynoghevirus; unclassified Bruynoghevirus	BUCT640	BUCT640_taxid_3053255	['Pseudomonas aeruginosa PAO1']	['Bacteria; Pseudomonadota; Gammaproteobacteria; Pseudomonadales; Pseudomonadaceae; Pseudomonas; Pseudomonas aeruginosa group; Pseudomonas aeruginosa']
1735586	Pseudomonas phage C11	Viruses; Duplodnaviria; Heunggongvirae; Uroviricota; Caudoviricetes; Pakpunavirus; unclassified Pakpunavirus	C11	C11_taxid_1735586	['Pseudomonas aeruginosa']	['Bacteria; Pseudomonadota; Gammaproteobacteria; Pseudomonadales; Pseudomonadaceae; Pseudomonas; Pseudomonas aeruginosa group']
3061955	Pseudomonas phage Callisto	Viruses; Duplodnaviria; Heunggongvirae; Uroviricota; Caudoviricetes; unclassified Caudoviricetes	Callisto	Callisto_taxid_3061955	['Pseudomonas aeruginosa']	['Bacteria; Pseudomonadota; Gammaproteobacteria; Pseudomonadales; Pseudomonadaceae; Pseudomonas; Pseudomonas aeruginosa group']
1327965	Pseudomonas phage CHA_P1	Viruses; Duplodnaviria; Heunggongvirae; Uroviricota; Caudoviricetes; Nankokuvirus; Nankokuvirus PAKP3	CHA_P1	CHA_P1_taxid_1327965	['Pseudomonas aeruginosa CHA']	['Bacteria; Pseudomonadota; Gammaproteobacteria; Pseudomonadales; Pseudomonadaceae; Pseudomonas; Pseudomonas aeruginosa group; Pseudomonas aeruginosa']
2686372	Pseudomonas phage CHF1	Viruses; Duplodnaviria; Heunggongvirae; Uroviricota; Caudoviricetes; Autographiviridae; Studiervirinae; Ghunavirus; Ghunavirus PSA2	CHF1	CHF1_taxid_2686372	['Pseudomonas syringae pv. actinidiae']	['Bacteria; Pseudomonadota; Gammaproteobacteria; Pseudomonadales; Pseudomonadaceae; Pseudomonas; Pseudomonas syringae group; Pseudomonas syringae group genomosp. 1']
2686373	Pseudomonas phage CHF17	Viruses; Duplodnaviria; Heunggongvirae; Uroviricota; Caudoviricetes; Autographiviridae; Studiervirinae; Ghunavirus; Ghunavirus PSA2	CHF17	CHF17_taxid_2686373	['Pseudomonas syringae pv. actinidiae']	['Bacteria; Pseudomonadota; Gammaproteobacteria; Pseudomonadales; Pseudomonadaceae; Pseudomonas; Pseudomonas syringae group; Pseudomonas syringae group genomosp. 1']
2686374	Pseudomonas phage CHF19	Viruses; Duplodnaviria; Heunggongvirae; Uroviricota; Caudoviricetes; Autographiviridae; Studiervirinae; Ghunavirus; Ghunavirus PSA2	CHF19	CHF19_taxid_2686374	['Pseudomonas syringae pv. actinidiae']	['Bacteria; Pseudomonadota; Gammaproteobacteria; Pseudomonadales; Pseudomonadaceae; Pseudomonas; Pseudomonas syringae group; Pseudomonas syringae group genomosp. 1']
2686375	Pseudomonas phage CHF21	Viruses; Duplodnaviria; Heunggongvirae; Uroviricota; Caudoviricetes; Autographiviridae; Studiervirinae; Ghunavirus; Ghunavirus PSA2	CHF21	CHF21_taxid_2686375	['Pseudomonas syringae pv. actinidiae']	['Bacteria; Pseudomonadota; Gammaproteobacteria; Pseudomonadales; Pseudomonadaceae; Pseudomonas; Pseudomonas syringae group; Pseudomonas syringae group genomosp. 1']
2686376	Pseudomonas phage CHF33	Viruses; Duplodnaviria; Heunggongvirae; Uroviricota; Caudoviricetes; Autographiviridae; Studiervirinae; Ghunavirus; Ghunavirus PSA2	CHF33	CHF33_taxid_2686376	['Pseudomonas syringae pv. actinidiae']	['Bacteria; Pseudomonadota; Gammaproteobacteria; Pseudomonadales; Pseudomonadaceae; Pseudomonas; Pseudomonas syringae group; Pseudomonas syringae group genomosp. 1']
2686377	Pseudomonas phage CHF7	Viruses; Duplodnaviria; Heunggongvirae; Uroviricota; Caudoviricetes; Autographiviridae; Studiervirinae; Ghunavirus; Ghunavirus PSA2	CHF7	CHF7_taxid_2686377	['Pseudomonas', 'Pseudomonas syringae pv. actinidiae']	['Bacteria; Pseudomonadota; Gammaproteobacteria; Pseudomonadales; Pseudomonadaceae', 'Bacteria; Pseudomonadota; Gammaproteobacteria; Pseudomonadales; Pseudomonadaceae; Pseudomonas; Pseudomonas syringae group; Pseudomonas syringae group genomosp. 1']
2719596	Pseudomonas phage chumba	Viruses; Duplodnaviria; Heunggongvirae; Uroviricota; Caudoviricetes; Pbunavirus; unclassified Pbunavirus	chumba	chumba_taxid_2719596	['Pseudomonas aeruginosa PAO1']	['Bacteria; Pseudomonadota; Gammaproteobacteria; Pseudomonadales; Pseudomonadaceae; Pseudomonas; Pseudomonas aeruginosa group; Pseudomonas aeruginosa']
2719597	Pseudomonas phage chunk	Viruses; Duplodnaviria; Heunggongvirae; Uroviricota; Caudoviricetes; Pbunavirus; Pbunavirus LS1	chunk	chunk_taxid_2719597	['Pseudomonas aeruginosa PAO1']	['Bacteria; Pseudomonadota; Gammaproteobacteria; Pseudomonadales; Pseudomonadaceae; Pseudomonas; Pseudomonas aeruginosa group; Pseudomonas aeruginosa']
2924860	Pseudomonas phage Churi01	Viruses; Duplodnaviria; Heunggongvirae; Uroviricota; Caudoviricetes; Phikzvirus; unclassified Phikzvirus	Churi01	Churi01_taxid_2924860	['Pseudomonas aeruginosa']	['Bacteria; Pseudomonadota; Gammaproteobacteria; Pseudomonadales; Pseudomonadaceae; Pseudomonas; Pseudomonas aeruginosa group']
2904596	Pseudomonas phage Churro	Viruses; Duplodnaviria; Heunggongvirae; Uroviricota; Caudoviricetes; Mesyanzhinovviridae; Rabinowitzvirinae; Yuavirus; unclassified Yuavirus	Churro	Churro_taxid_2904596	['Pseudomonas aeruginosa PAO1']	['Bacteria; Pseudomonadota; Gammaproteobacteria; Pseudomonadales; Pseudomonadaceae; Pseudomonas; Pseudomonas aeruginosa group; Pseudomonas aeruginosa']
2719598	Pseudomonas phage clash	Viruses; Duplodnaviria; Heunggongvirae; Uroviricota; Caudoviricetes; Bruynoghevirus; unclassified Bruynoghevirus	clash	clash_taxid_2719598	['Pseudomonas aeruginosa PAO1']	['Bacteria; Pseudomonadota; Gammaproteobacteria; Pseudomonadales; Pseudomonadaceae; Pseudomonas; Pseudomonas aeruginosa group; Pseudomonas aeruginosa']
2926659	Pseudomonas phage CMS1	Viruses; Duplodnaviria; Heunggongvirae; Uroviricota; Caudoviricetes; Schitoviridae; Migulavirinae; Litunavirus; unclassified Litunavirus	CMS1	CMS1_taxid_2926659	['Pseudomonas aeruginosa PAO1']	['Bacteria; Pseudomonadota; Gammaproteobacteria; Pseudomonadales; Pseudomonadaceae; Pseudomonas; Pseudomonas aeruginosa group; Pseudomonas aeruginosa']
2719599	Pseudomonas phage cory	Viruses; Duplodnaviria; Heunggongvirae; Uroviricota; Caudoviricetes; Pbunavirus; unclassified Pbunavirus	cory	cory_taxid_2719599	['Pseudomonas aeruginosa PAO1']	['Bacteria; Pseudomonadota; Gammaproteobacteria; Pseudomonadales; Pseudomonadaceae; Pseudomonas; Pseudomonas aeruginosa group; Pseudomonas aeruginosa']
2886029	Pseudomonas phage COT4	Viruses; Duplodnaviria; Heunggongvirae; Uroviricota; Caudoviricetes; Otagovirus; unclassified Otagovirus	COT4	COT4_taxid_2886029	['Pseudomonas sp.']	['Bacteria; Pseudomonadota; Gammaproteobacteria; Pseudomonadales; Pseudomonadaceae; Pseudomonas']
2719600	Pseudomonas phage crassa	Viruses; Duplodnaviria; Heunggongvirae; Uroviricota; Caudoviricetes; Pbunavirus; Pbunavirus crassa	crassa	crassa_taxid_2719600	['Pseudomonas aeruginosa PAO1']	['Bacteria; Pseudomonadota; Gammaproteobacteria; Pseudomonadales; Pseudomonadaceae; Pseudomonas; Pseudomonas aeruginosa group; Pseudomonas aeruginosa']
3061645	Pseudomonas phage C_MDJ-2023	Viruses; Duplodnaviria; Heunggongvirae; Uroviricota; Caudoviricetes; Pbunavirus; unclassified Pbunavirus	C_MDJ-2023	C_MDJ-2023_taxid_3061645	['Pseudomonas aeruginosa']	['Bacteria; Pseudomonadota; Gammaproteobacteria; Pseudomonadales; Pseudomonadaceae; Pseudomonas; Pseudomonas aeruginosa group']
2932880	Pseudomonas phage D3	Viruses; Duplodnaviria; Heunggongvirae; Uroviricota; Caudoviricetes; Detrevirus; Detrevirus D3	D3	D3_taxid_2932880	['Pseudomonas aeruginosa']	['Bacteria; Pseudomonadota; Gammaproteobacteria; Pseudomonadales; Pseudomonadaceae; Pseudomonas; Pseudomonas aeruginosa group']
2907964	Pseudomonas phage D3112	Viruses; Duplodnaviria; Heunggongvirae; Uroviricota; Caudoviricetes; Casadabanvirus; Casadabanvirus D3112	D3112	D3112_taxid_2907964	['Pseudomonas aeruginosa']	['Bacteria; Pseudomonadota; Gammaproteobacteria; Pseudomonadales; Pseudomonadaceae; Pseudomonas; Pseudomonas aeruginosa group']
3025445	Pseudomonas phage D6	Viruses; Duplodnaviria; Heunggongvirae; Uroviricota; Caudoviricetes; unclassified Caudoviricetes	D6	D6_taxid_3025445	['Pseudomonas syringae pv. tomato str. DC3000']	['Bacteria; Pseudomonadota; Gammaproteobacteria; Pseudomonadales; Pseudomonadaceae; Pseudomonas; Pseudomonas syringae group; Pseudomonas syringae group genomosp. 3']
2719601	Pseudomonas phage datas	Viruses; Duplodnaviria; Heunggongvirae; Uroviricota; Caudoviricetes; Pbunavirus; Pbunavirus datas	datas	datas_taxid_2719601	['Pseudomonas aeruginosa PAO1']	['Bacteria; Pseudomonadota; Gammaproteobacteria; Pseudomonadales; Pseudomonadaceae; Pseudomonas; Pseudomonas aeruginosa group; Pseudomonas aeruginosa']
2759180	Pseudomonas phage DDSR119	Viruses; Duplodnaviria; Heunggongvirae; Uroviricota; Caudoviricetes; unclassified Caudoviricetes	DDSR119	DDSR119_taxid_2759180	['Pseudomonas putida']	['Bacteria; Pseudomonadota; Gammaproteobacteria; Pseudomonadales; Pseudomonadaceae; Pseudomonas; Pseudomonas putida group']
2719602	Pseudomonas phage debbie	Viruses; Duplodnaviria; Heunggongvirae; Uroviricota; Caudoviricetes; Pbunavirus; Pbunavirus LS1	debbie	debbie_taxid_2719602	['Pseudomonas aeruginosa PAO1']	['Bacteria; Pseudomonadota; Gammaproteobacteria; Pseudomonadales; Pseudomonadaceae; Pseudomonas; Pseudomonas aeruginosa group; Pseudomonas aeruginosa']
2053681	Pseudomonas phage Delta	Viruses; Duplodnaviria; Heunggongvirae; Uroviricota; Caudoviricetes; Bruynoghevirus; unclassified Bruynoghevirus	Delta	Delta_taxid_2053681	['Pseudomonas aeruginosa']	['Bacteria; Pseudomonadota; Gammaproteobacteria; Pseudomonadales; Pseudomonadaceae; Pseudomonas; Pseudomonas aeruginosa group']
1640975	Pseudomonas phage DL52	Viruses; Duplodnaviria; Heunggongvirae; Uroviricota; Caudoviricetes; Pbunavirus; Pbunavirus PB1	DL52	DL52_taxid_1640975	['Pseudomonas aeruginosa PAO1']	['Bacteria; Pseudomonadota; Gammaproteobacteria; Pseudomonadales; Pseudomonadaceae; Pseudomonas; Pseudomonas aeruginosa group; Pseudomonas aeruginosa']
1640969	Pseudomonas phage DL54	Viruses; Duplodnaviria; Heunggongvirae; Uroviricota; Caudoviricetes; Bruynoghevirus; unclassified Bruynoghevirus	DL54	DL54_taxid_1640969	['Pseudomonas aeruginosa PAO1']	['Bacteria; Pseudomonadota; Gammaproteobacteria; Pseudomonadales; Pseudomonadaceae; Pseudomonas; Pseudomonas aeruginosa group; Pseudomonas aeruginosa']
1640970	Pseudomonas phage DL60	Viruses; Duplodnaviria; Heunggongvirae; Uroviricota; Caudoviricetes; Pbunavirus; Pbunavirus DL60	DL60	DL60_taxid_1640970	['Pseudomonas aeruginosa PAO1']	['Bacteria; Pseudomonadota; Gammaproteobacteria; Pseudomonadales; Pseudomonadaceae; Pseudomonas; Pseudomonas aeruginosa group; Pseudomonas aeruginosa']
1640972	Pseudomonas phage DL62	Viruses; Duplodnaviria; Heunggongvirae; Uroviricota; Caudoviricetes; Autographiviridae; Krylovirinae; Phikmvvirus; Phikmvvirus DL62	DL62	DL62_taxid_1640972	['Pseudomonas aeruginosa PAO1']	['Bacteria; Pseudomonadota; Gammaproteobacteria; Pseudomonadales; Pseudomonadaceae; Pseudomonas; Pseudomonas aeruginosa group; Pseudomonas aeruginosa']
1640973	Pseudomonas phage DL64	Viruses; Duplodnaviria; Heunggongvirae; Uroviricota; Caudoviricetes; Schitoviridae; Migulavirinae; Litunavirus; Litunavirus LIT1	DL64	DL64_taxid_1640973	['Pseudomonas aeruginosa PAO1']	['Bacteria; Pseudomonadota; Gammaproteobacteria; Pseudomonadales; Pseudomonadaceae; Pseudomonas; Pseudomonas aeruginosa group; Pseudomonas aeruginosa']
1640974	Pseudomonas phage DL68	Viruses; Duplodnaviria; Heunggongvirae; Uroviricota; Caudoviricetes; Pbunavirus; Pseudomonas virus DL68	DL68	DL68_taxid_1640974	['Pseudomonas aeruginosa PAO1']	['Bacteria; Pseudomonadota; Gammaproteobacteria; Pseudomonadales; Pseudomonadaceae; Pseudomonas; Pseudomonas aeruginosa group; Pseudomonas aeruginosa']
2913973	Pseudomonas phage DMS3	Viruses; Duplodnaviria; Heunggongvirae; Uroviricota; Caudoviricetes; Casadabanvirus; Casadabanvirus DMS3	DMS3	DMS3_taxid_2913973	['Pseudomonas aeruginosa']	['Bacteria; Pseudomonadota; Gammaproteobacteria; Pseudomonadales; Pseudomonadaceae; Pseudomonas; Pseudomonas aeruginosa group']
2483611	Pseudomonas phage Dobby	Viruses; Duplodnaviria; Heunggongvirae; Uroviricota; Caudoviricetes; Peduoviridae; Citexvirus; Citexvirus dobby	Dobby	Dobby_taxid_2483611	['Pseudomonas aeruginosa']	['Bacteria; Pseudomonadota; Gammaproteobacteria; Pseudomonadales; Pseudomonadaceae; Pseudomonas; Pseudomonas aeruginosa group']
2762288	Pseudomonas phage Dolphis	Viruses; Duplodnaviria; Heunggongvirae; Uroviricota; Caudoviricetes; unclassified Caudoviricetes	Dolphis	Dolphis_taxid_2762288	['Pseudomonas putida']	['Bacteria; Pseudomonadota; Gammaproteobacteria; Pseudomonadales; Pseudomonadaceae; Pseudomonas; Pseudomonas putida group']
2660692	Pseudomonas phage DRL-P1	Viruses; Duplodnaviria; Heunggongvirae; Uroviricota; Caudoviricetes; Pbunavirus; unclassified Pbunavirus	DRL-P1	DRL-P1_taxid_2660692	['Pseudomonas aeruginosa']	['Bacteria; Pseudomonadota; Gammaproteobacteria; Pseudomonadales; Pseudomonadaceae; Pseudomonas; Pseudomonas aeruginosa group']
557989	Pseudomonas phage DVM-2008	Viruses; Duplodnaviria; Heunggongvirae; Uroviricota; Caudoviricetes; unclassified Caudoviricetes	DVM-2008	DVM-2008_taxid_557989	['Pseudomonas fluorescens Q8r1-96']	['Bacteria; Pseudomonadota; Gammaproteobacteria; Pseudomonadales; Pseudomonadaceae; Pseudomonas; Pseudomonas fluorescens group; Pseudomonas fluorescens']
3056215	Pseudomonas phage E2005-C	Viruses; Duplodnaviria; Heunggongvirae; Uroviricota; Caudoviricetes; Pbunavirus; unclassified Pbunavirus	E2005-C	E2005-C_taxid_3056215	['Pseudomonas aeruginosa']	['Bacteria; Pseudomonadota; Gammaproteobacteria; Pseudomonadales; Pseudomonadaceae; Pseudomonas; Pseudomonas aeruginosa group']
2282401	Pseudomonas phage E79	Viruses; Duplodnaviria; Heunggongvirae; Uroviricota; Caudoviricetes; Pbunavirus; Pbunavirus PB1	E79	E79_taxid_2282401	['Pseudomonas aeruginosa PAO1']	['Bacteria; Pseudomonadota; Gammaproteobacteria; Pseudomonadales; Pseudomonadaceae; Pseudomonas; Pseudomonas aeruginosa group; Pseudomonas aeruginosa']
2900147	Pseudomonas phage Eir4	Viruses; Duplodnaviria; Heunggongvirae; Uroviricota; Caudoviricetes; Autographiviridae; Studiervirinae; Ghunavirus; unclassified Ghunavirus	Eir4	Eir4_taxid_2900147	['Pseudomonas syringae pv. tomato str. DC3000']	['Bacteria; Pseudomonadota; Gammaproteobacteria; Pseudomonadales; Pseudomonadaceae; Pseudomonas; Pseudomonas syringae group; Pseudomonas syringae group genomosp. 3']
2900148	Pseudomonas phage Eisa9	Viruses; Duplodnaviria; Heunggongvirae; Uroviricota; Caudoviricetes; Autographiviridae; Pollyceevirus; unclassified Pollyceevirus	Eisa9	Eisa9_taxid_2900148	['Pseudomonas syringae pv. tomato str. DC3000']	['Bacteria; Pseudomonadota; Gammaproteobacteria; Pseudomonadales; Pseudomonadaceae; Pseudomonas; Pseudomonas syringae group; Pseudomonas syringae group genomosp. 3']
273133	Pseudomonas phage EL	Viruses; Duplodnaviria; Heunggongvirae; Uroviricota; Caudoviricetes; Elvirus; Elvirus EL	EL	EL_taxid_273133	['Pseudomonas aeruginosa']	['Bacteria; Pseudomonadota; Gammaproteobacteria; Pseudomonadales; Pseudomonadaceae; Pseudomonas; Pseudomonas aeruginosa group']
2719603	Pseudomonas phage elmo	Viruses; Duplodnaviria; Heunggongvirae; Uroviricota; Caudoviricetes; Pbunavirus; unclassified Pbunavirus	elmo	elmo_taxid_2719603	['Pseudomonas aeruginosa PAO1']	['Bacteria; Pseudomonadota; Gammaproteobacteria; Pseudomonadales; Pseudomonadaceae; Pseudomonas; Pseudomonas aeruginosa group; Pseudomonas aeruginosa']
2936914	Pseudomonas phage EM	Viruses; Duplodnaviria; Heunggongvirae; Uroviricota; Caudoviricetes; Pakpunavirus; unclassified Pakpunavirus	EM	EM_taxid_2936914	['Pseudomonas aeruginosa']	['Bacteria; Pseudomonadota; Gammaproteobacteria; Pseudomonadales; Pseudomonadaceae; Pseudomonas; Pseudomonas aeruginosa group']
3057492	Pseudomonas phage Ep4	Viruses; Duplodnaviria; Heunggongvirae; Uroviricota; Caudoviricetes; Autographiviridae; Slopekvirinae; unclassified Slopekvirinae	Ep4	Ep4_taxid_3057492	['Pseudomonas syringae pv. actinidiae']	['Bacteria; Pseudomonadota; Gammaproteobacteria; Pseudomonadales; Pseudomonadaceae; Pseudomonas; Pseudomonas syringae group; Pseudomonas syringae group genomosp. 1']
2719568	Pseudomonas phage Epa1	Viruses; Duplodnaviria; Heunggongvirae; Uroviricota; Caudoviricetes; Bruynoghevirus; Bruynoghevirus PaP3	Epa1	Epa1_taxid_2719568	['Pseudomonas sp.']	['Bacteria; Pseudomonadota; Gammaproteobacteria; Pseudomonadales; Pseudomonadaceae; Pseudomonas']
2719183	Pseudomonas phage Epa10	Viruses; Duplodnaviria; Heunggongvirae; Uroviricota; Caudoviricetes; Pbunavirus; Pbunavirus PA8P1	Epa10	Epa10_taxid_2719183	['Pseudomonas sp.']	['Bacteria; Pseudomonadota; Gammaproteobacteria; Pseudomonadales; Pseudomonadaceae; Pseudomonas']
2719569	Pseudomonas phage Epa11	Viruses; Duplodnaviria; Heunggongvirae; Uroviricota; Caudoviricetes; Pbunavirus; Pbunavirus PA8P1	Epa11	Epa11_taxid_2719569	['Pseudomonas sp.']	['Bacteria; Pseudomonadota; Gammaproteobacteria; Pseudomonadales; Pseudomonadaceae; Pseudomonas']
2719184	Pseudomonas phage Epa12	Viruses; Duplodnaviria; Heunggongvirae; Uroviricota; Caudoviricetes; Pbunavirus; Pbunavirus LS1	Epa12	Epa12_taxid_2719184	['Pseudomonas sp.']	['Bacteria; Pseudomonadota; Gammaproteobacteria; Pseudomonadales; Pseudomonadaceae; Pseudomonas']
2719185	Pseudomonas phage Epa13	Viruses; Duplodnaviria; Heunggongvirae; Uroviricota; Caudoviricetes; Pbunavirus; Pbunavirus BrSP1	Epa13	Epa13_taxid_2719185	['Pseudomonas sp.']	['Bacteria; Pseudomonadota; Gammaproteobacteria; Pseudomonadales; Pseudomonadaceae; Pseudomonas']
2719186	Pseudomonas phage Epa14	Viruses; Duplodnaviria; Heunggongvirae; Uroviricota; Caudoviricetes; Pbunavirus; Pbunavirus Epa14	Epa14	Epa14_taxid_2719186	['Pseudomonas sp.']	['Bacteria; Pseudomonadota; Gammaproteobacteria; Pseudomonadales; Pseudomonadaceae; Pseudomonas']
2733395	Pseudomonas phage Epa15	Viruses; Duplodnaviria; Heunggongvirae; Uroviricota; Caudoviricetes; Pbunavirus; Pbunavirus LS1	Epa15	Epa15_taxid_2733395	['Pseudomonas']	['Bacteria; Pseudomonadota; Gammaproteobacteria; Pseudomonadales; Pseudomonadaceae']
2719187	Pseudomonas phage Epa16	Viruses; Duplodnaviria; Heunggongvirae; Uroviricota; Caudoviricetes; Nankokuvirus; Nankokuvirus G1	Epa16	Epa16_taxid_2719187	['Pseudomonas sp.']	['Bacteria; Pseudomonadota; Gammaproteobacteria; Pseudomonadales; Pseudomonadaceae; Pseudomonas']
2719570	Pseudomonas phage Epa17	Viruses; Duplodnaviria; Heunggongvirae; Uroviricota; Caudoviricetes; Nankokuvirus; Nankokuvirus G1	Epa17	Epa17_taxid_2719570	['Pseudomonas sp.']	['Bacteria; Pseudomonadota; Gammaproteobacteria; Pseudomonadales; Pseudomonadaceae; Pseudomonas']
2719188	Pseudomonas phage Epa18	Viruses; Duplodnaviria; Heunggongvirae; Uroviricota; Caudoviricetes; Nankokuvirus; unclassified Nankokuvirus	Epa18	Epa18_taxid_2719188	['Pseudomonas sp.']	['Bacteria; Pseudomonadota; Gammaproteobacteria; Pseudomonadales; Pseudomonadaceae; Pseudomonas']
2719189	Pseudomonas phage Epa19	Viruses; Duplodnaviria; Heunggongvirae; Uroviricota; Caudoviricetes; Mesyanzhinovviridae; Bradleyvirinae; unclassified Bradleyvirinae	Epa19	Epa19_taxid_2719189	['Pseudomonas sp.']	['Bacteria; Pseudomonadota; Gammaproteobacteria; Pseudomonadales; Pseudomonadaceae; Pseudomonas']
2719571	Pseudomonas phage Epa2	Viruses; Duplodnaviria; Heunggongvirae; Uroviricota; Caudoviricetes; Bruynoghevirus; unclassified Bruynoghevirus	Epa2	Epa2_taxid_2719571	['Pseudomonas sp.']	['Bacteria; Pseudomonadota; Gammaproteobacteria; Pseudomonadales; Pseudomonadaceae; Pseudomonas']
2719190	Pseudomonas phage Epa20	Viruses; Duplodnaviria; Heunggongvirae; Uroviricota; Caudoviricetes; Pbunavirus; Pbunavirus LS1	Epa20	Epa20_taxid_2719190	['Pseudomonas sp.']	['Bacteria; Pseudomonadota; Gammaproteobacteria; Pseudomonadales; Pseudomonadaceae; Pseudomonas']
2719191	Pseudomonas phage Epa21	Viruses; Duplodnaviria; Heunggongvirae; Uroviricota; Caudoviricetes; Pbunavirus; Pbunavirus LS1	Epa21	Epa21_taxid_2719191	['Pseudomonas sp.']	['Bacteria; Pseudomonadota; Gammaproteobacteria; Pseudomonadales; Pseudomonadaceae; Pseudomonas']
2719572	Pseudomonas phage Epa22	Viruses; Duplodnaviria; Heunggongvirae; Uroviricota; Caudoviricetes; Pbunavirus; unclassified Pbunavirus	Epa22	Epa22_taxid_2719572	['Pseudomonas sp.']	['Bacteria; Pseudomonadota; Gammaproteobacteria; Pseudomonadales; Pseudomonadaceae; Pseudomonas']
2719573	Pseudomonas phage Epa24	Viruses; Duplodnaviria; Heunggongvirae; Uroviricota; Caudoviricetes; Nankokuvirus; Nankokuvirus G1	Epa24	Epa24_taxid_2719573	['Pseudomonas sp.']	['Bacteria; Pseudomonadota; Gammaproteobacteria; Pseudomonadales; Pseudomonadaceae; Pseudomonas']
2719192	Pseudomonas phage Epa25	Viruses; Duplodnaviria; Heunggongvirae; Uroviricota; Caudoviricetes; Pbunavirus; unclassified Pbunavirus	Epa25	Epa25_taxid_2719192	['Pseudomonas sp.']	['Bacteria; Pseudomonadota; Gammaproteobacteria; Pseudomonadales; Pseudomonadaceae; Pseudomonas']
2719193	Pseudomonas phage Epa26	Viruses; Duplodnaviria; Heunggongvirae; Uroviricota; Caudoviricetes; Nankokuvirus; Nankokuvirus G1	Epa26	Epa26_taxid_2719193	['Pseudomonas sp.']	['Bacteria; Pseudomonadota; Gammaproteobacteria; Pseudomonadales; Pseudomonadaceae; Pseudomonas']
2719194	Pseudomonas phage Epa33	Viruses; Duplodnaviria; Heunggongvirae; Uroviricota; Caudoviricetes; Hollowayvirus; unclassified Hollowayvirus	Epa33	Epa33_taxid_2719194	['Pseudomonas sp.']	['Bacteria; Pseudomonadota; Gammaproteobacteria; Pseudomonadales; Pseudomonadaceae; Pseudomonas']
2719195	Pseudomonas phage Epa38	Viruses; Duplodnaviria; Heunggongvirae; Uroviricota; Caudoviricetes; Mesyanzhinovviridae; Rabinowitzvirinae; Yuavirus; unclassified Yuavirus	Epa38	Epa38_taxid_2719195	['Pseudomonas sp.']	['Bacteria; Pseudomonadota; Gammaproteobacteria; Pseudomonadales; Pseudomonadaceae; Pseudomonas']
2719196	Pseudomonas phage Epa39	Viruses; Duplodnaviria; Heunggongvirae; Uroviricota; Caudoviricetes; Pbunavirus; Pbunavirus EPa61	Epa39	Epa39_taxid_2719196	['Pseudomonas sp.']	['Bacteria; Pseudomonadota; Gammaproteobacteria; Pseudomonadales; Pseudomonadaceae; Pseudomonas']
2719197	Pseudomonas phage Epa4	Viruses; Duplodnaviria; Heunggongvirae; Uroviricota; Caudoviricetes; Bruynoghevirus; Bruynoghevirus PAA2	Epa4	Epa4_taxid_2719197	['Pseudomonas sp.']	['Bacteria; Pseudomonadota; Gammaproteobacteria; Pseudomonadales; Pseudomonadaceae; Pseudomonas']
2719198	Pseudomonas phage Epa40	Viruses; Duplodnaviria; Heunggongvirae; Uroviricota; Caudoviricetes; Septimatrevirus; unclassified Septimatrevirus	Epa40	Epa40_taxid_2719198	['Pseudomonas sp.']	['Bacteria; Pseudomonadota; Gammaproteobacteria; Pseudomonadales; Pseudomonadaceae; Pseudomonas']
2719199	Pseudomonas phage Epa41	Viruses; Duplodnaviria; Heunggongvirae; Uroviricota; Caudoviricetes; Septimatrevirus; unclassified Septimatrevirus	Epa41	Epa41_taxid_2719199	['Pseudomonas sp.']	['Bacteria; Pseudomonadota; Gammaproteobacteria; Pseudomonadales; Pseudomonadaceae; Pseudomonas']
2719574	Pseudomonas phage Epa43	Viruses; Duplodnaviria; Heunggongvirae; Uroviricota; Caudoviricetes; Mesyanzhinovviridae; Bradleyvirinae; Epaquintavirus; unclassified Epaquintavirus	Epa43	Epa43_taxid_2719574	['Pseudomonas sp.']	['Bacteria; Pseudomonadota; Gammaproteobacteria; Pseudomonadales; Pseudomonadaceae; Pseudomonas']
2719575	Pseudomonas phage Epa5	Viruses; Duplodnaviria; Heunggongvirae; Uroviricota; Caudoviricetes; Mesyanzhinovviridae; Bradleyvirinae; Epaquintavirus; Epaquintavirus Epa5	Epa5	Epa5_taxid_2719575	['Pseudomonas sp.']	['Bacteria; Pseudomonadota; Gammaproteobacteria; Pseudomonadales; Pseudomonadaceae; Pseudomonas']
2719576	Pseudomonas phage Epa6	Viruses; Duplodnaviria; Heunggongvirae; Uroviricota; Caudoviricetes; Pbunavirus; Pbunavirus EPa61	Epa6	Epa6_taxid_2719576	['Pseudomonas sp.']	['Bacteria; Pseudomonadota; Gammaproteobacteria; Pseudomonadales; Pseudomonadaceae; Pseudomonas']
2307269	Pseudomonas phage EPa61	Viruses; Duplodnaviria; Heunggongvirae; Uroviricota; Caudoviricetes; Pbunavirus; Pbunavirus EPa61	EPa61	EPa61_taxid_2307269	['Pseudomonas']	['Bacteria; Pseudomonadota; Gammaproteobacteria; Pseudomonadales; Pseudomonadaceae']
2719200	Pseudomonas phage Epa7	Viruses; Duplodnaviria; Heunggongvirae; Uroviricota; Caudoviricetes; Pbunavirus; Pbunavirus Epa7	Epa7	Epa7_taxid_2719200	['Pseudomonas sp.']	['Bacteria; Pseudomonadota; Gammaproteobacteria; Pseudomonadales; Pseudomonadaceae; Pseudomonas']
347324	Pseudomonas phage F10	Viruses; Duplodnaviria; Heunggongvirae; Uroviricota; Caudoviricetes; unclassified Caudoviricetes	F10	F10_taxid_347324	['Pseudomonas aeruginosa']	['Bacteria; Pseudomonadota; Gammaproteobacteria; Pseudomonadales; Pseudomonadaceae; Pseudomonas; Pseudomonas aeruginosa group']
2679904	Pseudomonas phage F116	Viruses; Duplodnaviria; Heunggongvirae; Uroviricota; Caudoviricetes; Hollowayvirus; Hollowayvirus F116	F116	F116_taxid_2679904	['Pseudomonas aeruginosa']	['Bacteria; Pseudomonadota; Gammaproteobacteria; Pseudomonadales; Pseudomonadaceae; Pseudomonas; Pseudomonas aeruginosa group']
347329	Pseudomonas phage F8	Viruses; Duplodnaviria; Heunggongvirae; Uroviricota; Caudoviricetes; Pbunavirus; Pbunavirus F8	F8	F8_taxid_347329	['Pseudomonas aeruginosa']	['Bacteria; Pseudomonadota; Gammaproteobacteria; Pseudomonadales; Pseudomonadaceae; Pseudomonas; Pseudomonas aeruginosa group']
2301634	Pseudomonas phage Fc02	Viruses; Duplodnaviria; Heunggongvirae; Uroviricota; Caudoviricetes; unclassified Caudoviricetes	Fc02	Fc02_taxid_2301634	['Pseudomonas aeruginosa', 'Pseudomonas aeruginosa PAO1']	['Bacteria; Pseudomonadota; Gammaproteobacteria; Pseudomonadales; Pseudomonadaceae; Pseudomonas; Pseudomonas aeruginosa group', 'Bacteria; Pseudomonadota; Gammaproteobacteria; Pseudomonadales; Pseudomonadaceae; Pseudomonas; Pseudomonas aeruginosa group; Pseudomonas aeruginosa']
2301635	Pseudomonas phage Fc22	Viruses; Duplodnaviria; Heunggongvirae; Uroviricota; Caudoviricetes; unclassified Caudoviricetes	Fc22	Fc22_taxid_2301635	['Pseudomonas aeruginosa']	['Bacteria; Pseudomonadota; Gammaproteobacteria; Pseudomonadales; Pseudomonadaceae; Pseudomonas; Pseudomonas aeruginosa group']
3015290	Pseudomonas phage FIM	Viruses; Duplodnaviria; Heunggongvirae; Uroviricota; Caudoviricetes; Pbunavirus; unclassified Pbunavirus	FIM	FIM_taxid_3015290	['Pseudomonas aeruginosa']	['Bacteria; Pseudomonadota; Gammaproteobacteria; Pseudomonadales; Pseudomonadaceae; Pseudomonas; Pseudomonas aeruginosa group']
3015288	Pseudomonas phage FJK	Viruses; Duplodnaviria; Heunggongvirae; Uroviricota; Caudoviricetes; Bruynoghevirus; unclassified Bruynoghevirus	FJK	FJK_taxid_3015288	['Pseudomonas aeruginosa']	['Bacteria; Pseudomonadota; Gammaproteobacteria; Pseudomonadales; Pseudomonadaceae; Pseudomonas; Pseudomonas aeruginosa group']
2873452	Pseudomonas phage FMS	Viruses; Duplodnaviria; Heunggongvirae; Uroviricota; Caudoviricetes; Autographiviridae; Studiervirinae; Ghunavirus; Ghunavirus shl2	FMS	FMS_taxid_2873452	['Pseudomonas syringae pv. tomato']	['Bacteria; Pseudomonadota; Gammaproteobacteria; Pseudomonadales; Pseudomonadaceae; Pseudomonas; Pseudomonas syringae group']
2719836	Pseudomonas phage fnug	Viruses; Duplodnaviria; Heunggongvirae; Uroviricota; Caudoviricetes; Phikzvirus; Phikzvirus phiKZ	fnug	fnug_taxid_2719836	['Pseudomonas aeruginosa PAO1']	['Bacteria; Pseudomonadota; Gammaproteobacteria; Pseudomonadales; Pseudomonadaceae; Pseudomonas; Pseudomonas aeruginosa group; Pseudomonas aeruginosa']
2861366	Pseudomonas phage FRS	Viruses; Duplodnaviria; Heunggongvirae; Uroviricota; Caudoviricetes; Autographiviridae; Studiervirinae; Ghunavirus; Ghunavirus 17A	FRS	FRS_taxid_2861366	['Pseudomonas syringae pv. tomato']	['Bacteria; Pseudomonadota; Gammaproteobacteria; Pseudomonadales; Pseudomonadaceae; Pseudomonas; Pseudomonas syringae group']
3003696	Pseudomonas phage Fyn8	Viruses; Duplodnaviria; Heunggongvirae; Uroviricota; Caudoviricetes; unclassified Caudoviricetes	Fyn8	Fyn8_taxid_3003696	['Pseudomonas aeruginosa PAO1']	['Bacteria; Pseudomonadota; Gammaproteobacteria; Pseudomonadales; Pseudomonadaceae; Pseudomonas; Pseudomonas aeruginosa group; Pseudomonas aeruginosa']
1542103	Pseudomonas phage F_ET309sp/Pa1651	Viruses; Duplodnaviria; Heunggongvirae; Uroviricota; Caudoviricetes; Casadabanvirus; unclassified Casadabanvirus	F_ET309sp/Pa1651	F_ET309sp/Pa1651_taxid_1542103	['Pseudomonas']	['Bacteria; Pseudomonadota; Gammaproteobacteria; Pseudomonadales; Pseudomonadaceae']
2923005	Pseudomonas phage F_HA0480sp/Pa1651	Viruses; Duplodnaviria; Heunggongvirae; Uroviricota; Caudoviricetes; Casadabanvirus; Casadabanvirus FHA0480	F_HA0480sp/Pa1651	F_HA0480sp/Pa1651_taxid_2923005	['Pseudomonas']	['Bacteria; Pseudomonadota; Gammaproteobacteria; Pseudomonadales; Pseudomonadaceae']
1701859	Pseudomonas phage Gallinipper	Viruses; Duplodnaviria; Heunggongvirae; Uroviricota; Caudoviricetes; Pbunavirus; Pbunavirus PB1	Gallinipper	Gallinipper_taxid_1701859	['Pseudomonas aeruginosa']	['Bacteria; Pseudomonadota; Gammaproteobacteria; Pseudomonadales; Pseudomonadaceae; Pseudomonas; Pseudomonas aeruginosa group']
197783	Pseudomonas phage gh-1	Viruses; Duplodnaviria; Heunggongvirae; Uroviricota; Caudoviricetes; Autographiviridae; Studiervirinae; Ghunavirus; Ghunavirus gh1	gh-1	gh-1_taxid_197783	['Pseudomonas putida']	['Bacteria; Pseudomonadota; Gammaproteobacteria; Pseudomonadales; Pseudomonadaceae; Pseudomonas; Pseudomonas putida group']
2719604	Pseudomonas phage goodold	Viruses; Duplodnaviria; Heunggongvirae; Uroviricota; Caudoviricetes; Pbunavirus; unclassified Pbunavirus	goodold	goodold_taxid_2719604	['Pseudomonas aeruginosa PAO1']	['Bacteria; Pseudomonadota; Gammaproteobacteria; Pseudomonadales; Pseudomonadaceae; Pseudomonas; Pseudomonas aeruginosa group; Pseudomonas aeruginosa']
2719837	Pseudomonas phage goonie	Viruses; Duplodnaviria; Heunggongvirae; Uroviricota; Caudoviricetes; Pbunavirus; Pbunavirus LMA2	goonie	goonie_taxid_2719837	['Pseudomonas aeruginosa PAO1']	['Bacteria; Pseudomonadota; Gammaproteobacteria; Pseudomonadales; Pseudomonadaceae; Pseudomonas; Pseudomonas aeruginosa group; Pseudomonas aeruginosa']
2055238	Pseudomonas phage GP100	Viruses; Duplodnaviria; Heunggongvirae; Uroviricota; Caudoviricetes; Zobellviridae; unclassified Zobellviridae	GP100	GP100_taxid_2055238	['Pseudomonas']	['Bacteria; Pseudomonadota; Gammaproteobacteria; Pseudomonadales; Pseudomonadaceae']
2872676	Pseudomonas phage Guyu	Viruses; Duplodnaviria; Heunggongvirae; Uroviricota; Caudoviricetes; Septimatrevirus; unclassified Septimatrevirus	Guyu	Guyu_taxid_2872676	['Pseudomonas aeruginosa']	['Bacteria; Pseudomonadota; Gammaproteobacteria; Pseudomonadales; Pseudomonadaceae; Pseudomonas; Pseudomonas aeruginosa group']
2928683	Pseudomonas phage H66	Viruses; Duplodnaviria; Heunggongvirae; Uroviricota; Caudoviricetes; Hollowayvirus; Hollowayvirus H66	H66	H66_taxid_2928683	['Pseudomonas aeruginosa PAO1']	['Bacteria; Pseudomonadota; Gammaproteobacteria; Pseudomonadales; Pseudomonadaceae; Pseudomonas; Pseudomonas aeruginosa group; Pseudomonas aeruginosa']
1536596	Pseudomonas phage H70	Viruses; Duplodnaviria; Heunggongvirae; Uroviricota; Caudoviricetes; Casadabanvirus; unclassified Casadabanvirus	H70	H70_taxid_1536596	['Pseudomonas aeruginosa']	['Bacteria; Pseudomonadota; Gammaproteobacteria; Pseudomonadales; Pseudomonadaceae; Pseudomonas; Pseudomonas aeruginosa group']
2301636	Pseudomonas phage H71	Viruses; Duplodnaviria; Heunggongvirae; Uroviricota; Caudoviricetes; unclassified Caudoviricetes	H71	H71_taxid_2301636	['Pseudomonas aeruginosa']	['Bacteria; Pseudomonadota; Gammaproteobacteria; Pseudomonadales; Pseudomonadaceae; Pseudomonas; Pseudomonas aeruginosa group']
2301637	Pseudomonas phage H72	Viruses; Duplodnaviria; Heunggongvirae; Uroviricota; Caudoviricetes; unclassified Caudoviricetes	H72	H72_taxid_2301637	['Pseudomonas aeruginosa']	['Bacteria; Pseudomonadota; Gammaproteobacteria; Pseudomonadales; Pseudomonadaceae; Pseudomonas; Pseudomonas aeruginosa group']
3065398	Pseudomonas phage Hadban	Viruses; Duplodnaviria; Heunggongvirae; Uroviricota; Caudoviricetes; unclassified Caudoviricetes	Hadban	Hadban_taxid_3065398	['Pseudomonas aeruginosa']	['Bacteria; Pseudomonadota; Gammaproteobacteria; Pseudomonadales; Pseudomonadaceae; Pseudomonas; Pseudomonas aeruginosa group']
2912595	Pseudomonas phage hairong	Viruses; Duplodnaviria; Heunggongvirae; Uroviricota; Caudoviricetes; Nickievirus; unclassified Nickievirus	hairong	hairong_taxid_2912595	['Pseudomonas syringae pv. actinidiae']	['Bacteria; Pseudomonadota; Gammaproteobacteria; Pseudomonadales; Pseudomonadaceae; Pseudomonas; Pseudomonas syringae group; Pseudomonas syringae group genomosp. 1']
2079287	Pseudomonas phage Henninger	Viruses; Duplodnaviria; Heunggongvirae; Uroviricota; Caudoviricetes; Autographiviridae; Studiervirinae; Ghunavirus; Ghunavirus henninger	Henninger	Henninger_taxid_2079287	['Pseudomonas sp.']	['Bacteria; Pseudomonadota; Gammaproteobacteria; Pseudomonadales; Pseudomonadaceae; Pseudomonas']
2499902	Pseudomonas phage Henu5	Viruses; Duplodnaviria; Heunggongvirae; Uroviricota; Caudoviricetes; Pakpunavirus; Pakpunavirus zigelbrucke	Henu5	Henu5_taxid_2499902	['Pseudomonas aeruginosa']	['Bacteria; Pseudomonadota; Gammaproteobacteria; Pseudomonadales; Pseudomonadaceae; Pseudomonas; Pseudomonas aeruginosa group']
3018995	Pseudomonas phage HJ01	Viruses; Duplodnaviria; Heunggongvirae; Uroviricota; Caudoviricetes; Pakpunavirus; unclassified Pakpunavirus	HJ01	HJ01_taxid_3018995	['Pseudomonas aeruginosa']	['Bacteria; Pseudomonadota; Gammaproteobacteria; Pseudomonadales; Pseudomonadaceae; Pseudomonas; Pseudomonas aeruginosa group']
3028473	Pseudomonas phage HMGUpa1	Viruses; Duplodnaviria; Heunggongvirae; Uroviricota; Caudoviricetes; Septimatrevirus; unclassified Septimatrevirus	HMGUpa1	HMGUpa1_taxid_3028473	['Pseudomonas aeruginosa DSM 50071 = NBRC 12689']	['Bacteria; Pseudomonadota; Gammaproteobacteria; Pseudomonadales; Pseudomonadaceae; Pseudomonas; Pseudomonas aeruginosa group; Pseudomonas aeruginosa']
3028474	Pseudomonas phage HMGUpa2	Viruses; Duplodnaviria; Heunggongvirae; Uroviricota; Caudoviricetes; Bruynoghevirus; unclassified Bruynoghevirus	HMGUpa2	HMGUpa2_taxid_3028474	['Pseudomonas aeruginosa DSM 50071 = NBRC 12689']	['Bacteria; Pseudomonadota; Gammaproteobacteria; Pseudomonadales; Pseudomonadaceae; Pseudomonas; Pseudomonas aeruginosa group; Pseudomonas aeruginosa']
2056127	Pseudomonas phage HU1	Viruses; Duplodnaviria; Heunggongvirae; Uroviricota; Caudoviricetes; unclassified Caudoviricetes	HU1	HU1_taxid_2056127	['Pseudomonas lactis']	['Bacteria; Pseudomonadota; Gammaproteobacteria; Pseudomonadales; Pseudomonadaceae; Pseudomonas']
2797114	Pseudomonas phage HX1	Viruses; Duplodnaviria; Heunggongvirae; Uroviricota; Caudoviricetes; Autographiviridae; Krylovirinae; Phikmvvirus; unclassified Phikmvvirus	HX1	HX1_taxid_2797114	['Pseudomonas aeruginosa']	['Bacteria; Pseudomonadota; Gammaproteobacteria; Pseudomonadales; Pseudomonadaceae; Pseudomonas; Pseudomonas aeruginosa group']
3050367	Pseudomonas phage HZ2201	Viruses; Duplodnaviria; Heunggongvirae; Uroviricota; Caudoviricetes; Bruynoghevirus; unclassified Bruynoghevirus	HZ2201	HZ2201_taxid_3050367	['Pseudomonas aeruginosa PAO1']	['Bacteria; Pseudomonadota; Gammaproteobacteria; Pseudomonadales; Pseudomonadaceae; Pseudomonas; Pseudomonas aeruginosa group; Pseudomonas aeruginosa']
2592193	Pseudomonas phage Iggy	Viruses; Duplodnaviria; Heunggongvirae; Uroviricota; Caudoviricetes; unclassified Caudoviricetes	Iggy	Iggy_taxid_2592193	['Pseudomonas aeruginosa']	['Bacteria; Pseudomonadota; Gammaproteobacteria; Pseudomonadales; Pseudomonadaceae; Pseudomonas; Pseudomonas aeruginosa group']
2041348	Pseudomonas phage IME180	Viruses; Duplodnaviria; Heunggongvirae; Uroviricota; Caudoviricetes; Zobellviridae; Paundecimvirus; unclassified Paundecimvirus	IME180	IME180_taxid_2041348	['Pseudomonas aeruginosa']	['Bacteria; Pseudomonadota; Gammaproteobacteria; Pseudomonadales; Pseudomonadaceae; Pseudomonas; Pseudomonas aeruginosa group']
2048976	Pseudomonas phage inbricus	Viruses; Duplodnaviria; Heunggongvirae; Uroviricota; Caudoviricetes; Schitoviridae; Rothmandenesvirinae; Inbricusvirus; Inbricusvirus inbricus	inbricus	inbricus_taxid_2048976	['Pseudomonas syringae pv. avii']	['Bacteria; Pseudomonadota; Gammaproteobacteria; Pseudomonadales; Pseudomonadaceae; Pseudomonas; Pseudomonas syringae group; Pseudomonas syringae group genomosp. 1']
2996161	Pseudomonas phage IR-QUMS-PaBa1-GHS-2021	Viruses; Duplodnaviria; Heunggongvirae; Uroviricota; Caudoviricetes; Elvirus; unclassified Elvirus	IR-QUMS-PaBa1-GHS-2021	IR-QUMS-PaBa1-GHS-2021_taxid_2996161	['Pseudomonas aeruginosa']	['Bacteria; Pseudomonadota; Gammaproteobacteria; Pseudomonadales; Pseudomonadaceae; Pseudomonas; Pseudomonas aeruginosa group']
2544984	Pseudomonas phage ITTPL	Viruses; Duplodnaviria; Heunggongvirae; Uroviricota; Caudoviricetes; Pakpunavirus; unclassified Pakpunavirus	ITTPL	ITTPL_taxid_2544984	['Pseudomonas aeruginosa']	['Bacteria; Pseudomonadota; Gammaproteobacteria; Pseudomonadales; Pseudomonadaceae; Pseudomonas; Pseudomonas aeruginosa group']
2805750	Pseudomonas phage Itty13	Viruses; Duplodnaviria; Heunggongvirae; Uroviricota; Caudoviricetes; unclassified Caudoviricetes	Itty13	Itty13_taxid_2805750	['Pseudomonas aeruginosa']	['Bacteria; Pseudomonadota; Gammaproteobacteria; Pseudomonadales; Pseudomonadaceae; Pseudomonas; Pseudomonas aeruginosa group']
3028140	Pseudomonas phage JB10	Viruses; Duplodnaviria; Heunggongvirae; Uroviricota; Caudoviricetes; Autographiviridae; Krylovirinae; Phikmvvirus; unclassified Phikmvvirus	JB10	JB10_taxid_3028140	['Pseudomonas aeruginosa PAO1']	['Bacteria; Pseudomonadota; Gammaproteobacteria; Pseudomonadales; Pseudomonadaceae; Pseudomonas; Pseudomonas aeruginosa group; Pseudomonas aeruginosa']
1777051	Pseudomonas phage JBD16C	Viruses; Duplodnaviria; Heunggongvirae; Uroviricota; Caudoviricetes; Casadabanvirus; Casadabanvirus MP22	JBD16C	JBD16C_taxid_1777051	['Pseudomonas aeruginosa PA14']	['Bacteria; Pseudomonadota; Gammaproteobacteria; Pseudomonadales; Pseudomonadaceae; Pseudomonas; Pseudomonas aeruginosa group; Pseudomonas aeruginosa']
1223259	Pseudomonas phage JBD24	Viruses; Duplodnaviria; Heunggongvirae; Uroviricota; Caudoviricetes; Casadabanvirus; unclassified Casadabanvirus	JBD24	JBD24_taxid_1223259	['Pseudomonas aeruginosa PA14']	['Bacteria; Pseudomonadota; Gammaproteobacteria; Pseudomonadales; Pseudomonadaceae; Pseudomonas; Pseudomonas aeruginosa group; Pseudomonas aeruginosa']
1225792	Pseudomonas phage JBD25	Viruses; Duplodnaviria; Heunggongvirae; Uroviricota; Caudoviricetes; unclassified Caudoviricetes	JBD25	JBD25_taxid_1225792	['Pseudomonas', 'Pseudomonas aeruginosa PA14']	['Bacteria; Pseudomonadota; Gammaproteobacteria; Pseudomonadales; Pseudomonadaceae', 'Bacteria; Pseudomonadota; Gammaproteobacteria; Pseudomonadales; Pseudomonadaceae; Pseudomonas; Pseudomonas aeruginosa group; Pseudomonas aeruginosa']
1093672	Pseudomonas phage JBD26	Viruses; Duplodnaviria; Heunggongvirae; Uroviricota; Caudoviricetes; Casadabanvirus; Casadabanvirus D3112	JBD26	JBD26_taxid_1093672	['Escherichia coli', 'Pseudomonas aeruginosa PAO1']	['Bacteria; Pseudomonadota; Gammaproteobacteria; Enterobacterales; Enterobacteriaceae; Escherichia', 'Bacteria; Pseudomonadota; Gammaproteobacteria; Pseudomonadales; Pseudomonadaceae; Pseudomonas; Pseudomonas aeruginosa group; Pseudomonas aeruginosa']
1223260	Pseudomonas phage JBD30	Viruses; Duplodnaviria; Heunggongvirae; Uroviricota; Caudoviricetes; Casadabanvirus; unclassified Casadabanvirus	JBD30	JBD30_taxid_1223260	['Pseudomonas aeruginosa PA14']	['Bacteria; Pseudomonadota; Gammaproteobacteria; Pseudomonadales; Pseudomonadaceae; Pseudomonas; Pseudomonas aeruginosa group; Pseudomonas aeruginosa']
1777052	Pseudomonas phage JBD44	Viruses; Duplodnaviria; Heunggongvirae; Uroviricota; Caudoviricetes; unclassified Caudoviricetes	JBD44	JBD44_taxid_1777052	['Pseudomonas aeruginosa PA14']	['Bacteria; Pseudomonadota; Gammaproteobacteria; Pseudomonadales; Pseudomonadaceae; Pseudomonas; Pseudomonas aeruginosa group; Pseudomonas aeruginosa']
1223261	Pseudomonas phage JBD5	Viruses; Duplodnaviria; Heunggongvirae; Uroviricota; Caudoviricetes; Casadabanvirus; unclassified Casadabanvirus	JBD5	JBD5_taxid_1223261	['Pseudomonas aeruginosa PA14']	['Bacteria; Pseudomonadota; Gammaproteobacteria; Pseudomonadales; Pseudomonadaceae; Pseudomonas; Pseudomonas aeruginosa group; Pseudomonas aeruginosa']
1225793	Pseudomonas phage JBD67	Viruses; Duplodnaviria; Heunggongvirae; Uroviricota; Caudoviricetes; Beetrevirus; Beetrevirus JBD67	JBD67	JBD67_taxid_1225793	['Pseudomonas']	['Bacteria; Pseudomonadota; Gammaproteobacteria; Pseudomonadales; Pseudomonadaceae']
1542116	Pseudomonas phage JBD68	Viruses; Duplodnaviria; Heunggongvirae; Uroviricota; Caudoviricetes; unclassified Caudoviricetes	JBD68	JBD68_taxid_1542116	['Pseudomonas aeruginosa PAO1']	['Bacteria; Pseudomonadota; Gammaproteobacteria; Pseudomonadales; Pseudomonadaceae; Pseudomonas; Pseudomonas aeruginosa group; Pseudomonas aeruginosa']
1777053	Pseudomonas phage JBD69	Viruses; Duplodnaviria; Heunggongvirae; Uroviricota; Caudoviricetes; Casadabanvirus; unclassified Casadabanvirus	JBD69	JBD69_taxid_1777053	['Pseudomonas aeruginosa PA14']	['Bacteria; Pseudomonadota; Gammaproteobacteria; Pseudomonadales; Pseudomonadaceae; Pseudomonas; Pseudomonas aeruginosa group; Pseudomonas aeruginosa']
1223262	Pseudomonas phage JBD88a	Viruses; Duplodnaviria; Heunggongvirae; Uroviricota; Caudoviricetes; Casadabanvirus; Casadabanvirus MP22	JBD88a	JBD88a_taxid_1223262	['Pseudomonas aeruginosa PA14']	['Bacteria; Pseudomonadota; Gammaproteobacteria; Pseudomonadales; Pseudomonadaceae; Pseudomonas; Pseudomonas aeruginosa group; Pseudomonas aeruginosa']
1777054	Pseudomonas phage JBD93	Viruses; Duplodnaviria; Heunggongvirae; Uroviricota; Caudoviricetes; Casadabanvirus; unclassified Casadabanvirus	JBD93	JBD93_taxid_1777054	['Pseudomonas aeruginosa PA14']	['Bacteria; Pseudomonadota; Gammaproteobacteria; Pseudomonadales; Pseudomonadaceae; Pseudomonas; Pseudomonas aeruginosa group; Pseudomonas aeruginosa']
1481224	Pseudomonas phage JD024	Viruses; Duplodnaviria; Heunggongvirae; Uroviricota; Caudoviricetes; Casadabanvirus; unclassified Casadabanvirus	JD024	JD024_taxid_1481224	['Pseudomonas aeruginosa']	['Bacteria; Pseudomonadota; Gammaproteobacteria; Pseudomonadales; Pseudomonadaceae; Pseudomonas; Pseudomonas aeruginosa group']
1225791	Pseudomonas phage JD18	Viruses; Duplodnaviria; Heunggongvirae; Uroviricota; Caudoviricetes; Beetrevirus; Beetrevirus JD18	JD18	JD18_taxid_1225791	['Pseudomonas aeruginosa PA14']	['Bacteria; Pseudomonadota; Gammaproteobacteria; Pseudomonadales; Pseudomonadaceae; Pseudomonas; Pseudomonas aeruginosa group; Pseudomonas aeruginosa']
2719605	Pseudomonas phage jett	Viruses; Duplodnaviria; Heunggongvirae; Uroviricota; Caudoviricetes; Pbunavirus; Pbunavirus pv141	jett	jett_taxid_2719605	['Pseudomonas aeruginosa PAO1']	['Bacteria; Pseudomonadota; Gammaproteobacteria; Pseudomonadales; Pseudomonadaceae; Pseudomonas; Pseudomonas aeruginosa group; Pseudomonas aeruginosa']
757342	Pseudomonas phage JG004	Viruses; Duplodnaviria; Heunggongvirae; Uroviricota; Caudoviricetes; Pakpunavirus; Pakpunavirus JG004	JG004	JG004_taxid_757342	['Pseudomonas aeruginosa']	['Bacteria; Pseudomonadota; Gammaproteobacteria; Pseudomonadales; Pseudomonadaceae; Pseudomonas; Pseudomonas aeruginosa group']
1970799	Pseudomonas phage JG012	Viruses; Duplodnaviria; Heunggongvirae; Uroviricota; Caudoviricetes; Queuovirinae; Nipunavirus; Nipunavirus NP1	JG012	JG012_taxid_1970799	['Pseudomonas aeruginosa']	['Bacteria; Pseudomonadota; Gammaproteobacteria; Pseudomonadales; Pseudomonadaceae; Pseudomonas; Pseudomonas aeruginosa group']
749447	Pseudomonas phage JG024	Viruses; Duplodnaviria; Heunggongvirae; Uroviricota; Caudoviricetes; Pbunavirus; Pseudomonas virus JG024	JG024	JG024_taxid_749447	['Pseudomonas aeruginosa']	['Bacteria; Pseudomonadota; Gammaproteobacteria; Pseudomonadales; Pseudomonadaceae; Pseudomonas; Pseudomonas aeruginosa group']
1970800	Pseudomonas phage JG054	Viruses; Duplodnaviria; Heunggongvirae; Uroviricota; Caudoviricetes; Queuovirinae; Nipunavirus; unclassified Nipunavirus	JG054	JG054_taxid_1970800	['Pseudomonas aeruginosa']	['Bacteria; Pseudomonadota; Gammaproteobacteria; Pseudomonadales; Pseudomonadaceae; Pseudomonas; Pseudomonas aeruginosa group']
2544985	Pseudomonas phage JHP	Viruses; Duplodnaviria; Heunggongvirae; Uroviricota; Caudoviricetes; Pakpunavirus; unclassified Pakpunavirus	JHP	JHP_taxid_2544985	['Pseudomonas aeruginosa']	['Bacteria; Pseudomonadota; Gammaproteobacteria; Pseudomonadales; Pseudomonadaceae; Pseudomonas; Pseudomonas aeruginosa group']
2939124	Pseudomonas phage JJ01	Viruses; Duplodnaviria; Heunggongvirae; Uroviricota; Caudoviricetes; Pbunavirus; unclassified Pbunavirus	JJ01	JJ01_taxid_2939124	['Pseudomonas aeruginosa PAO1']	['Bacteria; Pseudomonadota; Gammaproteobacteria; Pseudomonadales; Pseudomonadaceae; Pseudomonas; Pseudomonas aeruginosa group; Pseudomonas aeruginosa']
1701860	Pseudomonas phage Jollyroger	Viruses; Duplodnaviria; Heunggongvirae; Uroviricota; Caudoviricetes; Pbunavirus; Pbunavirus PB1	Jollyroger	Jollyroger_taxid_1701860	['Pseudomonas aeruginosa']	['Bacteria; Pseudomonadota; Gammaproteobacteria; Pseudomonadales; Pseudomonadaceae; Pseudomonas; Pseudomonas aeruginosa group']
2873453	Pseudomonas phage JOR	Viruses; Duplodnaviria; Heunggongvirae; Uroviricota; Caudoviricetes; Autographiviridae; Studiervirinae; Ghunavirus; unclassified Ghunavirus	JOR	JOR_taxid_2873453	['Pseudomonas syringae pv. tomato']	['Bacteria; Pseudomonadota; Gammaproteobacteria; Pseudomonadales; Pseudomonadaceae; Pseudomonas; Pseudomonas syringae group']
2839956	Pseudomonas phage K4	Viruses; Duplodnaviria; Heunggongvirae; Uroviricota; Caudoviricetes; Zobellviridae; Paundecimvirus; unclassified Paundecimvirus	K4	K4_taxid_2839956	['Pseudomonas aeruginosa']	['Bacteria; Pseudomonadota; Gammaproteobacteria; Pseudomonadales; Pseudomonadaceae; Pseudomonas; Pseudomonas aeruginosa group']
1777072	Pseudomonas phage K5	Viruses; Duplodnaviria; Heunggongvirae; Uroviricota; Caudoviricetes; Pakpunavirus; unclassified Pakpunavirus	K5	K5_taxid_1777072	['Pseudomonas aeruginosa PAK']	['Bacteria; Pseudomonadota; Gammaproteobacteria; Pseudomonadales; Pseudomonadaceae; Pseudomonas; Pseudomonas aeruginosa group; Pseudomonas aeruginosa']
1716041	Pseudomonas phage K8	Viruses; Duplodnaviria; Heunggongvirae; Uroviricota; Caudoviricetes; Pakpunavirus; unclassified Pakpunavirus	K8	K8_taxid_1716041	['Pseudomonas aeruginosa PAK']	['Bacteria; Pseudomonadota; Gammaproteobacteria; Pseudomonadales; Pseudomonadaceae; Pseudomonas; Pseudomonas aeruginosa group; Pseudomonas aeruginosa']
2982899	Pseudomonas phage Ka1	Viruses; Duplodnaviria; Heunggongvirae; Uroviricota; Caudoviricetes; Bruynoghevirus; unclassified Bruynoghevirus	Ka1	Ka1_taxid_2982899	['Pseudomonas']	['Bacteria; Pseudomonadota; Gammaproteobacteria; Pseudomonadales; Pseudomonadaceae']
2945904	Pseudomonas phage Ka2	Viruses; Duplodnaviria; Heunggongvirae; Uroviricota; Caudoviricetes; Pbunavirus; unclassified Pbunavirus	Ka2	Ka2_taxid_2945904	['Pseudomonas aeruginosa']	['Bacteria; Pseudomonadota; Gammaproteobacteria; Pseudomonadales; Pseudomonadaceae; Pseudomonas; Pseudomonas aeruginosa group']
2979339	Pseudomonas phage Kara-mokiny kep-wari Wadjak 10	Viruses; Duplodnaviria; Heunggongvirae; Uroviricota; Caudoviricetes; Pbunavirus; unclassified Pbunavirus	Kara-mokiny_kep-wari_Wadjak_10	Kara-mokiny_kep-wari_Wadjak_10_taxid_2979339	['Pseudomonas aeruginosa']	['Bacteria; Pseudomonadota; Gammaproteobacteria; Pseudomonadales; Pseudomonadaceae; Pseudomonas; Pseudomonas aeruginosa group']
2979340	Pseudomonas phage Kara-mokiny kep-wari Wadjak 11	Viruses; Duplodnaviria; Heunggongvirae; Uroviricota; Caudoviricetes; Pbunavirus; unclassified Pbunavirus	Kara-mokiny_kep-wari_Wadjak_11	Kara-mokiny_kep-wari_Wadjak_11_taxid_2979340	['Pseudomonas aeruginosa']	['Bacteria; Pseudomonadota; Gammaproteobacteria; Pseudomonadales; Pseudomonadaceae; Pseudomonas; Pseudomonas aeruginosa group']
2979341	Pseudomonas phage Kara-mokiny kep-wari Wadjak 12	Viruses; Duplodnaviria; Heunggongvirae; Uroviricota; Caudoviricetes; Pbunavirus; unclassified Pbunavirus	Kara-mokiny_kep-wari_Wadjak_12	Kara-mokiny_kep-wari_Wadjak_12_taxid_2979341	['Pseudomonas aeruginosa']	['Bacteria; Pseudomonadota; Gammaproteobacteria; Pseudomonadales; Pseudomonadaceae; Pseudomonas; Pseudomonas aeruginosa group']
2979342	Pseudomonas phage Kara-mokiny kep-wari Wadjak 13	Viruses; Duplodnaviria; Heunggongvirae; Uroviricota; Caudoviricetes; Pbunavirus; unclassified Pbunavirus	Kara-mokiny_kep-wari_Wadjak_13	Kara-mokiny_kep-wari_Wadjak_13_taxid_2979342	['Pseudomonas aeruginosa']	['Bacteria; Pseudomonadota; Gammaproteobacteria; Pseudomonadales; Pseudomonadaceae; Pseudomonas; Pseudomonas aeruginosa group']
2979343	Pseudomonas phage Kara-mokiny kep-wari Wadjak 14	Viruses; Duplodnaviria; Heunggongvirae; Uroviricota; Caudoviricetes; Pbunavirus; unclassified Pbunavirus	Kara-mokiny_kep-wari_Wadjak_14	Kara-mokiny_kep-wari_Wadjak_14_taxid_2979343	['Pseudomonas aeruginosa', 'Pseudomonas aeruginosa PAO1']	['Bacteria; Pseudomonadota; Gammaproteobacteria; Pseudomonadales; Pseudomonadaceae; Pseudomonas; Pseudomonas aeruginosa group', 'Bacteria; Pseudomonadota; Gammaproteobacteria; Pseudomonadales; Pseudomonadaceae; Pseudomonas; Pseudomonas aeruginosa group; Pseudomonas aeruginosa']
2979344	Pseudomonas phage Kara-mokiny kep-wari Wadjak 15	Viruses; Duplodnaviria; Heunggongvirae; Uroviricota; Caudoviricetes; Pbunavirus; unclassified Pbunavirus	Kara-mokiny_kep-wari_Wadjak_15	Kara-mokiny_kep-wari_Wadjak_15_taxid_2979344	['Pseudomonas aeruginosa', 'Pseudomonas aeruginosa PAO1']	['Bacteria; Pseudomonadota; Gammaproteobacteria; Pseudomonadales; Pseudomonadaceae; Pseudomonas; Pseudomonas aeruginosa group', 'Bacteria; Pseudomonadota; Gammaproteobacteria; Pseudomonadales; Pseudomonadaceae; Pseudomonas; Pseudomonas aeruginosa group; Pseudomonas aeruginosa']
2979345	Pseudomonas phage Kara-mokiny kep-wari Wadjak 16	Viruses; Duplodnaviria; Heunggongvirae; Uroviricota; Caudoviricetes; Pbunavirus; unclassified Pbunavirus	Kara-mokiny_kep-wari_Wadjak_16	Kara-mokiny_kep-wari_Wadjak_16_taxid_2979345	['Pseudomonas aeruginosa', 'Pseudomonas aeruginosa PAO1']	['Bacteria; Pseudomonadota; Gammaproteobacteria; Pseudomonadales; Pseudomonadaceae; Pseudomonas; Pseudomonas aeruginosa group', 'Bacteria; Pseudomonadota; Gammaproteobacteria; Pseudomonadales; Pseudomonadaceae; Pseudomonas; Pseudomonas aeruginosa group; Pseudomonas aeruginosa']
2979346	Pseudomonas phage Kara-mokiny kep-wari Wadjak 4	Viruses; Duplodnaviria; Heunggongvirae; Uroviricota; Caudoviricetes; Pbunavirus; unclassified Pbunavirus	Kara-mokiny_kep-wari_Wadjak_4	Kara-mokiny_kep-wari_Wadjak_4_taxid_2979346	['Pseudomonas aeruginosa']	['Bacteria; Pseudomonadota; Gammaproteobacteria; Pseudomonadales; Pseudomonadaceae; Pseudomonas; Pseudomonas aeruginosa group']
2979347	Pseudomonas phage Kara-mokiny kep-wari Wadjak 5	Viruses; Duplodnaviria; Heunggongvirae; Uroviricota; Caudoviricetes; Pbunavirus; unclassified Pbunavirus	Kara-mokiny_kep-wari_Wadjak_5	Kara-mokiny_kep-wari_Wadjak_5_taxid_2979347	['Pseudomonas aeruginosa']	['Bacteria; Pseudomonadota; Gammaproteobacteria; Pseudomonadales; Pseudomonadaceae; Pseudomonas; Pseudomonas aeruginosa group']
2979348	Pseudomonas phage Kara-mokiny kep-wari Wadjak 6	Viruses; Duplodnaviria; Heunggongvirae; Uroviricota; Caudoviricetes; Pbunavirus; unclassified Pbunavirus	Kara-mokiny_kep-wari_Wadjak_6	Kara-mokiny_kep-wari_Wadjak_6_taxid_2979348	['Pseudomonas aeruginosa']	['Bacteria; Pseudomonadota; Gammaproteobacteria; Pseudomonadales; Pseudomonadaceae; Pseudomonas; Pseudomonas aeruginosa group']
2979349	Pseudomonas phage Kara-mokiny kep-wari Wadjak 7	Viruses; Duplodnaviria; Heunggongvirae; Uroviricota; Caudoviricetes; Pbunavirus; unclassified Pbunavirus	Kara-mokiny_kep-wari_Wadjak_7	Kara-mokiny_kep-wari_Wadjak_7_taxid_2979349	['Pseudomonas aeruginosa']	['Bacteria; Pseudomonadota; Gammaproteobacteria; Pseudomonadales; Pseudomonadaceae; Pseudomonas; Pseudomonas aeruginosa group']
2979350	Pseudomonas phage Kara-mokiny kep-wari Wadjak 8	Viruses; Duplodnaviria; Heunggongvirae; Uroviricota; Caudoviricetes; Pbunavirus; unclassified Pbunavirus	Kara-mokiny_kep-wari_Wadjak_8	Kara-mokiny_kep-wari_Wadjak_8_taxid_2979350	['Pseudomonas aeruginosa']	['Bacteria; Pseudomonadota; Gammaproteobacteria; Pseudomonadales; Pseudomonadaceae; Pseudomonas; Pseudomonas aeruginosa group']
2979351	Pseudomonas phage Kara-mokiny kep-wari Wadjak 9	Viruses; Duplodnaviria; Heunggongvirae; Uroviricota; Caudoviricetes; Pbunavirus; unclassified Pbunavirus	Kara-mokiny_kep-wari_Wadjak_9	Kara-mokiny_kep-wari_Wadjak_9_taxid_2979351	['Pseudomonas aeruginosa']	['Bacteria; Pseudomonadota; Gammaproteobacteria; Pseudomonadales; Pseudomonadaceae; Pseudomonas; Pseudomonas aeruginosa group']
2979354	Pseudomonas phage Kara-mokiny_kep-wari_Wadjak_1	Viruses; Duplodnaviria; Heunggongvirae; Uroviricota; Caudoviricetes; Pbunavirus; unclassified Pbunavirus	Kara-mokiny_kep-wari_Wadjak_1	Kara-mokiny_kep-wari_Wadjak_1_taxid_2979354	['Pseudomonas aeruginosa', 'Pseudomonas aeruginosa PAO1']	['Bacteria; Pseudomonadota; Gammaproteobacteria; Pseudomonadales; Pseudomonadaceae; Pseudomonas; Pseudomonas aeruginosa group', 'Bacteria; Pseudomonadota; Gammaproteobacteria; Pseudomonadales; Pseudomonadaceae; Pseudomonas; Pseudomonas aeruginosa group; Pseudomonas aeruginosa']
2979355	Pseudomonas phage Kara-mokiny_kep-wari_Wadjak_2	Viruses; Duplodnaviria; Heunggongvirae; Uroviricota; Caudoviricetes; Pbunavirus; unclassified Pbunavirus	Kara-mokiny_kep-wari_Wadjak_2	Kara-mokiny_kep-wari_Wadjak_2_taxid_2979355	['Pseudomonas aeruginosa', 'Pseudomonas aeruginosa PAO1']	['Bacteria; Pseudomonadota; Gammaproteobacteria; Pseudomonadales; Pseudomonadaceae; Pseudomonas; Pseudomonas aeruginosa group', 'Bacteria; Pseudomonadota; Gammaproteobacteria; Pseudomonadales; Pseudomonadaceae; Pseudomonas; Pseudomonas aeruginosa group; Pseudomonas aeruginosa']
2979356	Pseudomonas phage Kara-mokiny_kep-wari_Wadjak_3	Viruses; Duplodnaviria; Heunggongvirae; Uroviricota; Caudoviricetes; Pbunavirus; unclassified Pbunavirus	Kara-mokiny_kep-wari_Wadjak_3	Kara-mokiny_kep-wari_Wadjak_3_taxid_2979356	['Pseudomonas aeruginosa', 'Pseudomonas aeruginosa PAO1']	['Bacteria; Pseudomonadota; Gammaproteobacteria; Pseudomonadales; Pseudomonadaceae; Pseudomonas; Pseudomonas aeruginosa group', 'Bacteria; Pseudomonadota; Gammaproteobacteria; Pseudomonadales; Pseudomonadaceae; Pseudomonas; Pseudomonas aeruginosa group; Pseudomonas aeruginosa']
2872675	Pseudomonas phage Kaya	Viruses; Duplodnaviria; Heunggongvirae; Uroviricota; Caudoviricetes; Septimatrevirus; unclassified Septimatrevirus	Kaya	Kaya_taxid_2872675	['Pseudomonas aeruginosa']	['Bacteria; Pseudomonadota; Gammaproteobacteria; Pseudomonadales; Pseudomonadaceae; Pseudomonas; Pseudomonas aeruginosa group']
2783802	Pseudomonas phage KNP	Viruses; Duplodnaviria; Heunggongvirae; Uroviricota; Caudoviricetes; Autographiviridae; Studiervirinae; Ghunavirus; Ghunavirus KNP	KNP	KNP_taxid_2783802	['Pseudomonas fluorescens group']	['Bacteria; Pseudomonadota; Gammaproteobacteria; Pseudomonadales; Pseudomonadaceae; Pseudomonas']
2979352	Pseudomonas phage Koomba boorn-mokiny kep-wari Wadjak 1	Viruses; Duplodnaviria; Heunggongvirae; Uroviricota; Caudoviricetes; Phikzvirus; unclassified Phikzvirus	Koomba_boorn-mokiny_kep-wari_Wadjak_1	Koomba_boorn-mokiny_kep-wari_Wadjak_1_taxid_2979352	['Pseudomonas aeruginosa']	['Bacteria; Pseudomonadota; Gammaproteobacteria; Pseudomonadales; Pseudomonadaceae; Pseudomonas; Pseudomonas aeruginosa group']
2979353	Pseudomonas phage Koomba boorn-mokiny kep-wari Wadjak 2	Viruses; Duplodnaviria; Heunggongvirae; Uroviricota; Caudoviricetes; Phikzvirus; unclassified Phikzvirus	Koomba_boorn-mokiny_kep-wari_Wadjak_2	Koomba_boorn-mokiny_kep-wari_Wadjak_2_taxid_2979353	['Pseudomonas aeruginosa', 'Pseudomonas aeruginosa PAO1']	['Bacteria; Pseudomonadota; Gammaproteobacteria; Pseudomonadales; Pseudomonadaceae; Pseudomonas; Pseudomonas aeruginosa group', 'Bacteria; Pseudomonadota; Gammaproteobacteria; Pseudomonadales; Pseudomonadaceae; Pseudomonas; Pseudomonas aeruginosa group; Pseudomonas aeruginosa']
2880993	Pseudomonas phage Kopi	Viruses; Duplodnaviria; Heunggongvirae; Uroviricota; Caudoviricetes; Septimatrevirus; unclassified Septimatrevirus	Kopi	Kopi_taxid_2880993	['Pseudomonas aeruginosa']	['Bacteria; Pseudomonadota; Gammaproteobacteria; Pseudomonadales; Pseudomonadaceae; Pseudomonas; Pseudomonas aeruginosa group']
2562463	Pseudomonas phage KP1	Viruses; Duplodnaviria; Heunggongvirae; Uroviricota; Caudoviricetes; Septimatrevirus; unclassified Septimatrevirus	KP1	KP1_taxid_2562463	['Pseudomonas sp.']	['Bacteria; Pseudomonadota; Gammaproteobacteria; Pseudomonadales; Pseudomonadaceae; Pseudomonas']
582345	Pseudomonas phage KPP10	Viruses; Duplodnaviria; Heunggongvirae; Uroviricota; Caudoviricetes; Nankokuvirus; Nankokuvirus KPP10	KPP10	KPP10_taxid_582345	['Pseudomonas aeruginosa']	['Bacteria; Pseudomonadota; Gammaproteobacteria; Pseudomonadales; Pseudomonadaceae; Pseudomonas; Pseudomonas aeruginosa group']
763998	Pseudomonas phage KPP12	Viruses; Duplodnaviria; Heunggongvirae; Uroviricota; Caudoviricetes; Pbunavirus; Pbunavirus KPP12	KPP12	KPP12_taxid_763998	['Pseudomonas aeruginosa']	['Bacteria; Pseudomonadota; Gammaproteobacteria; Pseudomonadales; Pseudomonadaceae; Pseudomonas; Pseudomonas aeruginosa group']
1678082	Pseudomonas phage KPP21	Viruses; Duplodnaviria; Heunggongvirae; Uroviricota; Caudoviricetes; Schitoviridae; Migulavirinae; Luzseptimavirus; Luzseptimavirus KPP21	KPP21	KPP21_taxid_1678082	['Pseudomonas aeruginosa']	['Bacteria; Pseudomonadota; Gammaproteobacteria; Pseudomonadales; Pseudomonadaceae; Pseudomonas; Pseudomonas aeruginosa group']
1772250	Pseudomonas phage KPP22	Viruses; Duplodnaviria; Heunggongvirae; Uroviricota; Caudoviricetes; Pbunavirus; unclassified Pbunavirus	KPP22	KPP22_taxid_1772250	['Pseudomonas aeruginosa']	['Bacteria; Pseudomonadota; Gammaproteobacteria; Pseudomonadales; Pseudomonadaceae; Pseudomonas; Pseudomonas aeruginosa group']
1772251	Pseudomonas phage KPP22M1	Viruses; Duplodnaviria; Heunggongvirae; Uroviricota; Caudoviricetes; Pbunavirus; unclassified Pbunavirus	KPP22M1	KPP22M1_taxid_1772251	['Pseudomonas']	['Bacteria; Pseudomonadota; Gammaproteobacteria; Pseudomonadales; Pseudomonadaceae']
1772252	Pseudomonas phage KPP22M2	Viruses; Duplodnaviria; Heunggongvirae; Uroviricota; Caudoviricetes; Pbunavirus; unclassified Pbunavirus	KPP22M2	KPP22M2_taxid_1772252	['Pseudomonas']	['Bacteria; Pseudomonadota; Gammaproteobacteria; Pseudomonadales; Pseudomonadaceae']
1772253	Pseudomonas phage KPP22M3	Viruses; Duplodnaviria; Heunggongvirae; Uroviricota; Caudoviricetes; Pbunavirus; unclassified Pbunavirus	KPP22M3	KPP22M3_taxid_1772253	['Pseudomonas']	['Bacteria; Pseudomonadota; Gammaproteobacteria; Pseudomonadales; Pseudomonadaceae']
1462581	Pseudomonas phage KPP23	Viruses; Duplodnaviria; Heunggongvirae; Uroviricota; Caudoviricetes; unclassified Caudoviricetes	KPP23	KPP23_taxid_1462581	['Pseudomonas']	['Bacteria; Pseudomonadota; Gammaproteobacteria; Pseudomonadales; Pseudomonadaceae']
1462608	Pseudomonas phage KPP25	Viruses; Duplodnaviria; Heunggongvirae; Uroviricota; Caudoviricetes; Kochitakasuvirus; Kochitakasuvirus KPP25	KPP25	KPP25_taxid_1462608	['Pseudomonas aeruginosa']	['Bacteria; Pseudomonadota; Gammaproteobacteria; Pseudomonadales; Pseudomonadaceae; Pseudomonas; Pseudomonas aeruginosa group']
1701861	Pseudomonas phage Kraken	Viruses; Duplodnaviria; Heunggongvirae; Uroviricota; Caudoviricetes; Pbunavirus; Pbunavirus PB1	Kraken	Kraken_taxid_1701861	['Pseudomonas aeruginosa']	['Bacteria; Pseudomonadota; Gammaproteobacteria; Pseudomonadales; Pseudomonadaceae; Pseudomonas; Pseudomonas aeruginosa group']
2928831	Pseudomonas phage Kremar	Viruses; Duplodnaviria; Heunggongvirae; Uroviricota; Caudoviricetes; unclassified Caudoviricetes	Kremar	Kremar_taxid_2928831	['Pseudomonas syringae']	['Bacteria; Pseudomonadota; Gammaproteobacteria; Pseudomonadales; Pseudomonadaceae; Pseudomonas; Pseudomonas syringae group; Pseudomonas syringae group genomosp. 1']
1862701	Pseudomonas phage KTN4	Viruses; Duplodnaviria; Heunggongvirae; Uroviricota; Caudoviricetes; Phikzvirus; Phikzvirus phiKZ	KTN4	KTN4_taxid_1862701	['Pseudomonas aeruginosa']	['Bacteria; Pseudomonadota; Gammaproteobacteria; Pseudomonadales; Pseudomonadaceae; Pseudomonas; Pseudomonas aeruginosa group']
1701862	Pseudomonas phage Kula	Viruses; Duplodnaviria; Heunggongvirae; Uroviricota; Caudoviricetes; Pbunavirus; Pbunavirus PB1	Kula	Kula_taxid_1701862	['Pseudomonas aeruginosa']	['Bacteria; Pseudomonadota; Gammaproteobacteria; Pseudomonadales; Pseudomonadaceae; Pseudomonas; Pseudomonas aeruginosa group']
2913129	Pseudomonas phage L5	Viruses; Duplodnaviria; Heunggongvirae; Uroviricota; Caudoviricetes; Autographiviridae; Krylovirinae; Phikmvvirus; unclassified Phikmvvirus	L5	L5_taxid_2913129	['Pseudomonas aeruginosa']	['Bacteria; Pseudomonadota; Gammaproteobacteria; Pseudomonadales; Pseudomonadaceae; Pseudomonas; Pseudomonas aeruginosa group']
2530172	Pseudomonas phage Lana	Viruses; Duplodnaviria; Heunggongvirae; Uroviricota; Caudoviricetes; Lanavirus; Lanavirus lana	Lana	Lana_taxid_2530172	['Pseudomonas sp.']	['Bacteria; Pseudomonadota; Gammaproteobacteria; Pseudomonadales; Pseudomonadaceae; Pseudomonas']
549445	Pseudomonas phage LBL3	Viruses; Duplodnaviria; Heunggongvirae; Uroviricota; Caudoviricetes; Pbunavirus; Pbunavirus LBL3	LBL3	LBL3_taxid_549445	['Pseudomonas aeruginosa']	['Bacteria; Pseudomonadota; Gammaproteobacteria; Pseudomonadales; Pseudomonadaceae; Pseudomonas; Pseudomonas aeruginosa group']
655098	Pseudomonas phage LIT1	Viruses; Duplodnaviria; Heunggongvirae; Uroviricota; Caudoviricetes; Schitoviridae; Migulavirinae; Litunavirus; Litunavirus LIT1	LIT1	LIT1_taxid_655098	['Pseudomonas aeruginosa', 'Pseudomonas aeruginosa PAO1']	['Bacteria; Pseudomonadota; Gammaproteobacteria; Pseudomonadales; Pseudomonadaceae; Pseudomonas; Pseudomonas aeruginosa group', 'Bacteria; Pseudomonadota; Gammaproteobacteria; Pseudomonadales; Pseudomonadaceae; Pseudomonas; Pseudomonas aeruginosa group; Pseudomonas aeruginosa']
2079289	Pseudomonas phage Littlefix	Viruses; Duplodnaviria; Heunggongvirae; Uroviricota; Caudoviricetes; Schitoviridae; Littlefixvirus; Littlefixvirus littlefix	Littlefix	Littlefix_taxid_2079289	['Pseudomonas sp.']	['Bacteria; Pseudomonadota; Gammaproteobacteria; Pseudomonadales; Pseudomonadaceae; Pseudomonas']
386793	Pseudomonas phage LKA1	Viruses; Duplodnaviria; Heunggongvirae; Uroviricota; Caudoviricetes; Autographiviridae; Krylovirinae; Stubburvirus; Stubburvirus LKA1	LKA1	LKA1_taxid_386793	['Pseudomonas aeruginosa PAO1']	['Bacteria; Pseudomonadota; Gammaproteobacteria; Pseudomonadales; Pseudomonadaceae; Pseudomonas; Pseudomonas aeruginosa group; Pseudomonas aeruginosa']
1327940	Pseudomonas phage LKA5	Viruses; Duplodnaviria; Heunggongvirae; Uroviricota; Caudoviricetes; Hollowayvirus; unclassified Hollowayvirus	LKA5	LKA5_taxid_1327940	['Pseudomonas aeruginosa PAO1']	['Bacteria; Pseudomonadota; Gammaproteobacteria; Pseudomonadales; Pseudomonadaceae; Pseudomonas; Pseudomonas aeruginosa group; Pseudomonas aeruginosa']
386792	Pseudomonas phage LKD16	Viruses; Duplodnaviria; Heunggongvirae; Uroviricota; Caudoviricetes; Autographiviridae; Krylovirinae; Phikmvvirus; Phikmvvirus LKD16	LKD16	LKD16_taxid_386792	['Pseudomonas aeruginosa', 'Pseudomonas aeruginosa PAO1']	['Bacteria; Pseudomonadota; Gammaproteobacteria; Pseudomonadales; Pseudomonadaceae; Pseudomonas; Pseudomonas aeruginosa group', 'Bacteria; Pseudomonadota; Gammaproteobacteria; Pseudomonadales; Pseudomonadaceae; Pseudomonas; Pseudomonas aeruginosa group; Pseudomonas aeruginosa']
1308899	Pseudomonas phage LKO4	Viruses; Duplodnaviria; Heunggongvirae; Uroviricota; Caudoviricetes; Mesyanzhinovviridae; Rabinowitzvirinae; Yuavirus; Pseudomonas virus LKO4	LKO4	LKO4_taxid_1308899	['Pseudomonas aeruginosa']	['Bacteria; Pseudomonadota; Gammaproteobacteria; Pseudomonadales; Pseudomonadaceae; Pseudomonas; Pseudomonas aeruginosa group']
549446	Pseudomonas phage LMA2	Viruses; Duplodnaviria; Heunggongvirae; Uroviricota; Caudoviricetes; Pbunavirus; Pbunavirus LMA2	LMA2	LMA2_taxid_549446	['Pseudomonas aeruginosa']	['Bacteria; Pseudomonadota; Gammaproteobacteria; Pseudomonadales; Pseudomonadaceae; Pseudomonas; Pseudomonas aeruginosa group']
2234081	Pseudomonas phage LP14	Viruses; Duplodnaviria; Heunggongvirae; Uroviricota; Caudoviricetes; Schitoviridae; Migulavirinae; Litunavirus; unclassified Litunavirus	LP14	LP14_taxid_2234081	['Pseudomonas aeruginosa']	['Bacteria; Pseudomonadota; Gammaproteobacteria; Pseudomonadales; Pseudomonadaceae; Pseudomonas; Pseudomonas aeruginosa group']
2994047	Pseudomonas phage LPB1	Viruses; Duplodnaviria; Heunggongvirae; Uroviricota; Caudoviricetes; Casadabanvirus; Casadabanvirus LPB1	LPB1	LPB1_taxid_2994047	['Pseudomonas', 'Pseudomonas aeruginosa PAO1']	['Bacteria; Pseudomonadota; Gammaproteobacteria; Pseudomonadales; Pseudomonadaceae', 'Bacteria; Pseudomonadota; Gammaproteobacteria; Pseudomonadales; Pseudomonadaceae; Pseudomonas; Pseudomonas aeruginosa group; Pseudomonas aeruginosa']
3061297	Pseudomonas phage LSL4	Viruses; Duplodnaviria; Heunggongvirae; Uroviricota; Caudoviricetes; Nankokuvirus; unclassified Nankokuvirus	LSL4	LSL4_taxid_3061297	['Pseudomonas aeruginosa PAO1']	['Bacteria; Pseudomonadota; Gammaproteobacteria; Pseudomonadales; Pseudomonadaceae; Pseudomonas; Pseudomonas aeruginosa group; Pseudomonas aeruginosa']
1161927	Pseudomonas phage Lu11	Viruses; Duplodnaviria; Heunggongvirae; Uroviricota; Caudoviricetes; unclassified Caudoviricetes	Lu11	Lu11_taxid_1161927	['Pseudomonas putida']	['Bacteria; Pseudomonadota; Gammaproteobacteria; Pseudomonadales; Pseudomonadaceae; Pseudomonas; Pseudomonas putida group']
2973522	Pseudomonas phage LUZ100	Viruses; Duplodnaviria; Heunggongvirae; Uroviricota; Caudoviricetes; Autographiviridae; unclassified Autographiviridae	LUZ100	LUZ100_taxid_2973522	['Pseudomonas aeruginosa']	['Bacteria; Pseudomonadota; Gammaproteobacteria; Pseudomonadales; Pseudomonadaceae; Pseudomonas; Pseudomonas aeruginosa group']
484896	Pseudomonas phage LUZ19	Viruses; Duplodnaviria; Heunggongvirae; Uroviricota; Caudoviricetes; Autographiviridae; Krylovirinae; Phikmvvirus; Phikmvvirus LUZ19	LUZ19	LUZ19_taxid_484896	['Pseudomonas aeruginosa PAO1']	['Bacteria; Pseudomonadota; Gammaproteobacteria; Pseudomonadales; Pseudomonadaceae; Pseudomonas; Pseudomonas aeruginosa group; Pseudomonas aeruginosa']
655097	Pseudomonas phage LUZ7	Viruses; Duplodnaviria; Heunggongvirae; Uroviricota; Caudoviricetes; Schitoviridae; Migulavirinae; Luzseptimavirus; Luzseptimavirus LUZ7	LUZ7	LUZ7_taxid_655097	['Pseudomonas aeruginosa', 'Pseudomonas aeruginosa PAO1']	['Bacteria; Pseudomonadota; Gammaproteobacteria; Pseudomonadales; Pseudomonadaceae; Pseudomonas; Pseudomonas aeruginosa group', 'Bacteria; Pseudomonadota; Gammaproteobacteria; Pseudomonadales; Pseudomonadaceae; Pseudomonas; Pseudomonas aeruginosa group; Pseudomonas aeruginosa']
2696354	Pseudomonas phage LY218	Viruses; Duplodnaviria; Heunggongvirae; Uroviricota; Caudoviricetes; Schitoviridae; Migulavirinae; Litunavirus; unclassified Litunavirus	LY218	LY218_taxid_2696354	['Pseudomonas aeruginosa']	['Bacteria; Pseudomonadota; Gammaproteobacteria; Pseudomonadales; Pseudomonadaceae; Pseudomonas; Pseudomonas aeruginosa group']
2873454	Pseudomonas phage M1.1	Viruses; Duplodnaviria; Heunggongvirae; Uroviricota; Caudoviricetes; Autographiviridae; Studiervirinae; Ghunavirus; unclassified Ghunavirus	M1.1	M1.1_taxid_2873454	['Pseudomonas syringae pv. tomato']	['Bacteria; Pseudomonadota; Gammaproteobacteria; Pseudomonadales; Pseudomonadaceae; Pseudomonas; Pseudomonas syringae group']
2873455	Pseudomonas phage M1.2	Viruses; Duplodnaviria; Heunggongvirae; Uroviricota; Caudoviricetes; Autographiviridae; Studiervirinae; Ghunavirus; unclassified Ghunavirus	M1.2	M1.2_taxid_2873455	['Pseudomonas syringae pv. tomato']	['Bacteria; Pseudomonadota; Gammaproteobacteria; Pseudomonadales; Pseudomonadaceae; Pseudomonas; Pseudomonas syringae group']
2873456	Pseudomonas phage M3.1	Viruses; Duplodnaviria; Heunggongvirae; Uroviricota; Caudoviricetes; Autographiviridae; Studiervirinae; Ghunavirus; unclassified Ghunavirus	M3.1	M3.1_taxid_2873456	['Pseudomonas syringae pv. tomato']	['Bacteria; Pseudomonadota; Gammaproteobacteria; Pseudomonadales; Pseudomonadaceae; Pseudomonas; Pseudomonas syringae group']
2873460	Pseudomonas phage M5.1	Viruses; Duplodnaviria; Heunggongvirae; Uroviricota; Caudoviricetes; Otagovirus; unclassified Otagovirus	M5.1	M5.1_taxid_2873460	['Pseudomonas syringae pv. tomato']	['Bacteria; Pseudomonadota; Gammaproteobacteria; Pseudomonadales; Pseudomonadaceae; Pseudomonas; Pseudomonas syringae group']
2911432	Pseudomonas phage M6	Viruses; Duplodnaviria; Heunggongvirae; Uroviricota; Caudoviricetes; Mesyanzhinovviridae; Rabinowitzvirinae; Yuavirus; Pseudomonas virus M6	M6	M6_taxid_2911432	['Pseudomonas aeruginosa']	['Bacteria; Pseudomonadota; Gammaproteobacteria; Pseudomonadales; Pseudomonadaceae; Pseudomonas; Pseudomonas aeruginosa group']
1868596	Pseudomonas phage MD8	Viruses; Duplodnaviria; Heunggongvirae; Uroviricota; Caudoviricetes; unclassified Caudoviricetes	MD8	MD8_taxid_1868596	['Pseudomonas aeruginosa']	['Bacteria; Pseudomonadota; Gammaproteobacteria; Pseudomonadales; Pseudomonadaceae; Pseudomonas; Pseudomonas aeruginosa group']
2834256	Pseudomonas phage Medea1	Viruses; Duplodnaviria; Heunggongvirae; Uroviricota; Caudoviricetes; unclassified Caudoviricetes	Medea1	Medea1_taxid_2834256	['Pseudomonas syringae', 'Pseudomonas syringae pv. tomato']	['Bacteria; Pseudomonadota; Gammaproteobacteria; Pseudomonadales; Pseudomonadaceae; Pseudomonas; Pseudomonas syringae group; Pseudomonas syringae group genomosp. 1', 'Bacteria; Pseudomonadota; Gammaproteobacteria; Pseudomonadales; Pseudomonadaceae; Pseudomonas; Pseudomonas syringae group']
3003729	Pseudomonas phage MiCath	Viruses; Duplodnaviria; Heunggongvirae; Uroviricota; Caudoviricetes; unclassified Caudoviricetes	MiCath	MiCath_taxid_3003729	['Pseudomonas putida S12']	['Bacteria; Pseudomonadota; Gammaproteobacteria; Pseudomonadales; Pseudomonadaceae; Pseudomonas; Pseudomonas putida group; Pseudomonas putida']
2719606	Pseudomonas phage misfit	Viruses; Duplodnaviria; Heunggongvirae; Uroviricota; Caudoviricetes; Pbunavirus; unclassified Pbunavirus	misfit	misfit_taxid_2719606	['Pseudomonas aeruginosa PAO1']	['Bacteria; Pseudomonadota; Gammaproteobacteria; Pseudomonadales; Pseudomonadaceae; Pseudomonas; Pseudomonas aeruginosa group; Pseudomonas aeruginosa']
2801386	Pseudomonas phage Misse	Viruses; Duplodnaviria; Heunggongvirae; Uroviricota; Caudoviricetes; Autographiviridae; Krylovirinae; unclassified Krylovirinae	Misse	Misse_taxid_2801386	['Pseudomonas syringae']	['Bacteria; Pseudomonadota; Gammaproteobacteria; Pseudomonadales; Pseudomonadaceae; Pseudomonas; Pseudomonas syringae group; Pseudomonas syringae group genomosp. 1']
2961713	Pseudomonas phage Motto	Viruses; Duplodnaviria; Heunggongvirae; Uroviricota; Caudoviricetes; Drexlerviridae; unclassified Drexlerviridae	Motto	Motto_taxid_2961713	['Pseudomonas aeruginosa']	['Bacteria; Pseudomonadota; Gammaproteobacteria; Pseudomonadales; Pseudomonadaceae; Pseudomonas; Pseudomonas aeruginosa group']
1204517	Pseudomonas phage MP1412	Viruses; Duplodnaviria; Heunggongvirae; Uroviricota; Caudoviricetes; Mesyanzhinovviridae; Rabinowitzvirinae; Yuavirus; Pseudomonas virus MP1412	MP1412	MP1412_taxid_1204517	['Pseudomonas aeruginosa PAO1']	['Bacteria; Pseudomonadota; Gammaproteobacteria; Pseudomonadales; Pseudomonadaceae; Pseudomonas; Pseudomonas aeruginosa group; Pseudomonas aeruginosa']
2913978	Pseudomonas phage MP22	Viruses; Duplodnaviria; Heunggongvirae; Uroviricota; Caudoviricetes; Casadabanvirus; Casadabanvirus MP22	MP22	MP22_taxid_2913978	['Pseudomonas aeruginosa UCBPP-PA14']	['Bacteria; Pseudomonadota; Gammaproteobacteria; Pseudomonadales; Pseudomonadaceae; Pseudomonas; Pseudomonas aeruginosa group; Pseudomonas aeruginosa']
2914008	Pseudomonas phage MP29	Viruses; Duplodnaviria; Heunggongvirae; Uroviricota; Caudoviricetes; Casadabanvirus; Casadabanvirus MP29	MP29	MP29_taxid_2914008	['Pseudomonas aeruginosa PA14']	['Bacteria; Pseudomonadota; Gammaproteobacteria; Pseudomonadales; Pseudomonadaceae; Pseudomonas; Pseudomonas aeruginosa group; Pseudomonas aeruginosa']
2914009	Pseudomonas phage MP38	Viruses; Duplodnaviria; Heunggongvirae; Uroviricota; Caudoviricetes; Casadabanvirus; Casadabanvirus MP38	MP38	MP38_taxid_2914009	['Pseudomonas aeruginosa PA14']	['Bacteria; Pseudomonadota; Gammaproteobacteria; Pseudomonadales; Pseudomonadaceae; Pseudomonas; Pseudomonas aeruginosa group; Pseudomonas aeruginosa']
1161903	Pseudomonas phage MP42	Viruses; Duplodnaviria; Heunggongvirae; Uroviricota; Caudoviricetes; Casadabanvirus; unclassified Casadabanvirus	MP42	MP42_taxid_1161903	['Pseudomonas aeruginosa PA14']	['Bacteria; Pseudomonadota; Gammaproteobacteria; Pseudomonadales; Pseudomonadaceae; Pseudomonas; Pseudomonas aeruginosa group; Pseudomonas aeruginosa']
1391190	Pseudomonas phage MP48	Viruses; Duplodnaviria; Heunggongvirae; Uroviricota; Caudoviricetes; Casadabanvirus; unclassified Casadabanvirus	MP48	MP48_taxid_1391190	['Pseudomonas aeruginosa PA14']	['Bacteria; Pseudomonadota; Gammaproteobacteria; Pseudomonadales; Pseudomonadaceae; Pseudomonas; Pseudomonas aeruginosa group; Pseudomonas aeruginosa']
1262514	Pseudomonas phage MPK6	Viruses; Duplodnaviria; Heunggongvirae; Uroviricota; Caudoviricetes; Autographiviridae; Krylovirinae; Phikmvvirus; Phikmvvirus MPK6	MPK6	MPK6_taxid_1262514	['Pseudomonas aeruginosa']	['Bacteria; Pseudomonadota; Gammaproteobacteria; Pseudomonadales; Pseudomonadaceae; Pseudomonas; Pseudomonas aeruginosa group']
1225790	Pseudomonas phage MPK7	Viruses; Duplodnaviria; Heunggongvirae; Uroviricota; Caudoviricetes; Autographiviridae; Krylovirinae; Phikmvvirus; Phikmvvirus MPK7	MPK7	MPK7_taxid_1225790	['Pseudomonas aeruginosa PAO1']	['Bacteria; Pseudomonadota; Gammaproteobacteria; Pseudomonadales; Pseudomonadaceae; Pseudomonas; Pseudomonas aeruginosa group; Pseudomonas aeruginosa']
2711169	Pseudomonas phage MR1	Viruses; Duplodnaviria; Heunggongvirae; Uroviricota; Caudoviricetes; Autographiviridae; Studiervirinae; Ghunavirus; unclassified Ghunavirus	MR1	MR1_taxid_2711169	['Pseudomonas']	['Bacteria; Pseudomonadota; Gammaproteobacteria; Pseudomonadales; Pseudomonadaceae']
2711176	Pseudomonas phage MR12	Viruses; Duplodnaviria; Heunggongvirae; Uroviricota; Caudoviricetes; Autographiviridae; Krylovirinae; unclassified Krylovirinae	MR12	MR12_taxid_2711176	['Pseudomonas']	['Bacteria; Pseudomonadota; Gammaproteobacteria; Pseudomonadales; Pseudomonadaceae']
2711177	Pseudomonas phage MR13	Viruses; Duplodnaviria; Heunggongvirae; Uroviricota; Caudoviricetes; unclassified Caudoviricetes	MR13	MR13_taxid_2711177	['Pseudomonas']	['Bacteria; Pseudomonadota; Gammaproteobacteria; Pseudomonadales; Pseudomonadaceae']
2711178	Pseudomonas phage MR14	Viruses; Duplodnaviria; Heunggongvirae; Uroviricota; Caudoviricetes; unclassified Caudoviricetes	MR14	MR14_taxid_2711178	['Pseudomonas']	['Bacteria; Pseudomonadota; Gammaproteobacteria; Pseudomonadales; Pseudomonadaceae']
2711179	Pseudomonas phage MR15	Viruses; Duplodnaviria; Heunggongvirae; Uroviricota; Caudoviricetes; unclassified Caudoviricetes	MR15	MR15_taxid_2711179	['Pseudomonas']	['Bacteria; Pseudomonadota; Gammaproteobacteria; Pseudomonadales; Pseudomonadaceae']
2711180	Pseudomonas phage MR16	Viruses; Duplodnaviria; Heunggongvirae; Uroviricota; Caudoviricetes; Autographiviridae; Krylovirinae; unclassified Krylovirinae	MR16	MR16_taxid_2711180	['Pseudomonas']	['Bacteria; Pseudomonadota; Gammaproteobacteria; Pseudomonadales; Pseudomonadaceae']
2711181	Pseudomonas phage MR18	Viruses; Duplodnaviria; Heunggongvirae; Uroviricota; Caudoviricetes; Autographiviridae; Krylovirinae; unclassified Krylovirinae	MR18	MR18_taxid_2711181	['Pseudomonas']	['Bacteria; Pseudomonadota; Gammaproteobacteria; Pseudomonadales; Pseudomonadaceae']
2711170	Pseudomonas phage MR2	Viruses; Duplodnaviria; Heunggongvirae; Uroviricota; Caudoviricetes; Autographiviridae; Studiervirinae; Ghunavirus; unclassified Ghunavirus	MR2	MR2_taxid_2711170	['Pseudomonas']	['Bacteria; Pseudomonadota; Gammaproteobacteria; Pseudomonadales; Pseudomonadaceae']
1158721	Pseudomonas phage MR299-2	Viruses; Duplodnaviria; Heunggongvirae; Uroviricota; Caudoviricetes; Bruynoghevirus; unclassified Bruynoghevirus	MR299-2	MR299-2_taxid_1158721	['Pseudomonas aeruginosa']	['Bacteria; Pseudomonadota; Gammaproteobacteria; Pseudomonadales; Pseudomonadaceae; Pseudomonas; Pseudomonas aeruginosa group']
2711171	Pseudomonas phage MR4	Viruses; Duplodnaviria; Heunggongvirae; Uroviricota; Caudoviricetes; Autographiviridae; Gajwadongvirus; unclassified Gajwadongvirus	MR4	MR4_taxid_2711171	['Pseudomonas']	['Bacteria; Pseudomonadota; Gammaproteobacteria; Pseudomonadales; Pseudomonadaceae']
2711172	Pseudomonas phage MR5	Viruses; Duplodnaviria; Heunggongvirae; Uroviricota; Caudoviricetes; Autographiviridae; Krylovirinae; unclassified Krylovirinae	MR5	MR5_taxid_2711172	['Pseudomonas']	['Bacteria; Pseudomonadota; Gammaproteobacteria; Pseudomonadales; Pseudomonadaceae']
2711173	Pseudomonas phage MR6	Viruses; Duplodnaviria; Heunggongvirae; Uroviricota; Caudoviricetes; Autographiviridae; Krylovirinae; unclassified Krylovirinae	MR6	MR6_taxid_2711173	['Pseudomonas']	['Bacteria; Pseudomonadota; Gammaproteobacteria; Pseudomonadales; Pseudomonadaceae']
2711174	Pseudomonas phage MR7	Viruses; Duplodnaviria; Heunggongvirae; Uroviricota; Caudoviricetes; Autographiviridae; Krylovirinae; unclassified Krylovirinae	MR7	MR7_taxid_2711174	['Pseudomonas']	['Bacteria; Pseudomonadota; Gammaproteobacteria; Pseudomonadales; Pseudomonadaceae']
2711175	Pseudomonas phage MR8	Viruses; Duplodnaviria; Heunggongvirae; Uroviricota; Caudoviricetes; Autographiviridae; Krylovirinae; unclassified Krylovirinae	MR8	MR8_taxid_2711175	['Pseudomonas']	['Bacteria; Pseudomonadota; Gammaproteobacteria; Pseudomonadales; Pseudomonadaceae']
2798805	Pseudomonas phage MYY9	Viruses; Duplodnaviria; Heunggongvirae; Uroviricota; Caudoviricetes; Autographiviridae; Krylovirinae; Phikmvvirus; Phikmvvirus PAXYB1	MYY9	MYY9_taxid_2798805	['Pseudomonas aeruginosa']	['Bacteria; Pseudomonadota; Gammaproteobacteria; Pseudomonadales; Pseudomonadaceae; Pseudomonas; Pseudomonas aeruginosa group']
1701863	Pseudomonas phage Nemo	Viruses; Duplodnaviria; Heunggongvirae; Uroviricota; Caudoviricetes; Pbunavirus; Pbunavirus PB1	Nemo	Nemo_taxid_1701863	['Pseudomonas aeruginosa']	['Bacteria; Pseudomonadota; Gammaproteobacteria; Pseudomonadales; Pseudomonadaceae; Pseudomonas; Pseudomonas aeruginosa group']
2163984	Pseudomonas phage Nerthus	Viruses; Duplodnaviria; Heunggongvirae; Uroviricota; Caudoviricetes; Autographiviridae; Colwellvirinae; Uliginvirus; Uliginvirus nerthus	Nerthus	Nerthus_taxid_2163984	['Pseudomonas syringae pv. avii']	['Bacteria; Pseudomonadota; Gammaproteobacteria; Pseudomonadales; Pseudomonadaceae; Pseudomonas; Pseudomonas syringae group; Pseudomonas syringae group genomosp. 1']
1701864	Pseudomonas phage Nessie	Viruses; Duplodnaviria; Heunggongvirae; Uroviricota; Caudoviricetes; Pbunavirus; Pbunavirus PB1	Nessie	Nessie_taxid_1701864	['Pseudomonas aeruginosa']	['Bacteria; Pseudomonadota; Gammaproteobacteria; Pseudomonadales; Pseudomonadaceae; Pseudomonas; Pseudomonas aeruginosa group']
1158680	Pseudomonas phage NH-4	Viruses; Duplodnaviria; Heunggongvirae; Uroviricota; Caudoviricetes; Pbunavirus; Pseudomonas virus NH4	NH-4	NH-4_taxid_1158680	['Pseudomonas aeruginosa']	['Bacteria; Pseudomonadota; Gammaproteobacteria; Pseudomonadales; Pseudomonadaceae; Pseudomonas; Pseudomonas aeruginosa group']
2048977	Pseudomonas phage nickie	Viruses; Duplodnaviria; Heunggongvirae; Uroviricota; Caudoviricetes; Nickievirus; Nickievirus nickie	nickie	nickie_taxid_2048977	['Pseudomonas syringae pv. avii']	['Bacteria; Pseudomonadota; Gammaproteobacteria; Pseudomonadales; Pseudomonadaceae; Pseudomonas; Pseudomonas syringae group; Pseudomonas syringae group genomosp. 1']
2163985	Pseudomonas phage Njord	Viruses; Duplodnaviria; Heunggongvirae; Uroviricota; Caudoviricetes; Autographiviridae; Colwellvirinae; Uliginvirus; Uliginvirus njord	Njord	Njord_taxid_2163985	['Pseudomonas syringae pv. avii']	['Bacteria; Pseudomonadota; Gammaproteobacteria; Pseudomonadales; Pseudomonadaceae; Pseudomonas; Pseudomonas syringae group; Pseudomonas syringae group genomosp. 1']
2873457	Pseudomonas phage NOI	Viruses; Duplodnaviria; Heunggongvirae; Uroviricota; Caudoviricetes; Autographiviridae; Studiervirinae; Ghunavirus; unclassified Ghunavirus	NOI	NOI_taxid_2873457	['Pseudomonas syringae pv. tomato']	['Bacteria; Pseudomonadota; Gammaproteobacteria; Pseudomonadales; Pseudomonadaceae; Pseudomonas; Pseudomonas syringae group']
2006684	Pseudomonas phage Noxifer	Viruses; Duplodnaviria; Heunggongvirae; Uroviricota; Caudoviricetes; Noxifervirus; Noxifervirus noxifer	Noxifer	Noxifer_taxid_2006684	['Pseudomonas fluorescens SBW25']	['Bacteria; Pseudomonadota; Gammaproteobacteria; Pseudomonadales; Pseudomonadaceae; Pseudomonas; Pseudomonas fluorescens group; Pseudomonas fluorescens']
1844477	Pseudomonas phage NP1	Viruses; Duplodnaviria; Heunggongvirae; Uroviricota; Caudoviricetes; Queuovirinae; Nipunavirus; Nipunavirus NP1	NP1	NP1_taxid_1844477	['Pseudomonas']	['Bacteria; Pseudomonadota; Gammaproteobacteria; Pseudomonadales; Pseudomonadaceae']
1775428	Pseudomonas phage NP3	Viruses; Duplodnaviria; Heunggongvirae; Uroviricota; Caudoviricetes; Pbunavirus; Pbunavirus SN	NP3	NP3_taxid_1775428	['Pseudomonas aeruginosa PA14']	['Bacteria; Pseudomonadota; Gammaproteobacteria; Pseudomonadales; Pseudomonadaceae; Pseudomonas; Pseudomonas aeruginosa group; Pseudomonas aeruginosa']
2079543	Pseudomonas phage NV1	Viruses; Duplodnaviria; Heunggongvirae; Uroviricota; Caudoviricetes; Vicosavirus; Vicosavirus NV1	NV1	NV1_taxid_2079543	['Pseudomonas tolaasii NCPPB 2192']	['Bacteria; Pseudomonadota; Gammaproteobacteria; Pseudomonadales; Pseudomonadaceae; Pseudomonas; Pseudomonas fluorescens group; Pseudomonas tolaasii']
1784982	Pseudomonas phage O4	Viruses; Duplodnaviria; Heunggongvirae; Uroviricota; Caudoviricetes; Zobellviridae; Paundecimvirus; unclassified Paundecimvirus	O4	O4_taxid_1784982	['Pseudomonas aeruginosa PAO1']	['Bacteria; Pseudomonadota; Gammaproteobacteria; Pseudomonadales; Pseudomonadaceae; Pseudomonas; Pseudomonas aeruginosa group; Pseudomonas aeruginosa']
1124849	Pseudomonas phage OBP	Viruses; Duplodnaviria; Heunggongvirae; Uroviricota; Caudoviricetes; Petsuvirus; unclassified Petsuvirus	OBP	OBP_taxid_1124849	['Pseudomonas fluorescens']	['Bacteria; Pseudomonadota; Gammaproteobacteria; Pseudomonadales; Pseudomonadaceae; Pseudomonas; Pseudomonas fluorescens group']
2719607	Pseudomonas phage oldone	Viruses; Duplodnaviria; Heunggongvirae; Uroviricota; Caudoviricetes; Bruynoghevirus; unclassified Bruynoghevirus	oldone	oldone_taxid_2719607	['Pseudomonas aeruginosa PAO1']	['Bacteria; Pseudomonadota; Gammaproteobacteria; Pseudomonadales; Pseudomonadaceae; Pseudomonas; Pseudomonas aeruginosa group; Pseudomonas aeruginosa']
2734642	Pseudomonas phage OMKO1	Viruses; Duplodnaviria; Heunggongvirae; Uroviricota; Caudoviricetes; Phikzvirus; unclassified Phikzvirus	OMKO1	OMKO1_taxid_2734642	['Pseudomonas aeruginosa PAO1']	['Bacteria; Pseudomonadota; Gammaproteobacteria; Pseudomonadales; Pseudomonadaceae; Pseudomonas; Pseudomonas aeruginosa group; Pseudomonas aeruginosa']
2719608	Pseudomonas phage otherone	Viruses; Duplodnaviria; Heunggongvirae; Uroviricota; Caudoviricetes; Bruynoghevirus; unclassified Bruynoghevirus	otherone	otherone_taxid_2719608	['Pseudomonas aeruginosa PAO1']	['Bacteria; Pseudomonadota; Gammaproteobacteria; Pseudomonadales; Pseudomonadaceae; Pseudomonas; Pseudomonas aeruginosa group; Pseudomonas aeruginosa']
981430	Pseudomonas phage P3_CHA	Viruses; Duplodnaviria; Heunggongvirae; Uroviricota; Caudoviricetes; Nankokuvirus; Nankokuvirus PAKP3	P3_CHA	P3_CHA_taxid_981430	['Pseudomonas aeruginosa CHA']	['Bacteria; Pseudomonadota; Gammaproteobacteria; Pseudomonadales; Pseudomonadaceae; Pseudomonas; Pseudomonas aeruginosa group; Pseudomonas aeruginosa']
2914168	Pseudomonas phage P413	Viruses; Duplodnaviria; Heunggongvirae; Uroviricota; Caudoviricetes; Autographiviridae; Studiervirinae; Ghunavirus; unclassified Ghunavirus	P413	P413_taxid_2914168	['Pseudomonas savastanoi pv. glycinea']	['Bacteria; Pseudomonadota; Gammaproteobacteria; Pseudomonadales; Pseudomonadaceae; Pseudomonas; Pseudomonas syringae group; Pseudomonas syringae group genomosp. 2']
2900268	Pseudomonas phage Pa BHU-15	Viruses; Duplodnaviria; Heunggongvirae; Uroviricota; Caudoviricetes; Samunavirus; unclassified Samunavirus	Pa_BHU-15	Pa_BHU-15_taxid_2900268	['Pseudomonas aeruginosa']	['Bacteria; Pseudomonadota; Gammaproteobacteria; Pseudomonadales; Pseudomonadaceae; Pseudomonas; Pseudomonas aeruginosa group']
2900267	Pseudomonas phage Pa BHU-17	Viruses; Duplodnaviria; Heunggongvirae; Uroviricota; Caudoviricetes; Samunavirus; unclassified Samunavirus	Pa_BHU-17	Pa_BHU-17_taxid_2900267	['Pseudomonas aeruginosa']	['Bacteria; Pseudomonadota; Gammaproteobacteria; Pseudomonadales; Pseudomonadaceae; Pseudomonas; Pseudomonas aeruginosa group']
2498591	Pseudomonas phage PA01	Viruses; Duplodnaviria; Heunggongvirae; Uroviricota; Caudoviricetes; Pbunavirus; Pbunavirus PA01	PA01	PA01_taxid_2498591	['Pseudomonas aeruginosa PAO1']	['Bacteria; Pseudomonadota; Gammaproteobacteria; Pseudomonadales; Pseudomonadaceae; Pseudomonas; Pseudomonas aeruginosa group; Pseudomonas aeruginosa']
2499142	Pseudomonas phage PA02	Viruses; Duplodnaviria; Heunggongvirae; Uroviricota; Caudoviricetes; Phikzvirus; unclassified Phikzvirus	PA02	PA02_taxid_2499142	['Pseudomonas aeruginosa PAO1']	['Bacteria; Pseudomonadota; Gammaproteobacteria; Pseudomonadales; Pseudomonadaceae; Pseudomonas; Pseudomonas aeruginosa group; Pseudomonas aeruginosa']
2918832	Pseudomonas phage PA02_HSun-2022	Viruses; Duplodnaviria; Heunggongvirae; Uroviricota; Caudoviricetes; Septimatrevirus; Septimatrevirus kakheti25	PA02_HSun-2022	PA02_HSun-2022_taxid_2918832	['Pseudomonas aeruginosa']	['Bacteria; Pseudomonadota; Gammaproteobacteria; Pseudomonadales; Pseudomonadaceae; Pseudomonas; Pseudomonas aeruginosa group']
2920888	Pseudomonas phage PA1/KOR/2010	Viruses; Duplodnaviria; Heunggongvirae; Uroviricota; Caudoviricetes; Casadabanvirus; Casadabanvirus PA1KOR	PA1/KOR/2010	PA1/KOR/2010_taxid_2920888	['Pseudomonas aeruginosa']	['Bacteria; Pseudomonadota; Gammaproteobacteria; Pseudomonadales; Pseudomonadaceae; Pseudomonas; Pseudomonas aeruginosa group']
1913575	Pseudomonas phage PA10	Viruses; Duplodnaviria; Heunggongvirae; Uroviricota; Caudoviricetes; Pakpunavirus; Pakpunavirus PA10	PA10	PA10_taxid_1913575	['Pseudomonas aeruginosa']	['Bacteria; Pseudomonadota; Gammaproteobacteria; Pseudomonadales; Pseudomonadaceae; Pseudomonas; Pseudomonas aeruginosa group']
347327	Pseudomonas phage PA11	Viruses; Duplodnaviria; Heunggongvirae; Uroviricota; Caudoviricetes; Zobellviridae; Paundecimvirus; Paundecimvirus PA11	PA11	PA11_taxid_347327	['Pseudomonas aeruginosa']	['Bacteria; Pseudomonadota; Gammaproteobacteria; Pseudomonadales; Pseudomonadaceae; Pseudomonas; Pseudomonas aeruginosa group']
2601634	Pseudomonas phage PA11P1	Viruses; Duplodnaviria; Heunggongvirae; Uroviricota; Caudoviricetes; Pbunavirus; Pbunavirus PA8P1	PA11P1	PA11P1_taxid_2601634	['Pseudomonas aeruginosa']	['Bacteria; Pseudomonadota; Gammaproteobacteria; Pseudomonadales; Pseudomonadaceae; Pseudomonas; Pseudomonas aeruginosa group']
2914840	Pseudomonas phage PA15	Viruses; Duplodnaviria; Heunggongvirae; Uroviricota; Caudoviricetes; Schitoviridae; Migulavirinae; Litunavirus; Litunavirus PA26	PA15	PA15_taxid_2914840	['Pseudomonas aeruginosa']	['Bacteria; Pseudomonadota; Gammaproteobacteria; Pseudomonadales; Pseudomonadaceae; Pseudomonas; Pseudomonas aeruginosa group']
3003736	Pseudomonas phage PA19	Viruses; Duplodnaviria; Heunggongvirae; Uroviricota; Caudoviricetes; Pbunavirus; unclassified Pbunavirus	PA19	PA19_taxid_3003736	['Pseudomonas aeruginosa PAO1']	['Bacteria; Pseudomonadota; Gammaproteobacteria; Pseudomonadales; Pseudomonadaceae; Pseudomonas; Pseudomonas aeruginosa group; Pseudomonas aeruginosa']
2562177	Pseudomonas phage PA1C	Viruses; Duplodnaviria; Heunggongvirae; Uroviricota; Caudoviricetes; unclassified Caudoviricetes	PA1C	PA1C_taxid_2562177	['Pseudomonas aeruginosa']	['Bacteria; Pseudomonadota; Gammaproteobacteria; Pseudomonadales; Pseudomonadaceae; Pseudomonas; Pseudomonas aeruginosa group']
1530400	Pseudomonas phage Pa2	Viruses; Duplodnaviria; Heunggongvirae; Uroviricota; Caudoviricetes; Schitoviridae; Migulavirinae; Litunavirus; Litunavirus Ab09	Pa2	Pa2_taxid_1530400	['Pseudomonas aeruginosa PAO1']	['Bacteria; Pseudomonadota; Gammaproteobacteria; Pseudomonadales; Pseudomonadaceae; Pseudomonas; Pseudomonas aeruginosa group; Pseudomonas aeruginosa']
2590838	Pseudomonas phage Pa204	Viruses; Duplodnaviria; Heunggongvirae; Uroviricota; Caudoviricetes; Pbunavirus; Pbunavirus LS1	Pa204	Pa204_taxid_2590838	['Pseudomonas aeruginosa']	['Bacteria; Pseudomonadota; Gammaproteobacteria; Pseudomonadales; Pseudomonadaceae; Pseudomonas; Pseudomonas aeruginosa group']
1204542	Pseudomonas phage PA26	Viruses; Duplodnaviria; Heunggongvirae; Uroviricota; Caudoviricetes; Schitoviridae; Migulavirinae; Litunavirus; Litunavirus PA26	PA26	PA26_taxid_1204542	['Pseudomonas aeruginosa']	['Bacteria; Pseudomonadota; Gammaproteobacteria; Pseudomonadales; Pseudomonadaceae; Pseudomonas; Pseudomonas aeruginosa group']
2860996	Pseudomonas phage PA4	Viruses; Duplodnaviria; Heunggongvirae; Uroviricota; Caudoviricetes; Pbunavirus; Pbunavirus E215	PA4	PA4_taxid_2860996	['Pseudomonas aeruginosa PAO1']	['Bacteria; Pseudomonadota; Gammaproteobacteria; Pseudomonadales; Pseudomonadaceae; Pseudomonas; Pseudomonas aeruginosa group; Pseudomonas aeruginosa']
1913570	Pseudomonas phage PA5	Viruses; Duplodnaviria; Heunggongvirae; Uroviricota; Caudoviricetes; Pbunavirus; Pbunavirus PA5	PA5	PA5_taxid_1913570	['Pseudomonas aeruginosa']	['Bacteria; Pseudomonadota; Gammaproteobacteria; Pseudomonadales; Pseudomonadaceae; Pseudomonas; Pseudomonas aeruginosa group']
347330	Pseudomonas phage PA7	Viruses; Duplodnaviria; Heunggongvirae; Uroviricota; Caudoviricetes; Phikzvirus; Phikzvirus PA7	PA7	PA7_taxid_347330	['Pseudomonas aeruginosa']	['Bacteria; Pseudomonadota; Gammaproteobacteria; Pseudomonadales; Pseudomonadaceae; Pseudomonas; Pseudomonas aeruginosa group']
2860997	Pseudomonas phage PA8	Viruses; Duplodnaviria; Heunggongvirae; Uroviricota; Caudoviricetes; Hollowayvirus; unclassified Hollowayvirus	PA8	PA8_taxid_2860997	['Pseudomonas aeruginosa PAO1']	['Bacteria; Pseudomonadota; Gammaproteobacteria; Pseudomonadales; Pseudomonadaceae; Pseudomonas; Pseudomonas aeruginosa group; Pseudomonas aeruginosa']
2848039	Pseudomonas phage PA8P1	Viruses; Duplodnaviria; Heunggongvirae; Uroviricota; Caudoviricetes; Pbunavirus; Pbunavirus PA8P1	PA8P1	PA8P1_taxid_2848039	['Pseudomonas aeruginosa']	['Bacteria; Pseudomonadota; Gammaproteobacteria; Pseudomonadales; Pseudomonadaceae; Pseudomonas; Pseudomonas aeruginosa group']
1335230	Pseudomonas phage PaBG	Viruses; Duplodnaviria; Heunggongvirae; Uroviricota; Caudoviricetes; Baikalvirus; Baikalvirus PaBG	PaBG	PaBG_taxid_1335230	['Pseudomonas aeruginosa PAO1']	['Bacteria; Pseudomonadota; Gammaproteobacteria; Pseudomonadales; Pseudomonadaceae; Pseudomonas; Pseudomonas aeruginosa group; Pseudomonas aeruginosa']
3056111	Pseudomonas phage PaBSM-2607-JFK	Viruses; Duplodnaviria; Heunggongvirae; Uroviricota; Caudoviricetes; Peduoviridae; unclassified Peduoviridae	PaBSM-2607-JFK	PaBSM-2607-JFK_taxid_3056111	['Pseudomonas sp.']	['Bacteria; Pseudomonadota; Gammaproteobacteria; Pseudomonadales; Pseudomonadaceae; Pseudomonas']
1718273	Pseudomonas phage PAE1	Viruses; Duplodnaviria; Heunggongvirae; Uroviricota; Caudoviricetes; Mesyanzhinovviridae; Rabinowitzvirinae; Yuavirus; Pseudomonas virus PAE1	PAE1	PAE1_taxid_1718273	['Pseudomonas aeruginosa']	['Bacteria; Pseudomonadota; Gammaproteobacteria; Pseudomonadales; Pseudomonadaceae; Pseudomonas; Pseudomonas aeruginosa group']
2884453	Pseudomonas phage PAE2	Viruses; Duplodnaviria; Heunggongvirae; Uroviricota; Caudoviricetes; unclassified Caudoviricetes	PAE2	PAE2_taxid_2884453	['Pseudomonas aeruginosa']	['Bacteria; Pseudomonadota; Gammaproteobacteria; Pseudomonadales; Pseudomonadaceae; Pseudomonas; Pseudomonas aeruginosa group']
2981566	Pseudomonas phage PaeP_Ls	Viruses; Duplodnaviria; Heunggongvirae; Uroviricota; Caudoviricetes; Bruynoghevirus; unclassified Bruynoghevirus	PaeP_Ls	PaeP_Ls_taxid_2981566	['Pseudomonas aeruginosa']	['Bacteria; Pseudomonadota; Gammaproteobacteria; Pseudomonadales; Pseudomonadaceae; Pseudomonas; Pseudomonas aeruginosa group']
2203191	Pseudomonas phage PaGU11	Viruses; Duplodnaviria; Heunggongvirae; Uroviricota; Caudoviricetes; Pbunavirus; Pbunavirus PaGU11	PaGU11	PaGU11_taxid_2203191	['Pseudomonas aeruginosa']	['Bacteria; Pseudomonadota; Gammaproteobacteria; Pseudomonadales; Pseudomonadaceae; Pseudomonas; Pseudomonas aeruginosa group']
2419748	Pseudomonas phage PaGz-1	Viruses; Duplodnaviria; Heunggongvirae; Uroviricota; Caudoviricetes; Pakpunavirus; unclassified Pakpunavirus	PaGz-1	PaGz-1_taxid_2419748	['Pseudomonas aeruginosa PAO1']	['Bacteria; Pseudomonadota; Gammaproteobacteria; Pseudomonadales; Pseudomonadaceae; Pseudomonas; Pseudomonas aeruginosa group; Pseudomonas aeruginosa']
504346	Pseudomonas phage PAJU2	Viruses; Duplodnaviria; Heunggongvirae; Uroviricota; Caudoviricetes; Detrevirus; unclassified Detrevirus	PAJU2	PAJU2_taxid_504346	['Pseudomonas aeruginosa']	['Bacteria; Pseudomonadota; Gammaproteobacteria; Pseudomonadales; Pseudomonadaceae; Pseudomonas; Pseudomonas aeruginosa group']
743813	Pseudomonas phage PAK_P1	Viruses; Duplodnaviria; Heunggongvirae; Uroviricota; Caudoviricetes; Pakpunavirus; Pakpunavirus PAKP1	PAK_P1	PAK_P1_taxid_743813	['Pseudomonas aeruginosa PAK']	['Bacteria; Pseudomonadota; Gammaproteobacteria; Pseudomonadales; Pseudomonadaceae; Pseudomonas; Pseudomonas aeruginosa group; Pseudomonas aeruginosa']
1348912	Pseudomonas phage PAK_P2	Viruses; Duplodnaviria; Heunggongvirae; Uroviricota; Caudoviricetes; Pakpunavirus; Pakpunavirus PAKP2	PAK_P2	PAK_P2_taxid_1348912	['Pseudomonas aeruginosa PAK']	['Bacteria; Pseudomonadota; Gammaproteobacteria; Pseudomonadales; Pseudomonadaceae; Pseudomonas; Pseudomonas aeruginosa group; Pseudomonas aeruginosa']
981431	Pseudomonas phage PAK_P3	Viruses; Duplodnaviria; Heunggongvirae; Uroviricota; Caudoviricetes; Nankokuvirus; Nankokuvirus PAKP3	PAK_P3	PAK_P3_taxid_981431	['Pseudomonas aeruginosa PAK']	['Bacteria; Pseudomonadota; Gammaproteobacteria; Pseudomonadales; Pseudomonadaceae; Pseudomonas; Pseudomonas aeruginosa group; Pseudomonas aeruginosa']
1327966	Pseudomonas phage PAK_P4	Viruses; Duplodnaviria; Heunggongvirae; Uroviricota; Caudoviricetes; Pakpunavirus; Pakpunavirus PAKP4	PAK_P4	PAK_P4_taxid_1327966	['Pseudomonas aeruginosa PAK']	['Bacteria; Pseudomonadota; Gammaproteobacteria; Pseudomonadales; Pseudomonadaceae; Pseudomonas; Pseudomonas aeruginosa group; Pseudomonas aeruginosa']
1327964	Pseudomonas phage PAK_P5	Viruses; Duplodnaviria; Heunggongvirae; Uroviricota; Caudoviricetes; Nankokuvirus; Nankokuvirus PAKP3	PAK_P5	PAK_P5_taxid_1327964	['Pseudomonas aeruginosa PAK']	['Bacteria; Pseudomonadota; Gammaproteobacteria; Pseudomonadales; Pseudomonadaceae; Pseudomonas; Pseudomonas aeruginosa group; Pseudomonas aeruginosa']
1175657	Pseudomonas phage PaMx11	Viruses; Duplodnaviria; Heunggongvirae; Uroviricota; Caudoviricetes; Mesyanzhinovviridae; Bradleyvirinae; Abidjanvirus; Pseudomonas virus PaMx11	PaMx11	PaMx11_taxid_1175657	['Pseudomonas aeruginosa']	['Bacteria; Pseudomonadota; Gammaproteobacteria; Pseudomonadales; Pseudomonadaceae; Pseudomonas; Pseudomonas aeruginosa group']
1175654	Pseudomonas phage PaMx25	Viruses; Duplodnaviria; Heunggongvirae; Uroviricota; Caudoviricetes; Queuovirinae; Nipunavirus; Nipunavirus PaMx25	PaMx25	PaMx25_taxid_1175654	['Pseudomonas aeruginosa']	['Bacteria; Pseudomonadota; Gammaproteobacteria; Pseudomonadales; Pseudomonadaceae; Pseudomonas; Pseudomonas aeruginosa group']
1175659	Pseudomonas phage PaMx28	Viruses; Duplodnaviria; Heunggongvirae; Uroviricota; Caudoviricetes; Pamexvirus; Pamexvirus PaMx28	PaMx28	PaMx28_taxid_1175659	['Pseudomonas aeruginosa']	['Bacteria; Pseudomonadota; Gammaproteobacteria; Pseudomonadales; Pseudomonadaceae; Pseudomonas; Pseudomonas aeruginosa group']
1815974	Pseudomonas phage PaMx33	Viruses; Duplodnaviria; Heunggongvirae; Uroviricota; Caudoviricetes; Fredfastierviridae; Jamesmcgillvirus; unclassified Jamesmcgillvirus	PaMx33	PaMx33_taxid_1815974	['Pseudomonas aeruginosa']	['Bacteria; Pseudomonadota; Gammaproteobacteria; Pseudomonadales; Pseudomonadaceae; Pseudomonas; Pseudomonas aeruginosa group']
1815975	Pseudomonas phage PaMx35	Viruses; Duplodnaviria; Heunggongvirae; Uroviricota; Caudoviricetes; Fredfastierviridae; Jamesmcgillvirus; unclassified Jamesmcgillvirus	PaMx35	PaMx35_taxid_1815975	['Pseudomonas aeruginosa']	['Bacteria; Pseudomonadota; Gammaproteobacteria; Pseudomonadales; Pseudomonadaceae; Pseudomonas; Pseudomonas aeruginosa group']
1815976	Pseudomonas phage PaMx41	Viruses; Duplodnaviria; Heunggongvirae; Uroviricota; Caudoviricetes; Fredfastierviridae; Jamesmcgillvirus; Jamesmcgillvirus PaMx41	PaMx41	PaMx41_taxid_1815976	['Pseudomonas aeruginosa']	['Bacteria; Pseudomonadota; Gammaproteobacteria; Pseudomonadales; Pseudomonadaceae; Pseudomonas; Pseudomonas aeruginosa group']
1175662	Pseudomonas phage PaMx42	Viruses; Duplodnaviria; Heunggongvirae; Uroviricota; Caudoviricetes; Septimatrevirus; unclassified Septimatrevirus	PaMx42	PaMx42_taxid_1175662	['Pseudomonas aeruginosa']	['Bacteria; Pseudomonadota; Gammaproteobacteria; Pseudomonadales; Pseudomonadaceae; Pseudomonas; Pseudomonas aeruginosa group']
1815977	Pseudomonas phage PaMx43	Viruses; Duplodnaviria; Heunggongvirae; Uroviricota; Caudoviricetes; Fredfastierviridae; Jamesmcgillvirus; unclassified Jamesmcgillvirus	PaMx43	PaMx43_taxid_1815977	['Pseudomonas aeruginosa']	['Bacteria; Pseudomonadota; Gammaproteobacteria; Pseudomonadales; Pseudomonadaceae; Pseudomonas; Pseudomonas aeruginosa group']
1815978	Pseudomonas phage PaMx46	Viruses; Duplodnaviria; Heunggongvirae; Uroviricota; Caudoviricetes; Fredfastierviridae; Jamesmcgillvirus; unclassified Jamesmcgillvirus	PaMx46	PaMx46_taxid_1815978	['Pseudomonas aeruginosa']	['Bacteria; Pseudomonadota; Gammaproteobacteria; Pseudomonadales; Pseudomonadaceae; Pseudomonas; Pseudomonas aeruginosa group']
1175655	Pseudomonas phage PaMx73	Viruses; Duplodnaviria; Heunggongvirae; Uroviricota; Caudoviricetes; Casadabanvirus; Casadabanvirus D3112	PaMx73	PaMx73_taxid_1175655	['Pseudomonas aeruginosa']	['Bacteria; Pseudomonadota; Gammaproteobacteria; Pseudomonadales; Pseudomonadaceae; Pseudomonas; Pseudomonas aeruginosa group']
1175663	Pseudomonas phage PaMx74	Viruses; Duplodnaviria; Heunggongvirae; Uroviricota; Caudoviricetes; Pamexvirus; Pamexvirus PaMx74	PaMx74	PaMx74_taxid_1175663	['Pseudomonas aeruginosa']	['Bacteria; Pseudomonadota; Gammaproteobacteria; Pseudomonadales; Pseudomonadaceae; Pseudomonas; Pseudomonas aeruginosa group']
1548421	Pseudomonas phage PAN70	Viruses; Duplodnaviria; Heunggongvirae; Uroviricota; Caudoviricetes; unclassified Caudoviricetes	PAN70	PAN70_taxid_1548421	['Pseudomonas aeruginosa']	['Bacteria; Pseudomonadota; Gammaproteobacteria; Pseudomonadales; Pseudomonadaceae; Pseudomonas; Pseudomonas aeruginosa group']
1716042	Pseudomonas phage PaoP5	Viruses; Duplodnaviria; Heunggongvirae; Uroviricota; Caudoviricetes; Pakpunavirus; unclassified Pakpunavirus	PaoP5	PaoP5_taxid_1716042	['Pseudomonas aeruginosa PAO1']	['Bacteria; Pseudomonadota; Gammaproteobacteria; Pseudomonadales; Pseudomonadaceae; Pseudomonas; Pseudomonas aeruginosa group; Pseudomonas aeruginosa']
2583508	Pseudomonas phage PAP-JP	Viruses; Duplodnaviria; Heunggongvirae; Uroviricota; Caudoviricetes; Nankokuvirus; Nankokuvirus KPP10	PAP-JP	PAP-JP_taxid_2583508	['Pseudomonas aeruginosa']	['Bacteria; Pseudomonadota; Gammaproteobacteria; Pseudomonadales; Pseudomonadaceae; Pseudomonas; Pseudomonas aeruginosa group']
2713224	Pseudomonas phage PAP02	Viruses; Duplodnaviria; Heunggongvirae; Uroviricota; Caudoviricetes; Schitoviridae; Migulavirinae; Litunavirus; unclassified Litunavirus	PAP02	PAP02_taxid_2713224	['Pseudomonas aeruginosa']	['Bacteria; Pseudomonadota; Gammaproteobacteria; Pseudomonadales; Pseudomonadaceae; Pseudomonas; Pseudomonas aeruginosa group']
685892	Pseudomonas phage PaP1	Viruses; Duplodnaviria; Heunggongvirae; Uroviricota; Caudoviricetes; Pakpunavirus; Pakpunavirus PaP1	PaP1	PaP1_taxid_685892	['Pseudomonas aeruginosa PA1']	['Bacteria; Pseudomonadota; Gammaproteobacteria; Pseudomonadales; Pseudomonadaceae; Pseudomonas; Pseudomonas aeruginosa group; Pseudomonas aeruginosa']
2611413	Pseudomonas phage PaP1_EPu-2019	Viruses; Duplodnaviria; Heunggongvirae; Uroviricota; Caudoviricetes; Pbunavirus; Pbunavirus PA8P1	PaP1_EPu-2019	PaP1_EPu-2019_taxid_2611413	['Pseudomonas aeruginosa']	['Bacteria; Pseudomonadota; Gammaproteobacteria; Pseudomonadales; Pseudomonadaceae; Pseudomonas; Pseudomonas aeruginosa group']
270673	Pseudomonas phage PaP2	Viruses; Duplodnaviria; Heunggongvirae; Uroviricota; Caudoviricetes; Fredfastierviridae; Jamesmcgillvirus; unclassified Jamesmcgillvirus	PaP2	PaP2_taxid_270673	['Pseudomonas aeruginosa']	['Bacteria; Pseudomonadota; Gammaproteobacteria; Pseudomonadales; Pseudomonadaceae; Pseudomonas; Pseudomonas aeruginosa group']
2905964	Pseudomonas phage PaP3	Viruses; Duplodnaviria; Heunggongvirae; Uroviricota; Caudoviricetes; Bruynoghevirus; Bruynoghevirus PaP3	PaP3	PaP3_taxid_2905964	['Pseudomonas']	['Bacteria; Pseudomonadota; Gammaproteobacteria; Pseudomonadales; Pseudomonadaceae']
1273709	Pseudomonas phage PaP4	Viruses; Duplodnaviria; Heunggongvirae; Uroviricota; Caudoviricetes; Bruynoghevirus; Bruynoghevirus PaP4	PaP4	PaP4_taxid_1273709	['Pseudomonas aeruginosa']	['Bacteria; Pseudomonadota; Gammaproteobacteria; Pseudomonadales; Pseudomonadaceae; Pseudomonas; Pseudomonas aeruginosa group']
2913128	Pseudomonas phage PAP8	Viruses; Duplodnaviria; Heunggongvirae; Uroviricota; Caudoviricetes; Pbunavirus; unclassified Pbunavirus	PAP8	PAP8_taxid_2913128	['Pseudomonas aeruginosa']	['Bacteria; Pseudomonadota; Gammaproteobacteria; Pseudomonadales; Pseudomonadaceae; Pseudomonas; Pseudomonas aeruginosa group']
2894352	Pseudomonas phage PaP_Se	Viruses; Duplodnaviria; Heunggongvirae; Uroviricota; Caudoviricetes; Bruynoghevirus; unclassified Bruynoghevirus	PaP_Se	PaP_Se_taxid_2894352	['Pseudomonas aeruginosa']	['Bacteria; Pseudomonadota; Gammaproteobacteria; Pseudomonadales; Pseudomonadaceae; Pseudomonas; Pseudomonas aeruginosa group']
2856175	Pseudomonas phage PARCL1pr	Viruses; Duplodnaviria; Heunggongvirae; Uroviricota; Caudoviricetes; unclassified Caudoviricetes	PARCL1pr	PARCL1pr_taxid_2856175	['Pseudomonas sp.']	['Bacteria; Pseudomonadota; Gammaproteobacteria; Pseudomonadales; Pseudomonadaceae; Pseudomonas']
2776770	Pseudomonas phage PASA16	Viruses; Duplodnaviria; Heunggongvirae; Uroviricota; Caudoviricetes; Pbunavirus; unclassified Pbunavirus	PASA16	PASA16_taxid_2776770	['Pseudomonas aeruginosa']	['Bacteria; Pseudomonadota; Gammaproteobacteria; Pseudomonadales; Pseudomonadaceae; Pseudomonas; Pseudomonas aeruginosa group']
2419749	Pseudomonas phage PaSz-4	Viruses; Duplodnaviria; Heunggongvirae; Uroviricota; Caudoviricetes; Mesyanzhinovviridae; Rabinowitzvirinae; Yuavirus; unclassified Yuavirus	PaSz-4	PaSz-4_taxid_2419749	['Pseudomonas aeruginosa PAO1']	['Bacteria; Pseudomonadota; Gammaproteobacteria; Pseudomonadales; Pseudomonadaceae; Pseudomonas; Pseudomonas aeruginosa group; Pseudomonas aeruginosa']
2419750	Pseudomonas phage PaSzW-1	Viruses; Duplodnaviria; Heunggongvirae; Uroviricota; Caudoviricetes; Pakpunavirus; unclassified Pakpunavirus	PaSzW-1	PaSzW-1_taxid_2419750	['Pseudomonas aeruginosa PAO1']	['Bacteria; Pseudomonadota; Gammaproteobacteria; Pseudomonadales; Pseudomonadaceae; Pseudomonas; Pseudomonas aeruginosa group; Pseudomonas aeruginosa']
2419751	Pseudomonas phage PaTs-2	Viruses; Duplodnaviria; Heunggongvirae; Uroviricota; Caudoviricetes; Mesyanzhinovviridae; Rabinowitzvirinae; Yuavirus; unclassified Yuavirus	PaTs-2	PaTs-2_taxid_2419751	['Pseudomonas aeruginosa PAO1']	['Bacteria; Pseudomonadota; Gammaproteobacteria; Pseudomonadales; Pseudomonadaceae; Pseudomonas; Pseudomonas aeruginosa group; Pseudomonas aeruginosa']
3065242	Pseudomonas phage PaVOA	Viruses; Duplodnaviria; Heunggongvirae; Uroviricota; Caudoviricetes; unclassified Caudoviricetes	PaVOA	PaVOA_taxid_3065242	['Pseudomonas aeruginosa']	['Bacteria; Pseudomonadota; Gammaproteobacteria; Pseudomonadales; Pseudomonadaceae; Pseudomonas; Pseudomonas aeruginosa group']
3043316	Pseudomonas phage PaVOB	Viruses; Duplodnaviria; Heunggongvirae; Uroviricota; Caudoviricetes; Schitoviridae; Migulavirinae; Litunavirus; unclassified Litunavirus	PaVOB	PaVOB_taxid_3043316	['Pseudomonas aeruginosa']	['Bacteria; Pseudomonadota; Gammaproteobacteria; Pseudomonadales; Pseudomonadaceae; Pseudomonas; Pseudomonas aeruginosa group']
1962679	Pseudomonas phage PAXYB1	Viruses; Duplodnaviria; Heunggongvirae; Uroviricota; Caudoviricetes; Autographiviridae; Krylovirinae; Phikmvvirus; Phikmvvirus PAXYB1	PAXYB1	PAXYB1_taxid_1962679	['Pseudomonas aeruginosa PAO1']	['Bacteria; Pseudomonadota; Gammaproteobacteria; Pseudomonadales; Pseudomonadaceae; Pseudomonas; Pseudomonas aeruginosa group; Pseudomonas aeruginosa']
2301646	Pseudomonas phage PaYy-2	Viruses; Duplodnaviria; Heunggongvirae; Uroviricota; Caudoviricetes; Pakpunavirus; unclassified Pakpunavirus	PaYy-2	PaYy-2_taxid_2301646	['Pseudomonas aeruginosa', 'Pseudomonas aeruginosa PAO1']	['Bacteria; Pseudomonadota; Gammaproteobacteria; Pseudomonadales; Pseudomonadaceae; Pseudomonas; Pseudomonas aeruginosa group', 'Bacteria; Pseudomonadota; Gammaproteobacteria; Pseudomonadales; Pseudomonadaceae; Pseudomonas; Pseudomonas aeruginosa group; Pseudomonas aeruginosa']
2419747	Pseudomonas phage PaZq-1	Viruses; Duplodnaviria; Heunggongvirae; Uroviricota; Caudoviricetes; Pakpunavirus; unclassified Pakpunavirus	PaZq-1	PaZq-1_taxid_2419747	['Pseudomonas aeruginosa PAO1']	['Bacteria; Pseudomonadota; Gammaproteobacteria; Pseudomonadales; Pseudomonadaceae; Pseudomonas; Pseudomonas aeruginosa group; Pseudomonas aeruginosa']
2930394	Pseudomonas phage PA_LZ01	Viruses; Duplodnaviria; Heunggongvirae; Uroviricota; Caudoviricetes; Pbunavirus; unclassified Pbunavirus	PA_LZ01	PA_LZ01_taxid_2930394	['Pseudomonas aeruginosa PAO1']	['Bacteria; Pseudomonadota; Gammaproteobacteria; Pseudomonadales; Pseudomonadaceae; Pseudomonas; Pseudomonas aeruginosa group; Pseudomonas aeruginosa']
3041094	Pseudomonas phage PA_LZ02	Viruses; Duplodnaviria; Heunggongvirae; Uroviricota; Caudoviricetes; Pamexvirus; unclassified Pamexvirus	PA_LZ02	PA_LZ02_taxid_3041094	['Pseudomonas aeruginosa PAO1']	['Bacteria; Pseudomonadota; Gammaproteobacteria; Pseudomonadales; Pseudomonadaceae; Pseudomonas; Pseudomonas aeruginosa group; Pseudomonas aeruginosa']
3041206	Pseudomonas phage PA_LZ03	Viruses; Duplodnaviria; Heunggongvirae; Uroviricota; Caudoviricetes; Mesyanzhinovviridae; Bradleyvirinae; Abidjanvirus; unclassified Abidjanvirus	PA_LZ03	PA_LZ03_taxid_3041206	['Pseudomonas aeruginosa PA14']	['Bacteria; Pseudomonadota; Gammaproteobacteria; Pseudomonadales; Pseudomonadaceae; Pseudomonas; Pseudomonas aeruginosa group; Pseudomonas aeruginosa']
3030635	Pseudomonas phage PA_LZ7	Viruses; Duplodnaviria; Heunggongvirae; Uroviricota; Caudoviricetes; Pbunavirus; unclassified Pbunavirus	PA_LZ7	PA_LZ7_taxid_3030635	['Pseudomonas aeruginosa PAO1']	['Bacteria; Pseudomonadota; Gammaproteobacteria; Pseudomonadales; Pseudomonadaceae; Pseudomonas; Pseudomonas aeruginosa group; Pseudomonas aeruginosa']
538398	Pseudomonas phage PB1	Viruses; Duplodnaviria; Heunggongvirae; Uroviricota; Caudoviricetes; Pbunavirus; Pbunavirus PB1	PB1	PB1_taxid_538398	['Pseudomonas aeruginosa']	['Bacteria; Pseudomonadota; Gammaproteobacteria; Pseudomonadales; Pseudomonadaceae; Pseudomonas; Pseudomonas aeruginosa group']
3003737	Pseudomonas phage PB10	Viruses; Duplodnaviria; Heunggongvirae; Uroviricota; Caudoviricetes; Pbunavirus; unclassified Pbunavirus	PB10	PB10_taxid_3003737	['Pseudomonas aeruginosa PAO1']	['Bacteria; Pseudomonadota; Gammaproteobacteria; Pseudomonadales; Pseudomonadaceae; Pseudomonas; Pseudomonas aeruginosa group; Pseudomonas aeruginosa']
2875705	Pseudomonas phage PCS4	Viruses; Duplodnaviria; Heunggongvirae; Uroviricota; Caudoviricetes; Autographiviridae; Studiervirinae; Pifdecavirus; Pifdecavirus UNOSLW1	PCS4	PCS4_taxid_2875705	['Pseudomonas fluorescens']	['Bacteria; Pseudomonadota; Gammaproteobacteria; Pseudomonadales; Pseudomonadaceae; Pseudomonas; Pseudomonas fluorescens group']
2936830	Pseudomonas phage PCS5	Viruses; Duplodnaviria; Heunggongvirae; Uroviricota; Caudoviricetes; Autographiviridae; Studiervirinae; Pifdecavirus; unclassified Pifdecavirus	PCS5	PCS5_taxid_2936830	['Pseudomonas putida NBRC 14164']	['Bacteria; Pseudomonadota; Gammaproteobacteria; Pseudomonadales; Pseudomonadaceae; Pseudomonas; Pseudomonas putida group; Pseudomonas putida']
2918862	Pseudomonas phage PCW2	Viruses; Duplodnaviria; Heunggongvirae; Uroviricota; Caudoviricetes; Autographiviridae; Studiervirinae; Ghunavirus; Ghunavirus PSA2	PCW2	PCW2_taxid_2918862	['Pseudomonas putida']	['Bacteria; Pseudomonadota; Gammaproteobacteria; Pseudomonadales; Pseudomonadaceae; Pseudomonas; Pseudomonas putida group']
2696355	Pseudomonas phage PE09	Viruses; Duplodnaviria; Heunggongvirae; Uroviricota; Caudoviricetes; Otagovirus; unclassified Otagovirus	PE09	PE09_taxid_2696355	['Pseudomonas syringae pv. actinidiae']	['Bacteria; Pseudomonadota; Gammaproteobacteria; Pseudomonadales; Pseudomonadaceae; Pseudomonas; Pseudomonas syringae group; Pseudomonas syringae group genomosp. 1']
2749430	Pseudomonas phage Persinger	Viruses; Duplodnaviria; Heunggongvirae; Uroviricota; Caudoviricetes; Harrisonburgvirus; Harrisonburgvirus persinger	Persinger	Persinger_taxid_2749430	['Pseudomonas aeruginosa']	['Bacteria; Pseudomonadota; Gammaproteobacteria; Pseudomonadales; Pseudomonadaceae; Pseudomonas; Pseudomonas aeruginosa group']
1837850	Pseudomonas phage PEV2	Viruses; Duplodnaviria; Heunggongvirae; Uroviricota; Caudoviricetes; Schitoviridae; Migulavirinae; Litunavirus; Litunavirus Ab09	PEV2	PEV2_taxid_1837850	['Pseudomonas aeruginosa']	['Bacteria; Pseudomonadota; Gammaproteobacteria; Pseudomonadales; Pseudomonadaceae; Pseudomonas; Pseudomonas aeruginosa group']
1562076	Pseudomonas phage Pf-10	Viruses; Duplodnaviria; Heunggongvirae; Uroviricota; Caudoviricetes; Autographiviridae; Studiervirinae; Pifdecavirus; Pifdecavirus Pf10	Pf-10	Pf-10_taxid_1562076	['Pseudomonas fluorescens', 'Pseudomonas putida']	['Bacteria; Pseudomonadota; Gammaproteobacteria; Pseudomonadales; Pseudomonadaceae; Pseudomonas; Pseudomonas fluorescens group', 'Bacteria; Pseudomonadota; Gammaproteobacteria; Pseudomonadales; Pseudomonadaceae; Pseudomonas; Pseudomonas putida group']
2761363	Pseudomonas phage Pf1 ERZ-2017	Viruses; Duplodnaviria; Heunggongvirae; Uroviricota; Caudoviricetes; Autographiviridae; Studiervirinae; Ghunavirus; Ghunavirus Pf1ERZ2017	Pf1_ERZ-2017	Pf1_ERZ-2017_taxid_2761363	['Pseudomonas fluorescens']	['Bacteria; Pseudomonadota; Gammaproteobacteria; Pseudomonadales; Pseudomonadaceae; Pseudomonas; Pseudomonas fluorescens group']
1815630	Pseudomonas phage pf16	Viruses; Duplodnaviria; Heunggongvirae; Uroviricota; Caudoviricetes; Chakrabartyvirus; Chakrabartyvirus pf16	pf16	pf16_taxid_1815630	['Pseudomonas putida']	['Bacteria; Pseudomonadota; Gammaproteobacteria; Pseudomonadales; Pseudomonadaceae; Pseudomonas; Pseudomonas putida group']
2914026	Pseudomonas phage Pf17397_F_PD1	Viruses; Duplodnaviria; Heunggongvirae; Uroviricota; Caudoviricetes; Autographiviridae; Studiervirinae; Pijolavirus; unclassified Pijolavirus	Pf17397_F_PD1	Pf17397_F_PD1_taxid_2914026	['Pseudomonas sp.']	['Bacteria; Pseudomonadota; Gammaproteobacteria; Pseudomonadales; Pseudomonadaceae; Pseudomonas']
10872	Pseudomonas phage Pf3	Viruses; Monodnaviria; Loebvirae; Hofneiviricota; Faserviricetes; Tubulavirales; Inoviridae; Tertilicivirus; Tertilicivirus Pf3	Pf3	Pf3_taxid_10872	['Pseudomonas aeruginosa']	['Bacteria; Pseudomonadota; Gammaproteobacteria; Pseudomonadales; Pseudomonadaceae; Pseudomonas; Pseudomonas aeruginosa group']
2686285	Pseudomonas phage pf8_ST274-AUS411	Viruses; Monodnaviria; Loebvirae; Hofneiviricota; Faserviricetes; Tubulavirales; Inoviridae; Primolicivirus; Primolicivirus Pf8	pf8_ST274-AUS411	pf8_ST274-AUS411_taxid_2686285	['Pseudomonas aeruginosa']	['Bacteria; Pseudomonadota; Gammaproteobacteria; Pseudomonadales; Pseudomonadaceae; Pseudomonas; Pseudomonas aeruginosa group']
2201462	Pseudomonas phage PFP1	Viruses; Duplodnaviria; Heunggongvirae; Uroviricota; Caudoviricetes; Autographiviridae; Studiervirinae; Pifdecavirus; Pifdecavirus PFP1	PFP1	PFP1_taxid_2201462	['Pseudomonas fluorescens']	['Bacteria; Pseudomonadota; Gammaproteobacteria; Pseudomonadales; Pseudomonadaceae; Pseudomonas; Pseudomonas fluorescens group']
2951191	Pseudomonas phage PH826	Viruses; Duplodnaviria; Heunggongvirae; Uroviricota; Caudoviricetes; Nankokuvirus; unclassified Nankokuvirus	PH826	PH826_taxid_2951191	['Pseudomonas aeruginosa']	['Bacteria; Pseudomonadota; Gammaproteobacteria; Pseudomonadales; Pseudomonadaceae; Pseudomonas; Pseudomonas aeruginosa group']
2006668	Pseudomonas phage Phabio	Viruses; Duplodnaviria; Heunggongvirae; Uroviricota; Caudoviricetes; unclassified Caudoviricetes	Phabio	Phabio_taxid_2006668	['Pseudomonas fluorescens SBW25']	['Bacteria; Pseudomonadota; Gammaproteobacteria; Pseudomonadales; Pseudomonadaceae; Pseudomonas; Pseudomonas fluorescens group; Pseudomonas fluorescens']
2867265	Pseudomonas phage PHB09	Viruses; Duplodnaviria; Heunggongvirae; Uroviricota; Caudoviricetes; unclassified Caudoviricetes	PHB09	PHB09_taxid_2867265	['Pseudomonas syringae pv. actinidiae']	['Bacteria; Pseudomonadota; Gammaproteobacteria; Pseudomonadales; Pseudomonadaceae; Pseudomonas; Pseudomonas syringae group; Pseudomonas syringae group genomosp. 1']
2268587	Pseudomonas phage phCDa	Viruses; Duplodnaviria; Heunggongvirae; Uroviricota; Caudoviricetes; Schitoviridae; Shizishanvirus; Shizishanvirus phCDa	phCDa	phCDa_taxid_2268587	['Pseudomonas fluorescens']	['Bacteria; Pseudomonadota; Gammaproteobacteria; Pseudomonadales; Pseudomonadaceae; Pseudomonas; Pseudomonas fluorescens group']
693582	Pseudomonas phage phi-2	Viruses; Duplodnaviria; Heunggongvirae; Uroviricota; Caudoviricetes; Autographiviridae; Krylovirinae; Tunggulvirus; Tunggulvirus f2	phi-2	phi-2_taxid_693582	['Pseudomonas fluorescens SBW25']	['Bacteria; Pseudomonadota; Gammaproteobacteria; Pseudomonadales; Pseudomonadaceae; Pseudomonas; Pseudomonas fluorescens group; Pseudomonas fluorescens']
1204538	Pseudomonas phage Phi-S1	Viruses; Duplodnaviria; Heunggongvirae; Uroviricota; Caudoviricetes; Autographiviridae; Studiervirinae; Pifdecavirus; Pifdecavirus PhiS1	Phi-S1	Phi-S1_taxid_1204538	['Pseudomonas fluorescens']	['Bacteria; Pseudomonadota; Gammaproteobacteria; Pseudomonadales; Pseudomonadaceae; Pseudomonas; Pseudomonas fluorescens group']
1754216	Pseudomonas phage phi1	Viruses; Duplodnaviria; Heunggongvirae; Uroviricota; Caudoviricetes; Detrevirus; unclassified Detrevirus	phi1	phi1_taxid_1754216	['Pseudomonas aeruginosa']	['Bacteria; Pseudomonadota; Gammaproteobacteria; Pseudomonadales; Pseudomonadaceae; Pseudomonas; Pseudomonas aeruginosa group']
161736	Pseudomonas phage phi12	Viruses; Riboviria; Orthornavirae; Duplornaviricota; Vidaverviricetes; Mindivirales; Cystoviridae; Cystovirus; Cystovirus phi12	phi12	phi12_taxid_161736	['Pseudomonas syringae']	['Bacteria; Pseudomonadota; Gammaproteobacteria; Pseudomonadales; Pseudomonadaceae; Pseudomonas; Pseudomonas syringae group; Pseudomonas syringae group genomosp. 1']
134554	Pseudomonas phage phi13	Viruses; Riboviria; Orthornavirae; Duplornaviricota; Vidaverviricetes; Mindivirales; Cystoviridae; Cystovirus; Cystovirus phi13	phi13	phi13_taxid_134554	['Pseudomonas syringae']	['Bacteria; Pseudomonadota; Gammaproteobacteria; Pseudomonadales; Pseudomonadaceae; Pseudomonas; Pseudomonas syringae group; Pseudomonas syringae group genomosp. 1']
988656	Pseudomonas phage phi15	Viruses; Duplodnaviria; Heunggongvirae; Uroviricota; Caudoviricetes; Autographiviridae; Studiervirinae; Troedvirus; Troedvirus Phi15	phi15	phi15_taxid_988656	['Pseudomonas putida']	['Bacteria; Pseudomonadota; Gammaproteobacteria; Pseudomonadales; Pseudomonadaceae; Pseudomonas; Pseudomonas putida group']
1541891	Pseudomonas phage phi176	Viruses; Duplodnaviria; Heunggongvirae; Uroviricota; Caudoviricetes; Schitoviridae; Migulavirinae; Litunavirus; Litunavirus Ab09	phi176	phi176_taxid_1541891	['Pseudomonas aeruginosa PAO1']	['Bacteria; Pseudomonadota; Gammaproteobacteria; Pseudomonadales; Pseudomonadaceae; Pseudomonas; Pseudomonas aeruginosa group; Pseudomonas aeruginosa']
1450169	Pseudomonas phage phi2	Viruses; Duplodnaviria; Heunggongvirae; Uroviricota; Caudoviricetes; unclassified Caudoviricetes	phi2	phi2_taxid_1450169	['Pseudomonas aeruginosa']	['Bacteria; Pseudomonadota; Gammaproteobacteria; Pseudomonadales; Pseudomonadaceae; Pseudomonas; Pseudomonas aeruginosa group']
593131	Pseudomonas phage phi2954	Viruses; Riboviria; Orthornavirae; Duplornaviricota; Vidaverviricetes; Mindivirales; Cystoviridae; Cystovirus; Cystovirus phi2954	phi2954	phi2954_taxid_593131	['Pseudomonas syringae']	['Bacteria; Pseudomonadota; Gammaproteobacteria; Pseudomonadales; Pseudomonadaceae; Pseudomonas; Pseudomonas syringae group; Pseudomonas syringae group genomosp. 1']
1129145	Pseudomonas phage phi297	Viruses; Duplodnaviria; Heunggongvirae; Uroviricota; Caudoviricetes; unclassified Caudoviricetes	phi297	phi297_taxid_1129145	['Pseudomonas aeruginosa']	['Bacteria; Pseudomonadota; Gammaproteobacteria; Pseudomonadales; Pseudomonadaceae; Pseudomonas; Pseudomonas aeruginosa group']
1754217	Pseudomonas phage phi3	Viruses; Duplodnaviria; Heunggongvirae; Uroviricota; Caudoviricetes; Peduoviridae; Phitrevirus; Phitrevirus phi3	phi3	phi3_taxid_1754217	['Pseudomonas aeruginosa']	['Bacteria; Pseudomonadota; Gammaproteobacteria; Pseudomonadales; Pseudomonadaceae; Pseudomonas; Pseudomonas aeruginosa group']
2928686	Pseudomonas phage phi6	Viruses; Riboviria; Orthornavirae; Duplornaviricota; Vidaverviricetes; Mindivirales; Cystoviridae; Cystovirus; Cystovirus phi6	phi6	phi6_taxid_2928686	['Pseudomonas savastanoi pv. phaseolicola']	['Bacteria; Pseudomonadota; Gammaproteobacteria; Pseudomonadales; Pseudomonadaceae; Pseudomonas; Pseudomonas syringae group; Pseudomonas syringae group genomosp. 2']
120086	Pseudomonas phage phi8	Viruses; Riboviria; Orthornavirae; Duplornaviricota; Vidaverviricetes; Mindivirales; Cystoviridae; Cystovirus; Cystovirus phi8	phi8	phi8_taxid_120086	['Pseudomonas syringae']	['Bacteria; Pseudomonadota; Gammaproteobacteria; Pseudomonadales; Pseudomonadaceae; Pseudomonas; Pseudomonas syringae group; Pseudomonas syringae group genomosp. 1']
1805958	Pseudomonas phage phiAH14a	Viruses; Duplodnaviria; Heunggongvirae; Uroviricota; Caudoviricetes; unclassified Caudoviricetes	phiAH14a	phiAH14a_taxid_1805958	['Pseudomonas sp. ANT_H14']	['Bacteria; Pseudomonadota; Gammaproteobacteria; Pseudomonadales; Pseudomonadaceae; Pseudomonas']
1805959	Pseudomonas phage phiAH14b	Viruses; Duplodnaviria; Heunggongvirae; Uroviricota; Caudoviricetes; unclassified Caudoviricetes	phiAH14b	phiAH14b_taxid_1805959	['Pseudomonas sp. ANT_H14']	['Bacteria; Pseudomonadota; Gammaproteobacteria; Pseudomonadales; Pseudomonadaceae; Pseudomonas']
2755402	Pseudomonas phage phiB1_1	Viruses; Duplodnaviria; Heunggongvirae; Uroviricota; Caudoviricetes; Autographiviridae; Krylovirinae; unclassified Krylovirinae	phiB1_1	phiB1_1_taxid_2755402	['Pseudomonas savastanoi pv. phaseolicola']	['Bacteria; Pseudomonadota; Gammaproteobacteria; Pseudomonadales; Pseudomonadaceae; Pseudomonas; Pseudomonas syringae group; Pseudomonas syringae group genomosp. 2']
1921524	Pseudomonas phage phiC725A	Viruses; Duplodnaviria; Heunggongvirae; Uroviricota; Caudoviricetes; Hollowayvirus; unclassified Hollowayvirus	phiC725A	phiC725A_taxid_1921524	['Pseudomonas']	['Bacteria; Pseudomonadota; Gammaproteobacteria; Pseudomonadales; Pseudomonadaceae']
1589273	Pseudomonas phage PhiCHU	Viruses; Duplodnaviria; Heunggongvirae; Uroviricota; Caudoviricetes; Bruynoghevirus; Bruynoghevirus CHU	PhiCHU	PhiCHU_taxid_1589273	['Pseudomonas aeruginosa']	['Bacteria; Pseudomonadota; Gammaproteobacteria; Pseudomonadales; Pseudomonadaceae; Pseudomonas; Pseudomonas aeruginosa group']
2993857	Pseudomonas phage phiCTX	Viruses; Duplodnaviria; Heunggongvirae; Uroviricota; Caudoviricetes; Peduoviridae; Citexvirus; Citexvirus phiCTX	phiCTX	phiCTX_taxid_2993857	['Pseudomonas aeruginosa']	['Bacteria; Pseudomonadota; Gammaproteobacteria; Pseudomonadales; Pseudomonadaceae; Pseudomonas; Pseudomonas aeruginosa group']
3075955	Pseudomonas phage phiDCL-PA6	Viruses; Duplodnaviria; Heunggongvirae; Uroviricota; Caudoviricetes; Pbunavirus; unclassified Pbunavirus	phiDCL-PA6	phiDCL-PA6_taxid_3075955	['Pseudomonas aeruginosa']	['Bacteria; Pseudomonadota; Gammaproteobacteria; Pseudomonadales; Pseudomonadaceae; Pseudomonas; Pseudomonas aeruginosa group']
2816462	Pseudomonas phage phiGM22-3	Viruses; Duplodnaviria; Heunggongvirae; Uroviricota; Caudoviricetes; Autographiviridae; Krylovirinae; Tunggulvirus; unclassified Tunggulvirus	phiGM22-3	phiGM22-3_taxid_2816462	['Pseudomonas fluorescens']	['Bacteria; Pseudomonadota; Gammaproteobacteria; Pseudomonadales; Pseudomonadaceae; Pseudomonas; Pseudomonas fluorescens group']
2982871	Pseudomonas phage phiH1	Viruses; Duplodnaviria; Heunggongvirae; Uroviricota; Caudoviricetes; Pamexvirus; unclassified Pamexvirus	phiH1	phiH1_taxid_2982871	['Pseudomonas aeruginosa PA14']	['Bacteria; Pseudomonadota; Gammaproteobacteria; Pseudomonadales; Pseudomonadaceae; Pseudomonas; Pseudomonas aeruginosa group; Pseudomonas aeruginosa']
2981578	Pseudomonas phage phiH2	Viruses; Duplodnaviria; Heunggongvirae; Uroviricota; Caudoviricetes; Pamexvirus; unclassified Pamexvirus	phiH2	phiH2_taxid_2981578	['Pseudomonas sp.']	['Bacteria; Pseudomonadota; Gammaproteobacteria; Pseudomonadales; Pseudomonadaceae; Pseudomonas']
1429758	Pseudomonas phage phiIBB-PAA2	Viruses; Duplodnaviria; Heunggongvirae; Uroviricota; Caudoviricetes; Bruynoghevirus; Bruynoghevirus PAA2	phiIBB-PAA2	phiIBB-PAA2_taxid_1429758	['Pseudomonas aeruginosa']	['Bacteria; Pseudomonadota; Gammaproteobacteria; Pseudomonadales; Pseudomonadaceae; Pseudomonas; Pseudomonas aeruginosa group']
942165	Pseudomonas phage phiIBB-PF7A	Viruses; Duplodnaviria; Heunggongvirae; Uroviricota; Caudoviricetes; Autographiviridae; Studiervirinae; Pifdecavirus; Pifdecavirus IBBPF7A	phiIBB-PF7A	phiIBB-PF7A_taxid_942165	['Pseudomonas fluorescens']	['Bacteria; Pseudomonadota; Gammaproteobacteria; Pseudomonadales; Pseudomonadaceae; Pseudomonas; Pseudomonas fluorescens group']
2759194	Pseudomonas phage phiK7A1	Viruses; Duplodnaviria; Heunggongvirae; Uroviricota; Caudoviricetes; unclassified Caudoviricetes	phiK7A1	phiK7A1_taxid_2759194	['Pseudomonas syringae pv. actinidiae']	['Bacteria; Pseudomonadota; Gammaproteobacteria; Pseudomonadales; Pseudomonadaceae; Pseudomonas; Pseudomonas syringae group; Pseudomonas syringae group genomosp. 1']
2755401	Pseudomonas phage phiK7B1	Viruses; Duplodnaviria; Heunggongvirae; Uroviricota; Caudoviricetes; Nickievirus; unclassified Nickievirus	phiK7B1	phiK7B1_taxid_2755401	['Pseudomonas syringae pv. actinidiae']	['Bacteria; Pseudomonadota; Gammaproteobacteria; Pseudomonadales; Pseudomonadaceae; Pseudomonas; Pseudomonas syringae group; Pseudomonas syringae group genomosp. 1']
627480	Pseudomonas phage phikF77	Viruses; Duplodnaviria; Heunggongvirae; Uroviricota; Caudoviricetes; Autographiviridae; Krylovirinae; Phikmvvirus; Phikmvvirus kF77	phikF77	phikF77_taxid_627480	['Pseudomonas aeruginosa']	['Bacteria; Pseudomonadota; Gammaproteobacteria; Pseudomonadales; Pseudomonadaceae; Pseudomonas; Pseudomonas aeruginosa group']
204270	Pseudomonas phage phiKMV	Viruses; Duplodnaviria; Heunggongvirae; Uroviricota; Caudoviricetes; Autographiviridae; Krylovirinae; Phikmvvirus; Phikmvvirus phiKMV	phiKMV	phiKMV_taxid_204270	['Pseudomonas aeruginosa']	['Bacteria; Pseudomonadota; Gammaproteobacteria; Pseudomonadales; Pseudomonadaceae; Pseudomonas; Pseudomonas aeruginosa group']
1597971	Pseudomonas phage phiKT28	Viruses; Duplodnaviria; Heunggongvirae; Uroviricota; Caudoviricetes; Pbunavirus; Pbunavirus KTN6	phiKT28	phiKT28_taxid_1597971	['Pseudomonas aeruginosa PAO1']	['Bacteria; Pseudomonadota; Gammaproteobacteria; Pseudomonadales; Pseudomonadaceae; Pseudomonas; Pseudomonas aeruginosa group; Pseudomonas aeruginosa']
1597972	Pseudomonas phage phiKTN6	Viruses; Duplodnaviria; Heunggongvirae; Uroviricota; Caudoviricetes; Pbunavirus; Pbunavirus KTN6	phiKTN6	phiKTN6_taxid_1597972	['Pseudomonas aeruginosa PAO1']	['Bacteria; Pseudomonadota; Gammaproteobacteria; Pseudomonadales; Pseudomonadaceae; Pseudomonas; Pseudomonas aeruginosa group; Pseudomonas aeruginosa']
2905945	Pseudomonas phage phiKZ	Viruses; Duplodnaviria; Heunggongvirae; Uroviricota; Caudoviricetes; Phikzvirus; Phikzvirus phiKZ	phiKZ	phiKZ_taxid_2905945	['Pseudomonas aeruginosa']	['Bacteria; Pseudomonadota; Gammaproteobacteria; Pseudomonadales; Pseudomonadaceae; Pseudomonas; Pseudomonas aeruginosa group']
3029074	Pseudomonas phage phiLCL12	Viruses; Duplodnaviria; Heunggongvirae; Uroviricota; Caudoviricetes; Pbunavirus; unclassified Pbunavirus	phiLCL12	phiLCL12_taxid_3029074	['Pseudomonas aeruginosa']	['Bacteria; Pseudomonadota; Gammaproteobacteria; Pseudomonadales; Pseudomonadaceae; Pseudomonas; Pseudomonas aeruginosa group']
1815957	Pseudomonas phage phiMK	Viruses; Duplodnaviria; Heunggongvirae; Uroviricota; Caudoviricetes; Pakpunavirus; Pakpunavirus MK	phiMK	phiMK_taxid_1815957	['Pseudomonas aeruginosa']	['Bacteria; Pseudomonadota; Gammaproteobacteria; Pseudomonadales; Pseudomonadaceae; Pseudomonas; Pseudomonas aeruginosa group']
1815956	Pseudomonas phage phiNFS	Viruses; Duplodnaviria; Heunggongvirae; Uroviricota; Caudoviricetes; Autographiviridae; Krylovirinae; Phikmvvirus; Phikmvvirus NFS	phiNFS	phiNFS_taxid_1815956	['Pseudomonas aeruginosa']	['Bacteria; Pseudomonadota; Gammaproteobacteria; Pseudomonadales; Pseudomonadaceae; Pseudomonas; Pseudomonas aeruginosa group']
1603039	Pseudomonas phage phiNN	Viruses; Riboviria; Orthornavirae; Duplornaviricota; Vidaverviricetes; Mindivirales; Cystoviridae; Cystovirus; Cystovirus phiNN	phiNN	phiNN_taxid_1603039	['Pseudomonas sp.']	['Bacteria; Pseudomonadota; Gammaproteobacteria; Pseudomonadales; Pseudomonadaceae; Pseudomonas']
2079544	Pseudomonas phage phiNV3	Viruses; Duplodnaviria; Heunggongvirae; Uroviricota; Caudoviricetes; Autographiviridae; Krylovirinae; Kirikabuvirus; Kirikabuvirus NV3	phiNV3	phiNV3_taxid_2079544	['Pseudomonas agarici']	['Bacteria; Pseudomonadota; Gammaproteobacteria; Pseudomonadales; Pseudomonadaceae; Pseudomonas']
2340713	Pseudomonas phage phiPA01_302	Viruses; Duplodnaviria; Heunggongvirae; Uroviricota; Caudoviricetes; Bruynoghevirus; unclassified Bruynoghevirus	phiPA01_302	phiPA01_302_taxid_2340713	['Pseudomonas aeruginosa']	['Bacteria; Pseudomonadota; Gammaproteobacteria; Pseudomonadales; Pseudomonadaceae; Pseudomonas; Pseudomonas aeruginosa group']
2340714	Pseudomonas phage phiPA01_EW	Viruses; Duplodnaviria; Heunggongvirae; Uroviricota; Caudoviricetes; Bruynoghevirus; unclassified Bruynoghevirus	phiPA01_EW	phiPA01_EW_taxid_2340714	['Pseudomonas aeruginosa']	['Bacteria; Pseudomonadota; Gammaproteobacteria; Pseudomonadales; Pseudomonadaceae; Pseudomonas; Pseudomonas aeruginosa group']
3058783	Pseudomonas phage phiPA1-3	Viruses; Duplodnaviria; Heunggongvirae; Uroviricota; Caudoviricetes; Schitoviridae; Migulavirinae; Litunavirus; unclassified Litunavirus	phiPA1-3	phiPA1-3_taxid_3058783	['Pseudomonas aeruginosa']	['Bacteria; Pseudomonadota; Gammaproteobacteria; Pseudomonadales; Pseudomonadaceae; Pseudomonas; Pseudomonas aeruginosa group']
2894297	Pseudomonas phage phipa10	Viruses; Duplodnaviria; Heunggongvirae; Uroviricota; Caudoviricetes; Pakpunavirus; unclassified Pakpunavirus	phipa10	phipa10_taxid_2894297	['Pseudomonas aeruginosa']	['Bacteria; Pseudomonadota; Gammaproteobacteria; Pseudomonadales; Pseudomonadaceae; Pseudomonas; Pseudomonas aeruginosa group']
2894298	Pseudomonas phage phipa2	Viruses; Duplodnaviria; Heunggongvirae; Uroviricota; Caudoviricetes; Autographiviridae; Krylovirinae; Phikmvvirus; unclassified Phikmvvirus	phipa2	phipa2_taxid_2894298	['Pseudomonas aeruginosa']	['Bacteria; Pseudomonadota; Gammaproteobacteria; Pseudomonadales; Pseudomonadaceae; Pseudomonas; Pseudomonas aeruginosa group']
998086	Pseudomonas phage PhiPA3	Viruses; Duplodnaviria; Heunggongvirae; Uroviricota; Caudoviricetes; unclassified Caudoviricetes	PhiPA3	PhiPA3_taxid_998086	['Pseudomonas aeruginosa']	['Bacteria; Pseudomonadota; Gammaproteobacteria; Pseudomonadales; Pseudomonadaceae; Pseudomonas; Pseudomonas aeruginosa group']
2894299	Pseudomonas phage phipa4	Viruses; Duplodnaviria; Heunggongvirae; Uroviricota; Caudoviricetes; Septimatrevirus; Septimatrevirus kakheti25	phipa4	phipa4_taxid_2894299	['Pseudomonas aeruginosa']	['Bacteria; Pseudomonadota; Gammaproteobacteria; Pseudomonadales; Pseudomonadaceae; Pseudomonas; Pseudomonas aeruginosa group']
1815582	Pseudomonas phage phiPMW	Viruses; Duplodnaviria; Heunggongvirae; Uroviricota; Caudoviricetes; Plaisancevirus; Plaisancevirus PMW	phiPMW	phiPMW_taxid_1815582	['Pseudomonas putida']	['Bacteria; Pseudomonadota; Gammaproteobacteria; Pseudomonadales; Pseudomonadaceae; Pseudomonas; Pseudomonas putida group']
1500757	Pseudomonas phage phiPSA1	Viruses; Duplodnaviria; Heunggongvirae; Uroviricota; Caudoviricetes; unclassified Caudoviricetes	phiPSA1	phiPSA1_taxid_1500757	['Pseudomonas syringae']	['Bacteria; Pseudomonadota; Gammaproteobacteria; Pseudomonadales; Pseudomonadaceae; Pseudomonas; Pseudomonas syringae group; Pseudomonas syringae group genomosp. 1']
1629654	Pseudomonas phage phiPsa17	Viruses; Duplodnaviria; Heunggongvirae; Uroviricota; Caudoviricetes; Autographiviridae; Studiervirinae; Ghunavirus; Ghunavirus Psa17	phiPsa17	phiPsa17_taxid_1629654	['Pseudomonas syringae pv. actinidiae ICMP 18800']	['Bacteria; Pseudomonadota; Gammaproteobacteria; Pseudomonadales; Pseudomonadaceae; Pseudomonas; Pseudomonas syringae group; Pseudomonas syringae group genomosp. 1; Pseudomonas syringae']
1500756	Pseudomonas phage phiPSA2	Viruses; Duplodnaviria; Heunggongvirae; Uroviricota; Caudoviricetes; Autographiviridae; Studiervirinae; Ghunavirus; Ghunavirus PSA2	phiPSA2	phiPSA2_taxid_1500756	['Pseudomonas syringae pv. actinidiae']	['Bacteria; Pseudomonadota; Gammaproteobacteria; Pseudomonadales; Pseudomonadaceae; Pseudomonas; Pseudomonas syringae group; Pseudomonas syringae group genomosp. 1']
1460361	Pseudomonas phage phiPsa267	Viruses; Duplodnaviria; Heunggongvirae; Uroviricota; Caudoviricetes; Otagovirus; Otagovirus Psa374	phiPsa267	phiPsa267_taxid_1460361	['Pseudomonas syringae pv. actinidiae']	['Bacteria; Pseudomonadota; Gammaproteobacteria; Pseudomonadales; Pseudomonadaceae; Pseudomonas; Pseudomonas syringae group; Pseudomonas syringae group genomosp. 1']
1460362	Pseudomonas phage phiPsa300	Viruses; Duplodnaviria; Heunggongvirae; Uroviricota; Caudoviricetes; Otagovirus; Otagovirus Psa374	phiPsa300	phiPsa300_taxid_1460362	['Pseudomonas syringae pv. actinidiae']	['Bacteria; Pseudomonadota; Gammaproteobacteria; Pseudomonadales; Pseudomonadaceae; Pseudomonas; Pseudomonas syringae group; Pseudomonas syringae group genomosp. 1']
1460363	Pseudomonas phage phiPsa315	Viruses; Duplodnaviria; Heunggongvirae; Uroviricota; Caudoviricetes; Otagovirus; unclassified Otagovirus	phiPsa315	phiPsa315_taxid_1460363	['Pseudomonas syringae pv. actinidiae']	['Bacteria; Pseudomonadota; Gammaproteobacteria; Pseudomonadales; Pseudomonadaceae; Pseudomonas; Pseudomonas syringae group; Pseudomonas syringae group genomosp. 1']
1460364	Pseudomonas phage phiPsa347	Viruses; Duplodnaviria; Heunggongvirae; Uroviricota; Caudoviricetes; Otagovirus; Otagovirus Psa374	phiPsa347	phiPsa347_taxid_1460364	['Pseudomonas syringae pv. actinidiae']	['Bacteria; Pseudomonadota; Gammaproteobacteria; Pseudomonadales; Pseudomonadaceae; Pseudomonas; Pseudomonas syringae group; Pseudomonas syringae group genomosp. 1']
1458843	Pseudomonas phage phiPsa374	Viruses; Duplodnaviria; Heunggongvirae; Uroviricota; Caudoviricetes; Otagovirus; Otagovirus Psa374	phiPsa374	phiPsa374_taxid_1458843	['Pseudomonas syringae pv. actinidiae ICMP 18800']	['Bacteria; Pseudomonadota; Gammaproteobacteria; Pseudomonadales; Pseudomonadaceae; Pseudomonas; Pseudomonas syringae group; Pseudomonas syringae group genomosp. 1; Pseudomonas syringae']
1460366	Pseudomonas phage phiPsa381	Viruses; Duplodnaviria; Heunggongvirae; Uroviricota; Caudoviricetes; Otagovirus; Otagovirus Psa374	phiPsa381	phiPsa381_taxid_1460366	['Pseudomonas syringae pv. actinidiae']	['Bacteria; Pseudomonadota; Gammaproteobacteria; Pseudomonadales; Pseudomonadaceae; Pseudomonas; Pseudomonas syringae group; Pseudomonas syringae group genomosp. 1']
1460367	Pseudomonas phage phiPsa397	Viruses; Duplodnaviria; Heunggongvirae; Uroviricota; Caudoviricetes; Otagovirus; Otagovirus Psa374	phiPsa397	phiPsa397_taxid_1460367	['Pseudomonas syringae pv. actinidiae']	['Bacteria; Pseudomonadota; Gammaproteobacteria; Pseudomonadales; Pseudomonadaceae; Pseudomonas; Pseudomonas syringae group; Pseudomonas syringae group genomosp. 1']
2560681	Pseudomonas phage phiPto-bp6g	Viruses; Duplodnaviria; Heunggongvirae; Uroviricota; Caudoviricetes; unclassified Caudoviricetes	phiPto-bp6g	phiPto-bp6g_taxid_2560681	['Pseudomonas tolaasii']	['Bacteria; Pseudomonadota; Gammaproteobacteria; Pseudomonadales; Pseudomonadaceae; Pseudomonas; Pseudomonas fluorescens group']
1752027	Pseudomonas phage phiR18	Viruses; Duplodnaviria; Heunggongvirae; Uroviricota; Caudoviricetes; Kochitakasuvirus; Kochitakasuvirus R18	phiR18	phiR18_taxid_1752027	['Pseudomonas']	['Bacteria; Pseudomonadota; Gammaproteobacteria; Pseudomonadales; Pseudomonadaceae']
1852644	Pseudomonas phage phiYY	Viruses; Riboviria; Orthornavirae; Duplornaviricota; Vidaverviricetes; Mindivirales; Cystoviridae; Cystovirus; Cystovirus phiYY	phiYY	phiYY_taxid_1852644	['Pseudomonas aeruginosa']	['Bacteria; Pseudomonadota; Gammaproteobacteria; Pseudomonadales; Pseudomonadaceae; Pseudomonas; Pseudomonas aeruginosa group']
2812899	Pseudomonas phage PhL_UNISO_PA-DSM_ph0031	Viruses; Duplodnaviria; Heunggongvirae; Uroviricota; Caudoviricetes; Pbunavirus; unclassified Pbunavirus	PhL_UNISO_PA-DSM_ph0031	PhL_UNISO_PA-DSM_ph0031_taxid_2812899	['Pseudomonas aeruginosa']	['Bacteria; Pseudomonadota; Gammaproteobacteria; Pseudomonadales; Pseudomonadaceae; Pseudomonas; Pseudomonas aeruginosa group']
2812900	Pseudomonas phage PhL_UNISO_PA-DSM_ph0034	Viruses; Duplodnaviria; Heunggongvirae; Uroviricota; Caudoviricetes; Pakpunavirus; unclassified Pakpunavirus	PhL_UNISO_PA-DSM_ph0034	PhL_UNISO_PA-DSM_ph0034_taxid_2812900	['Pseudomonas aeruginosa']	['Bacteria; Pseudomonadota; Gammaproteobacteria; Pseudomonadales; Pseudomonadaceae; Pseudomonas; Pseudomonas aeruginosa group']
2812901	Pseudomonas phage PhL_UNISO_PA-DSM_ph0041x	Viruses; Duplodnaviria; Heunggongvirae; Uroviricota; Caudoviricetes; Bruynoghevirus; unclassified Bruynoghevirus	PhL_UNISO_PA-DSM_ph0041x	PhL_UNISO_PA-DSM_ph0041x_taxid_2812901	['Pseudomonas aeruginosa']	['Bacteria; Pseudomonadota; Gammaproteobacteria; Pseudomonadales; Pseudomonadaceae; Pseudomonas; Pseudomonas aeruginosa group']
2726969	Pseudomonas phage PHW2	Viruses; Duplodnaviria; Heunggongvirae; Uroviricota; Caudoviricetes; Pbunavirus; Pbunavirus LS1	PHW2	PHW2_taxid_2726969	['Pseudomonas aeruginosa']	['Bacteria; Pseudomonadota; Gammaproteobacteria; Pseudomonadales; Pseudomonadaceae; Pseudomonas; Pseudomonas aeruginosa group']
2762289	Pseudomonas phage PlaquesPlease	Viruses; Duplodnaviria; Heunggongvirae; Uroviricota; Caudoviricetes; Autographiviridae; Studiervirinae; unclassified Studiervirinae	PlaquesPlease	PlaquesPlease_taxid_2762289	['Pseudomonas putida']	['Bacteria; Pseudomonadota; Gammaproteobacteria; Pseudomonadales; Pseudomonadaceae; Pseudomonas; Pseudomonas putida group']
2059855	Pseudomonas phage PMBT14	Viruses; Duplodnaviria; Heunggongvirae; Uroviricota; Caudoviricetes; Knuthellervirus; Knuthellervirus PMBT14	PMBT14	PMBT14_taxid_2059855	['Pseudomonas fluorescens']	['Bacteria; Pseudomonadota; Gammaproteobacteria; Pseudomonadales; Pseudomonadaceae; Pseudomonas; Pseudomonas fluorescens group']
2059856	Pseudomonas phage PMBT3	Viruses; Duplodnaviria; Heunggongvirae; Uroviricota; Caudoviricetes; Maxrubnervirus; Maxrubnervirus PMBT3	PMBT3	PMBT3_taxid_2059856	['Pseudomonas grimontii']	['Bacteria; Pseudomonadota; Gammaproteobacteria; Pseudomonadales; Pseudomonadaceae; Pseudomonas']
3058839	Pseudomonas phage PMBT54	Viruses; Monodnaviria; Loebvirae; Hofneiviricota; Faserviricetes; Tubulavirales; Inoviridae; unclassified Inoviridae	PMBT54	PMBT54_taxid_3058839	['Pseudomonas lactis', 'Pseudomonas carnis']	['Bacteria; Pseudomonadota; Gammaproteobacteria; Pseudomonadales; Pseudomonadaceae; Pseudomonas', 'Bacteria; Pseudomonadota; Gammaproteobacteria; Pseudomonadales; Pseudomonadaceae; Pseudomonas']
2992927	Pseudomonas phage PMG1	Viruses; Duplodnaviria; Heunggongvirae; Uroviricota; Caudoviricetes; Detrevirus; Detrevirus PMG1	PMG1	PMG1_taxid_2992927	['Pseudomonas aeruginosa']	['Bacteria; Pseudomonadota; Gammaproteobacteria; Pseudomonadales; Pseudomonadaceae; Pseudomonas; Pseudomonas aeruginosa group']
2782564	Pseudomonas phage PN09	Viruses; Duplodnaviria; Heunggongvirae; Uroviricota; Caudoviricetes; Otagovirus; unclassified Otagovirus	PN09	PN09_taxid_2782564	['Pseudomonas syringae pv. actinidiae']	['Bacteria; Pseudomonadota; Gammaproteobacteria; Pseudomonadales; Pseudomonadaceae; Pseudomonas; Pseudomonas syringae group; Pseudomonas syringae group genomosp. 1']
2975222	Pseudomonas phage PNM	Viruses; Duplodnaviria; Heunggongvirae; Uroviricota; Caudoviricetes; Autographiviridae; Krylovirinae; Phikmvvirus; unclassified Phikmvvirus	PNM	PNM_taxid_2975222	['Pseudomonas aeruginosa']	['Bacteria; Pseudomonadota; Gammaproteobacteria; Pseudomonadales; Pseudomonadaceae; Pseudomonas; Pseudomonas aeruginosa group']
2079290	Pseudomonas phage PollyC	Viruses; Duplodnaviria; Heunggongvirae; Uroviricota; Caudoviricetes; Autographiviridae; Pollyceevirus; Pollyceevirus pollyC	PollyC	PollyC_taxid_2079290	['Pseudomonas sp.']	['Bacteria; Pseudomonadota; Gammaproteobacteria; Pseudomonadales; Pseudomonadaceae; Pseudomonas']
1718594	Pseudomonas phage POR1	Viruses; Duplodnaviria; Heunggongvirae; Uroviricota; Caudoviricetes; unclassified Caudoviricetes	POR1	POR1_taxid_1718594	['Pseudomonas oryzihabitans']	['Bacteria; Pseudomonadota; Gammaproteobacteria; Pseudomonadales; Pseudomonadaceae; Pseudomonas; Pseudomonas putida group']
1701865	Pseudomonas phage Poseidon	Viruses; Duplodnaviria; Heunggongvirae; Uroviricota; Caudoviricetes; Pbunavirus; Pbunavirus PB1	Poseidon	Poseidon_taxid_1701865	['Pseudomonas aeruginosa']	['Bacteria; Pseudomonadota; Gammaproteobacteria; Pseudomonadales; Pseudomonadaceae; Pseudomonas; Pseudomonas aeruginosa group']
3035940	Pseudomonas phage PotUPM1	Viruses; Duplodnaviria; Heunggongvirae; Uroviricota; Caudoviricetes; unclassified Caudoviricetes	PotUPM1	PotUPM1_taxid_3035940	['Pseudomonas otitidis']	['Bacteria; Pseudomonadota; Gammaproteobacteria; Pseudomonadales; Pseudomonadaceae; Pseudomonas']
12023	Pseudomonas phage PP7	Viruses; Riboviria; Orthornavirae; Lenarviricota; Leviviricetes; Norzivirales; Fiersviridae; Pepevirus; Pepevirus rubrum	PP7	PP7_taxid_12023	['Pseudomonas aeruginosa']	['Bacteria; Pseudomonadota; Gammaproteobacteria; Pseudomonadales; Pseudomonadaceae; Pseudomonas; Pseudomonas aeruginosa group']
2873345	Pseudomonas phage PP9W	Viruses; Duplodnaviria; Heunggongvirae; Uroviricota; Caudoviricetes; unclassified Caudoviricetes	PP9W	PP9W_taxid_2873345	['Pseudomonas aeruginosa']	['Bacteria; Pseudomonadota; Gammaproteobacteria; Pseudomonadales; Pseudomonadaceae; Pseudomonas; Pseudomonas aeruginosa group']
2914450	Pseudomonas phage PP9W2	Viruses; Duplodnaviria; Heunggongvirae; Uroviricota; Caudoviricetes; unclassified Caudoviricetes	PP9W2	PP9W2_taxid_2914450	['Pseudomonas aeruginosa']	['Bacteria; Pseudomonadota; Gammaproteobacteria; Pseudomonadales; Pseudomonadaceae; Pseudomonas; Pseudomonas aeruginosa group']
3003808	Pseudomonas phage pPA-3099-2aT.2	Viruses; Duplodnaviria; Heunggongvirae; Uroviricota; Caudoviricetes; Pakpunavirus; unclassified Pakpunavirus	pPA-3099-2aT.2	pPA-3099-2aT.2_taxid_3003808	['Pseudomonas aeruginosa']	['Bacteria; Pseudomonadota; Gammaproteobacteria; Pseudomonadales; Pseudomonadaceae; Pseudomonas; Pseudomonas aeruginosa group']
3003809	Pseudomonas phage pPA-3099-2aT.3	Viruses; Duplodnaviria; Heunggongvirae; Uroviricota; Caudoviricetes; Queuovirinae; Nipunavirus; unclassified Nipunavirus	pPA-3099-2aT.3	pPA-3099-2aT.3_taxid_3003809	['Pseudomonas aeruginosa']	['Bacteria; Pseudomonadota; Gammaproteobacteria; Pseudomonadales; Pseudomonadaceae; Pseudomonas; Pseudomonas aeruginosa group']
3003587	Pseudomonas phage pPA-N1803-4At.2	Viruses; Duplodnaviria; Heunggongvirae; Uroviricota; Caudoviricetes; Phikzvirus; unclassified Phikzvirus	pPA-N1803-4At.2	pPA-N1803-4At.2_taxid_3003587	['Pseudomonas aeruginosa']	['Bacteria; Pseudomonadota; Gammaproteobacteria; Pseudomonadales; Pseudomonadaceae; Pseudomonas; Pseudomonas aeruginosa group']
2871158	Pseudomonas phage PPAT	Viruses; unclassified bacterial viruses	PPAT	PPAT_taxid_2871158	['Pseudomonas aeruginosa']	['Bacteria; Pseudomonadota; Gammaproteobacteria; Pseudomonadales; Pseudomonadaceae; Pseudomonas; Pseudomonas aeruginosa group']
2820398	Pseudomonas phage pPa_SNUABM_DT01	Viruses; Duplodnaviria; Heunggongvirae; Uroviricota; Caudoviricetes; unclassified Caudoviricetes	pPa_SNUABM_DT01	pPa_SNUABM_DT01_taxid_2820398	['Pseudomonas aeruginosa']	['Bacteria; Pseudomonadota; Gammaproteobacteria; Pseudomonadales; Pseudomonadaceae; Pseudomonas; Pseudomonas aeruginosa group']
2875712	Pseudomonas phage pphageB21	Viruses; Duplodnaviria; Heunggongvirae; Uroviricota; Caudoviricetes; Autographiviridae; Krylovirinae; unclassified Krylovirinae	p	p_taxid_2875712	['Pseudomonas savastanoi pv. phaseolicola']	['Bacteria; Pseudomonadota; Gammaproteobacteria; Pseudomonadales; Pseudomonadaceae; Pseudomonas; Pseudomonas syringae group; Pseudomonas syringae group genomosp. 2']
2875718	Pseudomonas phage pphageBV72	Viruses; Duplodnaviria; Heunggongvirae; Uroviricota; Caudoviricetes; Autographiviridae; Krylovirinae; unclassified Krylovirinae	p	p_taxid_2875718	['Pseudomonas savastanoi pv. phaseolicola']	['Bacteria; Pseudomonadota; Gammaproteobacteria; Pseudomonadales; Pseudomonadaceae; Pseudomonas; Pseudomonas syringae group; Pseudomonas syringae group genomosp. 2']
2875713	Pseudomonas phage pphageT12	Viruses; Duplodnaviria; Heunggongvirae; Uroviricota; Caudoviricetes; Autographiviridae; Krylovirinae; unclassified Krylovirinae	p	p_taxid_2875713	['Pseudomonas savastanoi pv. phaseolicola']	['Bacteria; Pseudomonadota; Gammaproteobacteria; Pseudomonadales; Pseudomonadaceae; Pseudomonas; Pseudomonas syringae group; Pseudomonas syringae group genomosp. 2']
2875714	Pseudomonas phage pphageT21	Viruses; Duplodnaviria; Heunggongvirae; Uroviricota; Caudoviricetes; Autographiviridae; Krylovirinae; unclassified Krylovirinae	p	p_taxid_2875714	['Pseudomonas savastanoi pv. phaseolicola']	['Bacteria; Pseudomonadota; Gammaproteobacteria; Pseudomonadales; Pseudomonadaceae; Pseudomonas; Pseudomonas syringae group; Pseudomonas syringae group genomosp. 2']
1755692	Pseudomonas phage PPPL-1	Viruses; Duplodnaviria; Heunggongvirae; Uroviricota; Caudoviricetes; Autographiviridae; Studiervirinae; Ghunavirus; Ghunavirus PPPL1	PPPL-1	PPPL-1_taxid_1755692	['Pseudomonas syringae pv. actinidiae']	['Bacteria; Pseudomonadota; Gammaproteobacteria; Pseudomonadales; Pseudomonadaceae; Pseudomonas; Pseudomonas syringae group; Pseudomonas syringae group genomosp. 1']
1279082	Pseudomonas phage PPpW-3	Viruses; Duplodnaviria; Heunggongvirae; Uroviricota; Caudoviricetes; Harrisonburgvirus; unclassified Harrisonburgvirus	PPpW-3	PPpW-3_taxid_1279082	['Pseudomonas plecoglossicida']	['Bacteria; Pseudomonadota; Gammaproteobacteria; Pseudomonadales; Pseudomonadaceae; Pseudomonas; Pseudomonas putida group']
1279083	Pseudomonas phage PPpW-4	Viruses; Duplodnaviria; Heunggongvirae; Uroviricota; Caudoviricetes; Autographiviridae; Studiervirinae; Phutvirus; Phutvirus PPpW4	PPpW-4	PPpW-4_taxid_1279083	['Pseudomonas plecoglossicida']	['Bacteria; Pseudomonadota; Gammaproteobacteria; Pseudomonadales; Pseudomonadaceae; Pseudomonas; Pseudomonas putida group']
2041350	Pseudomonas phage PPSC2	Viruses; Duplodnaviria; Heunggongvirae; Uroviricota; Caudoviricetes; Otagovirus; unclassified Otagovirus	PPSC2	PPSC2_taxid_2041350	['Pseudomonas fluorescens']	['Bacteria; Pseudomonadota; Gammaproteobacteria; Pseudomonadales; Pseudomonadaceae; Pseudomonas; Pseudomonas fluorescens group']
12024	Pseudomonas phage PRR1	Viruses; Riboviria; Orthornavirae; Lenarviricota; Leviviricetes; Norzivirales; Fiersviridae; Perrunavirus; Perrunavirus olsenii	PRR1	PRR1_taxid_12024	['Pseudomonas']	['Bacteria; Pseudomonadota; Gammaproteobacteria; Pseudomonadales; Pseudomonadaceae']
1573458	Pseudomonas phage PS-1	Viruses; Duplodnaviria; Heunggongvirae; Uroviricota; Caudoviricetes; unclassified Caudoviricetes	PS-1	PS-1_taxid_1573458	['Pseudomonas sp. 1-1-1b']	['Bacteria; Pseudomonadota; Gammaproteobacteria; Pseudomonadales; Pseudomonadaceae; Pseudomonas']
2301638	Pseudomonas phage Ps56	Viruses; Duplodnaviria; Heunggongvirae; Uroviricota; Caudoviricetes; unclassified Caudoviricetes	Ps56	Ps56_taxid_2301638	['Pseudomonas aeruginosa']	['Bacteria; Pseudomonadota; Gammaproteobacteria; Pseudomonadales; Pseudomonadaceae; Pseudomonas; Pseudomonas aeruginosa group']
2301639	Pseudomonas phage Ps59	Viruses; Duplodnaviria; Heunggongvirae; Uroviricota; Caudoviricetes; unclassified Caudoviricetes	Ps59	Ps59_taxid_2301639	['Pseudomonas aeruginosa']	['Bacteria; Pseudomonadota; Gammaproteobacteria; Pseudomonadales; Pseudomonadaceae; Pseudomonas; Pseudomonas aeruginosa group']
2301640	Pseudomonas phage Ps60	Viruses; Duplodnaviria; Heunggongvirae; Uroviricota; Caudoviricetes; Beetrevirus; unclassified Beetrevirus	Ps60	Ps60_taxid_2301640	['Pseudomonas aeruginosa']	['Bacteria; Pseudomonadota; Gammaproteobacteria; Pseudomonadales; Pseudomonadaceae; Pseudomonas; Pseudomonas aeruginosa group']
2833427	Pseudomonas phage PSA04	Viruses; Duplodnaviria; Heunggongvirae; Uroviricota; Caudoviricetes; unclassified Caudoviricetes	PSA04	PSA04_taxid_2833427	['Pseudomonas']	['Bacteria; Pseudomonadota; Gammaproteobacteria; Pseudomonadales; Pseudomonadaceae']
2833428	Pseudomonas phage PSA07_PB1	Viruses; Duplodnaviria; Heunggongvirae; Uroviricota; Caudoviricetes; Pbunavirus; Pbunavirus PB1	PSA07_PB1	PSA07_PB1_taxid_2833428	['Pseudomonas']	['Bacteria; Pseudomonadota; Gammaproteobacteria; Pseudomonadales; Pseudomonadaceae']
2833429	Pseudomonas phage PSA09	Viruses; Duplodnaviria; Heunggongvirae; Uroviricota; Caudoviricetes; Pbunavirus; unclassified Pbunavirus	PSA09	PSA09_taxid_2833429	['Pseudomonas']	['Bacteria; Pseudomonadota; Gammaproteobacteria; Pseudomonadales; Pseudomonadaceae']
2833430	Pseudomonas phage PSA11	Viruses; Duplodnaviria; Heunggongvirae; Uroviricota; Caudoviricetes; Zobellviridae; Paundecimvirus; Paundecimvirus PA11	PSA11	PSA11_taxid_2833430	['Pseudomonas']	['Bacteria; Pseudomonadota; Gammaproteobacteria; Pseudomonadales; Pseudomonadaceae']
2833431	Pseudomonas phage PSA13	Viruses; Duplodnaviria; Heunggongvirae; Uroviricota; Caudoviricetes; Bruynoghevirus; unclassified Bruynoghevirus	PSA13	PSA13_taxid_2833431	['Pseudomonas']	['Bacteria; Pseudomonadota; Gammaproteobacteria; Pseudomonadales; Pseudomonadaceae']
2833432	Pseudomonas phage PSA16	Viruses; Duplodnaviria; Heunggongvirae; Uroviricota; Caudoviricetes; Bruynoghevirus; unclassified Bruynoghevirus	PSA16	PSA16_taxid_2833432	['Pseudomonas']	['Bacteria; Pseudomonadota; Gammaproteobacteria; Pseudomonadales; Pseudomonadaceae']
2833438	Pseudomonas phage PSA20	Viruses; Duplodnaviria; Heunggongvirae; Uroviricota; Caudoviricetes; Mesyanzhinovviridae; Rabinowitzvirinae; Yuavirus; unclassified Yuavirus	PSA20	PSA20_taxid_2833438	['Pseudomonas']	['Bacteria; Pseudomonadota; Gammaproteobacteria; Pseudomonadales; Pseudomonadaceae']
2530023	Pseudomonas phage Psa21	Viruses; Duplodnaviria; Heunggongvirae; Uroviricota; Caudoviricetes; unclassified Caudoviricetes	Psa21	Psa21_taxid_2530023	['Pseudomonas aeruginosa']	['Bacteria; Pseudomonadota; Gammaproteobacteria; Pseudomonadales; Pseudomonadaceae; Pseudomonas; Pseudomonas aeruginosa group']
2833439	Pseudomonas phage PSA25	Viruses; Duplodnaviria; Heunggongvirae; Uroviricota; Caudoviricetes; Pbunavirus; unclassified Pbunavirus	PSA25	PSA25_taxid_2833439	['Pseudomonas']	['Bacteria; Pseudomonadota; Gammaproteobacteria; Pseudomonadales; Pseudomonadaceae']
2833440	Pseudomonas phage PSA28	Viruses; Duplodnaviria; Heunggongvirae; Uroviricota; Caudoviricetes; unclassified Caudoviricetes	PSA28	PSA28_taxid_2833440	['Pseudomonas']	['Bacteria; Pseudomonadota; Gammaproteobacteria; Pseudomonadales; Pseudomonadaceae']
2833441	Pseudomonas phage PSA31	Viruses; Duplodnaviria; Heunggongvirae; Uroviricota; Caudoviricetes; Bruynoghevirus; unclassified Bruynoghevirus	PSA31	PSA31_taxid_2833441	['Pseudomonas']	['Bacteria; Pseudomonadota; Gammaproteobacteria; Pseudomonadales; Pseudomonadaceae']
2833442	Pseudomonas phage PSA34	Viruses; Duplodnaviria; Heunggongvirae; Uroviricota; Caudoviricetes; Bruynoghevirus; unclassified Bruynoghevirus	PSA34	PSA34_taxid_2833442	['Pseudomonas']	['Bacteria; Pseudomonadota; Gammaproteobacteria; Pseudomonadales; Pseudomonadaceae']
2833443	Pseudomonas phage PSA37	Viruses; Duplodnaviria; Heunggongvirae; Uroviricota; Caudoviricetes; Bruynoghevirus; unclassified Bruynoghevirus	PSA37	PSA37_taxid_2833443	['Pseudomonas']	['Bacteria; Pseudomonadota; Gammaproteobacteria; Pseudomonadales; Pseudomonadaceae']
2833444	Pseudomonas phage PSA39	Viruses; Duplodnaviria; Heunggongvirae; Uroviricota; Caudoviricetes; Mesyanzhinovviridae; Rabinowitzvirinae; Yuavirus; unclassified Yuavirus	PSA39	PSA39_taxid_2833444	['Pseudomonas']	['Bacteria; Pseudomonadota; Gammaproteobacteria; Pseudomonadales; Pseudomonadaceae']
2833445	Pseudomonas phage PSA40	Viruses; Duplodnaviria; Heunggongvirae; Uroviricota; Caudoviricetes; Bruynoghevirus; unclassified Bruynoghevirus	PSA40	PSA40_taxid_2833445	['Pseudomonas']	['Bacteria; Pseudomonadota; Gammaproteobacteria; Pseudomonadales; Pseudomonadaceae']
3038281	Pseudomonas phage PSA6	Viruses; Duplodnaviria; Heunggongvirae; Uroviricota; Caudoviricetes; Autographiviridae; Studiervirinae; Pifdecavirus; unclassified Pifdecavirus	PSA6	PSA6_taxid_3038281	['Pseudomonas sp.']	['Bacteria; Pseudomonadota; Gammaproteobacteria; Pseudomonadales; Pseudomonadaceae; Pseudomonas']
2859562	Pseudomonas phage psageB2	Viruses; Duplodnaviria; Heunggongvirae; Uroviricota; Caudoviricetes; unclassified Caudoviricetes	psageB2	psageB2_taxid_2859562	['Pseudomonas']	['Bacteria; Pseudomonadota; Gammaproteobacteria; Pseudomonadales; Pseudomonadaceae']
2859563	Pseudomonas phage psageK4	Viruses; Duplodnaviria; Heunggongvirae; Uroviricota; Caudoviricetes; Otagovirus; Otagovirus Psa374	psageK4	psageK4_taxid_2859563	['Pseudomonas savastanoi pv. phaseolicola', 'Pseudomonas syringae pv. actinidiae']	['Bacteria; Pseudomonadota; Gammaproteobacteria; Pseudomonadales; Pseudomonadaceae; Pseudomonas; Pseudomonas syringae group; Pseudomonas syringae group genomosp. 2', 'Bacteria; Pseudomonadota; Gammaproteobacteria; Pseudomonadales; Pseudomonadaceae; Pseudomonas; Pseudomonas syringae group; Pseudomonas syringae group genomosp. 1']
2875723	Pseudomonas phage psageK4e	Viruses; Duplodnaviria; Heunggongvirae; Uroviricota; Caudoviricetes; Otagovirus; unclassified Otagovirus	psageK4e	psageK4e_taxid_2875723	['Pseudomonas syringae pv. actinidiae']	['Bacteria; Pseudomonadota; Gammaproteobacteria; Pseudomonadales; Pseudomonadaceae; Pseudomonas; Pseudomonas syringae group; Pseudomonas syringae group genomosp. 1']
2875722	Pseudomonas phage psageK9	Viruses; Duplodnaviria; Heunggongvirae; Uroviricota; Caudoviricetes; unclassified Caudoviricetes	psageK9	psageK9_taxid_2875722	['Pseudomonas syringae', 'Pseudomonas syringae pv. actinidiae']	['Bacteria; Pseudomonadota; Gammaproteobacteria; Pseudomonadales; Pseudomonadaceae; Pseudomonas; Pseudomonas syringae group; Pseudomonas syringae group genomosp. 1', 'Bacteria; Pseudomonadota; Gammaproteobacteria; Pseudomonadales; Pseudomonadaceae; Pseudomonas; Pseudomonas syringae group; Pseudomonas syringae group genomosp. 1']
2994964	Pseudomonas phage PseuPha1	Viruses; Duplodnaviria; Heunggongvirae; Uroviricota; Caudoviricetes; Pakpunavirus; unclassified Pakpunavirus	PseuPha1	PseuPha1_taxid_2994964	['Pseudomonas aeruginosa PAO1']	['Bacteria; Pseudomonadota; Gammaproteobacteria; Pseudomonadales; Pseudomonadaceae; Pseudomonas; Pseudomonas aeruginosa group; Pseudomonas aeruginosa']
3043421	Pseudomonas phage PseuP_222	Viruses; Duplodnaviria; Heunggongvirae; Uroviricota; Caudoviricetes; unclassified Caudoviricetes	PseuP_222	PseuP_222_taxid_3043421	['Pseudomonas protegens']	['Bacteria; Pseudomonadota; Gammaproteobacteria; Pseudomonadales; Pseudomonadaceae; Pseudomonas; Pseudomonas chlororaphis group']
2996096	Pseudomonas phage PseuP_224	Viruses; Duplodnaviria; Heunggongvirae; Uroviricota; Caudoviricetes; unclassified Caudoviricetes	PseuP_224	PseuP_224_taxid_2996096	['Pseudomonas protegens']	['Bacteria; Pseudomonadota; Gammaproteobacteria; Pseudomonadales; Pseudomonadaceae; Pseudomonas; Pseudomonas chlororaphis group']
2053693	Pseudomonas phage Psp6	Viruses; Duplodnaviria; Heunggongvirae; Uroviricota; Caudoviricetes; unclassified Caudoviricetes	Psp6	Psp6_taxid_2053693	['Pseudomonas putida']	['Bacteria; Pseudomonadota; Gammaproteobacteria; Pseudomonadales; Pseudomonadaceae; Pseudomonas; Pseudomonas putida group']
1983555	Pseudomonas phage PspYZU01	Viruses; Duplodnaviria; Heunggongvirae; Uroviricota; Caudoviricetes; Casjensviridae; Phobosvirus; Phobosvirus PspYZU01	PspYZU01	PspYZU01_taxid_1983555	['Pseudomonas sp.']	['Bacteria; Pseudomonadota; Gammaproteobacteria; Pseudomonadales; Pseudomonadaceae; Pseudomonas']
1983556	Pseudomonas phage PspYZU05	Viruses; Duplodnaviria; Heunggongvirae; Uroviricota; Caudoviricetes; Straboviridae; Jiangsuvirus; Jiangsuvirus pspyzu05	PspYZU05	PspYZU05_taxid_1983556	['Pseudomonas sp.']	['Bacteria; Pseudomonadota; Gammaproteobacteria; Pseudomonadales; Pseudomonadaceae; Pseudomonas']
1983557	Pseudomonas phage PspYZU08	Viruses; Duplodnaviria; Heunggongvirae; Uroviricota; Caudoviricetes; Autographiviridae; Studiervirinae; Pijolavirus; Pijolavirus PspYZU08	PspYZU08	PspYZU08_taxid_1983557	['Pseudomonas sp.']	['Bacteria; Pseudomonadota; Gammaproteobacteria; Pseudomonadales; Pseudomonadaceae; Pseudomonas']
2895571	Pseudomonas phage Pst_GIL1	Viruses; Duplodnaviria; Heunggongvirae; Uroviricota; Caudoviricetes; Autographiviridae; Studiervirinae; Ghunavirus; unclassified Ghunavirus	Pst_GIL1	Pst_GIL1_taxid_2895571	['Pseudomonas syringae']	['Bacteria; Pseudomonadota; Gammaproteobacteria; Pseudomonadales; Pseudomonadaceae; Pseudomonas; Pseudomonas syringae group; Pseudomonas syringae group genomosp. 1']
2895572	Pseudomonas phage Pst_GM1	Viruses; Duplodnaviria; Heunggongvirae; Uroviricota; Caudoviricetes; Autographiviridae; Studiervirinae; Ghunavirus; unclassified Ghunavirus	Pst_GM1	Pst_GM1_taxid_2895572	['Pseudomonas syringae']	['Bacteria; Pseudomonadota; Gammaproteobacteria; Pseudomonadales; Pseudomonadaceae; Pseudomonas; Pseudomonas syringae group; Pseudomonas syringae group genomosp. 1']
3003632	Pseudomonas phage PSV3	Viruses; Duplodnaviria; Heunggongvirae; Uroviricota; Caudoviricetes; Septimatrevirus; unclassified Septimatrevirus	PSV3	PSV3_taxid_3003632	['Pseudomonas syringae']	['Bacteria; Pseudomonadota; Gammaproteobacteria; Pseudomonadales; Pseudomonadaceae; Pseudomonas; Pseudomonas syringae group; Pseudomonas syringae group genomosp. 1']
2982902	Pseudomonas phage PSV6	Viruses; Duplodnaviria; Heunggongvirae; Uroviricota; Caudoviricetes; Autographiviridae; Studiervirinae; Pifdecavirus; unclassified Pifdecavirus	PSV6	PSV6_taxid_2982902	['Pseudomonas syringae']	['Bacteria; Pseudomonadota; Gammaproteobacteria; Pseudomonadales; Pseudomonadaceae; Pseudomonas; Pseudomonas syringae group; Pseudomonas syringae group genomosp. 1']
3053861	Pseudomonas phage PT07	Viruses; Duplodnaviria; Heunggongvirae; Uroviricota; Caudoviricetes; Pakpunavirus; unclassified Pakpunavirus	PT07	PT07_taxid_3053861	['Pseudomonas aeruginosa']	['Bacteria; Pseudomonadota; Gammaproteobacteria; Pseudomonadales; Pseudomonadaceae; Pseudomonas; Pseudomonas aeruginosa group']
496396	Pseudomonas phage PT2	Viruses; Duplodnaviria; Heunggongvirae; Uroviricota; Caudoviricetes; Autographiviridae; Krylovirinae; Phikmvvirus; Phikmvvirus PT2	PT2	PT2_taxid_496396	['Pseudomonas aeruginosa']	['Bacteria; Pseudomonadota; Gammaproteobacteria; Pseudomonadales; Pseudomonadaceae; Pseudomonas; Pseudomonas aeruginosa group']
476523	Pseudomonas phage PT5	Viruses; Duplodnaviria; Heunggongvirae; Uroviricota; Caudoviricetes; Autographiviridae; Krylovirinae; Phikmvvirus; Phikmvvirus PT5	PT5	PT5_taxid_476523	['Pseudomonas aeruginosa']	['Bacteria; Pseudomonadota; Gammaproteobacteria; Pseudomonadales; Pseudomonadaceae; Pseudomonas; Pseudomonas aeruginosa group']
3073018	Pseudomonas phage PWJ	Viruses; Duplodnaviria; Heunggongvirae; Uroviricota; Caudoviricetes; Schitoviridae; Migulavirinae; Litunavirus; unclassified Litunavirus	PWJ	PWJ_taxid_3073018	['Pseudomonas aeruginosa']	['Bacteria; Pseudomonadota; Gammaproteobacteria; Pseudomonadales; Pseudomonadaceae; Pseudomonas; Pseudomonas aeruginosa group']
2873458	Pseudomonas phage QAC	Viruses; Duplodnaviria; Heunggongvirae; Uroviricota; Caudoviricetes; Autographiviridae; Studiervirinae; Ghunavirus; Ghunavirus 17A	QAC	QAC_taxid_2873458	['Pseudomonas syringae pv. tomato']	['Bacteria; Pseudomonadota; Gammaproteobacteria; Pseudomonadales; Pseudomonadaceae; Pseudomonas; Pseudomonas syringae group']
2660687	Pseudomonas phage Quinobequin-P09	Viruses; Duplodnaviria; Heunggongvirae; Uroviricota; Caudoviricetes; Queuovirinae; Nipunavirus; Nipunavirus NP1	Quinobequin-P09	Quinobequin-P09_taxid_2660687	['Pseudomonas aeruginosa UCBPP-PA14']	['Bacteria; Pseudomonadota; Gammaproteobacteria; Pseudomonadales; Pseudomonadaceae; Pseudomonas; Pseudomonas aeruginosa group; Pseudomonas aeruginosa']
2562635	Pseudomonas phage R12	Viruses; Duplodnaviria; Heunggongvirae; Uroviricota; Caudoviricetes; Pbunavirus; Pbunavirus R12	R12	R12_taxid_2562635	['Pseudomonas']	['Bacteria; Pseudomonadota; Gammaproteobacteria; Pseudomonadales; Pseudomonadaceae']
2562636	Pseudomonas phage R26	Viruses; Duplodnaviria; Heunggongvirae; Uroviricota; Caudoviricetes; Pbunavirus; Pbunavirus R26	R26	R26_taxid_2562636	['Pseudomonas']	['Bacteria; Pseudomonadota; Gammaproteobacteria; Pseudomonadales; Pseudomonadaceae']
2873461	Pseudomonas phage REC	Viruses; Duplodnaviria; Heunggongvirae; Uroviricota; Caudoviricetes; Otagovirus; unclassified Otagovirus	REC	REC_taxid_2873461	['Pseudomonas syringae pv. tomato']	['Bacteria; Pseudomonadota; Gammaproteobacteria; Pseudomonadales; Pseudomonadaceae; Pseudomonas; Pseudomonas syringae group']
2886030	Pseudomonas phage REC1	Viruses; Duplodnaviria; Heunggongvirae; Uroviricota; Caudoviricetes; Otagovirus; unclassified Otagovirus	REC1	REC1_taxid_2886030	['Pseudomonas sp.']	['Bacteria; Pseudomonadota; Gammaproteobacteria; Pseudomonadales; Pseudomonadaceae; Pseudomonas']
2483418	Pseudomonas phage RLP	Viruses; Duplodnaviria; Heunggongvirae; Uroviricota; Caudoviricetes; Autographiviridae; Krylovirinae; Phikmvvirus; Phikmvvirus RLP	RLP	RLP_taxid_2483418	['Pseudomonas aeruginosa']	['Bacteria; Pseudomonadota; Gammaproteobacteria; Pseudomonadales; Pseudomonadaceae; Pseudomonas; Pseudomonas aeruginosa group']
2544986	Pseudomonas phage RSP	Viruses; Duplodnaviria; Heunggongvirae; Uroviricota; Caudoviricetes; unclassified Caudoviricetes	RSP	RSP_taxid_2544986	['Pseudomonas aeruginosa']	['Bacteria; Pseudomonadota; Gammaproteobacteria; Pseudomonadales; Pseudomonadaceae; Pseudomonas; Pseudomonas aeruginosa group']
1541890	Pseudomonas phage RWG	Viruses; Duplodnaviria; Heunggongvirae; Uroviricota; Caudoviricetes; Schitoviridae; Migulavirinae; Litunavirus; Litunavirus Ab09	RWG	RWG_taxid_1541890	['Pseudomonas aeruginosa PAO1']	['Bacteria; Pseudomonadota; Gammaproteobacteria; Pseudomonadales; Pseudomonadaceae; Pseudomonas; Pseudomonas aeruginosa group; Pseudomonas aeruginosa']
1752028	Pseudomonas phage S12-1	Viruses; Duplodnaviria; Heunggongvirae; Uroviricota; Caudoviricetes; Pbunavirus; Pbunavirus LS1	S12-1	S12-1_taxid_1752028	['Pseudomonas']	['Bacteria; Pseudomonadota; Gammaproteobacteria; Pseudomonadales; Pseudomonadaceae']
2562637	Pseudomonas phage S12-3	Viruses; Duplodnaviria; Heunggongvirae; Uroviricota; Caudoviricetes; Pbunavirus; Pbunavirus LS1	S12-3	S12-3_taxid_2562637	['Pseudomonas']	['Bacteria; Pseudomonadota; Gammaproteobacteria; Pseudomonadales; Pseudomonadaceae']
2562638	Pseudomonas phage S50	Viruses; Duplodnaviria; Heunggongvirae; Uroviricota; Caudoviricetes; Pbunavirus; Pbunavirus LS1	S50	S50_taxid_2562638	['Pseudomonas']	['Bacteria; Pseudomonadota; Gammaproteobacteria; Pseudomonadales; Pseudomonadaceae']
2364194	Pseudomonas phage SaPL	Viruses; Duplodnaviria; Heunggongvirae; Uroviricota; Caudoviricetes; Bruynoghevirus; unclassified Bruynoghevirus	SaPL	SaPL_taxid_2364194	['Pseudomonas aeruginosa']	['Bacteria; Pseudomonadota; Gammaproteobacteria; Pseudomonadales; Pseudomonadaceae; Pseudomonas; Pseudomonas aeruginosa group']
2249467	Pseudomonas phage SCYZ1	Viruses; Duplodnaviria; Heunggongvirae; Uroviricota; Caudoviricetes; Krylovvirus; unclassified Krylovvirus	SCYZ1	SCYZ1_taxid_2249467	['Pseudomonas fluorescens']	['Bacteria; Pseudomonadota; Gammaproteobacteria; Pseudomonadales; Pseudomonadaceae; Pseudomonas; Pseudomonas fluorescens group']
2723239	Pseudomonas phage SC_10_H1H2H8_2017	Viruses; Duplodnaviria; Heunggongvirae; Uroviricota; Caudoviricetes; unclassified Caudoviricetes	SC_10_H1H2H8_2017	SC_10_H1H2H8_2017_taxid_2723239	['Pseudomonas sp.']	['Bacteria; Pseudomonadota; Gammaproteobacteria; Pseudomonadales; Pseudomonadaceae; Pseudomonas']
2723240	Pseudomonas phage SC_8_H2H8_2017	Viruses; Duplodnaviria; Heunggongvirae; Uroviricota; Caudoviricetes; unclassified Caudoviricetes	SC_8_H2H8_2017	SC_8_H2H8_2017_taxid_2723240	['Pseudomonas sp.']	['Bacteria; Pseudomonadota; Gammaproteobacteria; Pseudomonadales; Pseudomonadaceae; Pseudomonas']
2723241	Pseudomonas phage SC_9_H1H8_2017	Viruses; Duplodnaviria; Heunggongvirae; Uroviricota; Caudoviricetes; unclassified Caudoviricetes	SC_9_H1H8_2017	SC_9_H1H8_2017_taxid_2723241	['Pseudomonas sp.']	['Bacteria; Pseudomonadota; Gammaproteobacteria; Pseudomonadales; Pseudomonadaceae; Pseudomonas']
3035801	Pseudomonas phage SG1	Viruses; Duplodnaviria; Heunggongvirae; Uroviricota; Caudoviricetes; Pbunavirus; unclassified Pbunavirus	SG1	SG1_taxid_3035801	['Pseudomonas aeruginosa']	['Bacteria; Pseudomonadota; Gammaproteobacteria; Pseudomonadales; Pseudomonadaceae; Pseudomonas; Pseudomonas aeruginosa group']
2719609	Pseudomonas phage shane	Viruses; Duplodnaviria; Heunggongvirae; Uroviricota; Caudoviricetes; Pbunavirus; Pbunavirus DP1	shane	shane_taxid_2719609	['Pseudomonas aeruginosa PAO1']	['Bacteria; Pseudomonadota; Gammaproteobacteria; Pseudomonadales; Pseudomonadaceae; Pseudomonas; Pseudomonas aeruginosa group; Pseudomonas aeruginosa']
1729933	Pseudomonas phage shl2	Viruses; Duplodnaviria; Heunggongvirae; Uroviricota; Caudoviricetes; Autographiviridae; Studiervirinae; Ghunavirus; Ghunavirus shl2	shl2	shl2_taxid_1729933	['Pseudomonas']	['Bacteria; Pseudomonadota; Gammaproteobacteria; Pseudomonadales; Pseudomonadaceae']
2006671	Pseudomonas phage Skulduggery	Viruses; Duplodnaviria; Heunggongvirae; Uroviricota; Caudoviricetes; unclassified Caudoviricetes	Skulduggery	Skulduggery_taxid_2006671	['Pseudomonas fluorescens SBW25']	['Bacteria; Pseudomonadota; Gammaproteobacteria; Pseudomonadales; Pseudomonadaceae; Pseudomonas; Pseudomonas fluorescens group; Pseudomonas fluorescens']
2041215	Pseudomonas phage SL1	Viruses; Duplodnaviria; Heunggongvirae; Uroviricota; Caudoviricetes; Pbunavirus; Pbunavirus SL1	SL1	SL1_taxid_2041215	['Pseudomonas aeruginosa']	['Bacteria; Pseudomonadota; Gammaproteobacteria; Pseudomonadales; Pseudomonadaceae; Pseudomonas; Pseudomonas aeruginosa group']
2041345	Pseudomonas phage SL2	Viruses; Duplodnaviria; Heunggongvirae; Uroviricota; Caudoviricetes; Phikzvirus; Phikzvirus SL2	SL2	SL2_taxid_2041345	['Pseudomonas aeruginosa']	['Bacteria; Pseudomonadota; Gammaproteobacteria; Pseudomonadales; Pseudomonadaceae; Pseudomonas; Pseudomonas aeruginosa group']
2041214	Pseudomonas phage SL4	Viruses; Duplodnaviria; Heunggongvirae; Uroviricota; Caudoviricetes; Bruynoghevirus; unclassified Bruynoghevirus	SL4	SL4_taxid_2041214	['Pseudomonas aeruginosa']	['Bacteria; Pseudomonadota; Gammaproteobacteria; Pseudomonadales; Pseudomonadaceae; Pseudomonas; Pseudomonas aeruginosa group']
1772332	Pseudomonas phage SM1	Viruses; Duplodnaviria; Heunggongvirae; Uroviricota; Caudoviricetes; Samunavirus; Samunavirus SM1	SM1	SM1_taxid_1772332	['Pseudomonas aeruginosa']	['Bacteria; Pseudomonadota; Gammaproteobacteria; Pseudomonadales; Pseudomonadaceae; Pseudomonas; Pseudomonas aeruginosa group']
1701866	Pseudomonas phage Smee	Viruses; Duplodnaviria; Heunggongvirae; Uroviricota; Caudoviricetes; Pbunavirus; Pbunavirus PB1	Smee	Smee_taxid_1701866	['Pseudomonas aeruginosa']	['Bacteria; Pseudomonadota; Gammaproteobacteria; Pseudomonadales; Pseudomonadaceae; Pseudomonas; Pseudomonas aeruginosa group']
582382	Pseudomonas phage SN	Viruses; Duplodnaviria; Heunggongvirae; Uroviricota; Caudoviricetes; Pbunavirus; Pbunavirus SN	SN	SN_taxid_582382	['Pseudomonas aeruginosa']	['Bacteria; Pseudomonadota; Gammaproteobacteria; Pseudomonadales; Pseudomonadaceae; Pseudomonas; Pseudomonas aeruginosa group']
2873459	Pseudomonas phage SNK	Viruses; Duplodnaviria; Heunggongvirae; Uroviricota; Caudoviricetes; Autographiviridae; Studiervirinae; Ghunavirus; unclassified Ghunavirus	SNK	SNK_taxid_2873459	['Pseudomonas syringae pv. tomato']	['Bacteria; Pseudomonadota; Gammaproteobacteria; Pseudomonadales; Pseudomonadaceae; Pseudomonas; Pseudomonas syringae group']
2930393	Pseudomonas phage SoKa	Viruses; Duplodnaviria; Heunggongvirae; Uroviricota; Caudoviricetes; Autographiviridae; Bifseptvirus; unclassified Bifseptvirus	SoKa	SoKa_taxid_2930393	['Pseudomonas syringae pv. syringae']	['Bacteria; Pseudomonadota; Gammaproteobacteria; Pseudomonadales; Pseudomonadaceae; Pseudomonas; Pseudomonas syringae group; Pseudomonas syringae group genomosp. 1']
2719610	Pseudomonas phage sortsol	Viruses; Duplodnaviria; Heunggongvirae; Uroviricota; Caudoviricetes; Pbunavirus; Pbunavirus PA8P1	sortsol	sortsol_taxid_2719610	['Pseudomonas aeruginosa PAO1']	['Bacteria; Pseudomonadota; Gammaproteobacteria; Pseudomonadales; Pseudomonadaceae; Pseudomonas; Pseudomonas aeruginosa group; Pseudomonas aeruginosa']
2972141	Pseudomonas phage sp. 30-1	Viruses; Duplodnaviria; Heunggongvirae; Uroviricota; Caudoviricetes; Phikzvirus; unclassified Phikzvirus	30-1	30-1_taxid_2972141	['Pseudomonas aeruginosa']	['Bacteria; Pseudomonadota; Gammaproteobacteria; Pseudomonadales; Pseudomonadaceae; Pseudomonas; Pseudomonas aeruginosa group']
2972142	Pseudomonas phage sp. 30-2	Viruses; Duplodnaviria; Heunggongvirae; Uroviricota; Caudoviricetes; unclassified Caudoviricetes	30-2	30-2_taxid_2972142	['Pseudomonas aeruginosa']	['Bacteria; Pseudomonadota; Gammaproteobacteria; Pseudomonadales; Pseudomonadaceae; Pseudomonas; Pseudomonas aeruginosa group']
2972143	Pseudomonas phage sp. 30-3	Viruses; Duplodnaviria; Heunggongvirae; Uroviricota; Caudoviricetes; unclassified Caudoviricetes	30-3	30-3_taxid_2972143	['Pseudomonas aeruginosa']	['Bacteria; Pseudomonadota; Gammaproteobacteria; Pseudomonadales; Pseudomonadaceae; Pseudomonas; Pseudomonas aeruginosa group']
2972140	Pseudomonas phage sp. Brmt	Viruses; Duplodnaviria; Heunggongvirae; Uroviricota; Caudoviricetes; Phikzvirus; unclassified Phikzvirus	Brmt	Brmt_taxid_2972140	['Pseudomonas aeruginosa']	['Bacteria; Pseudomonadota; Gammaproteobacteria; Pseudomonadales; Pseudomonadaceae; Pseudomonas; Pseudomonas aeruginosa group']
2972144	Pseudomonas phage sp. LC	Viruses; Duplodnaviria; Heunggongvirae; Uroviricota; Caudoviricetes; Phikzvirus; unclassified Phikzvirus	LC	LC_taxid_2972144	['Pseudomonas aeruginosa']	['Bacteria; Pseudomonadota; Gammaproteobacteria; Pseudomonadales; Pseudomonadaceae; Pseudomonas; Pseudomonas aeruginosa group']
2972145	Pseudomonas phage sp. LP	Viruses; Duplodnaviria; Heunggongvirae; Uroviricota; Caudoviricetes; Autographiviridae; Krylovirinae; Phikmvvirus; unclassified Phikmvvirus	LP	LP_taxid_2972145	['Pseudomonas aeruginosa']	['Bacteria; Pseudomonadota; Gammaproteobacteria; Pseudomonadales; Pseudomonadaceae; Pseudomonas; Pseudomonas aeruginosa group']
2972146	Pseudomonas phage sp. NK1	Viruses; Duplodnaviria; Heunggongvirae; Uroviricota; Caudoviricetes; Phikzvirus; unclassified Phikzvirus	NK1	NK1_taxid_2972146	['Pseudomonas aeruginosa']	['Bacteria; Pseudomonadota; Gammaproteobacteria; Pseudomonadales; Pseudomonadaceae; Pseudomonas; Pseudomonas aeruginosa group']
3003719	Pseudomonas phage SPA01	Viruses; Duplodnaviria; Heunggongvirae; Uroviricota; Caudoviricetes; Pakpunavirus; unclassified Pakpunavirus	SPA01	SPA01_taxid_3003719	['Pseudomonas aeruginosa', 'Pseudomonas aeruginosa PAO1', 'Pseudomonas aeruginosa ATCC 15442']	['Bacteria; Pseudomonadota; Gammaproteobacteria; Pseudomonadales; Pseudomonadaceae; Pseudomonas; Pseudomonas aeruginosa group', 'Bacteria; Pseudomonadota; Gammaproteobacteria; Pseudomonadales; Pseudomonadaceae; Pseudomonas; Pseudomonas aeruginosa group; Pseudomonas aeruginosa', 'Bacteria; Pseudomonadota; Gammaproteobacteria; Pseudomonadales; Pseudomonadaceae; Pseudomonas; Pseudomonas aeruginosa group; Pseudomonas aeruginosa']
3003720	Pseudomonas phage SPA05	Viruses; Duplodnaviria; Heunggongvirae; Uroviricota; Caudoviricetes; Pakpunavirus; unclassified Pakpunavirus	SPA05	SPA05_taxid_3003720	['Pseudomonas aeruginosa', 'Pseudomonas aeruginosa PAO1', 'Pseudomonas aeruginosa ATCC 15442']	['Bacteria; Pseudomonadota; Gammaproteobacteria; Pseudomonadales; Pseudomonadaceae; Pseudomonas; Pseudomonas aeruginosa group', 'Bacteria; Pseudomonadota; Gammaproteobacteria; Pseudomonadales; Pseudomonadaceae; Pseudomonas; Pseudomonas aeruginosa group; Pseudomonas aeruginosa', 'Bacteria; Pseudomonadota; Gammaproteobacteria; Pseudomonadales; Pseudomonadaceae; Pseudomonas; Pseudomonas aeruginosa group; Pseudomonas aeruginosa']
2486665	Pseudomonas phage Spike	Viruses; Duplodnaviria; Heunggongvirae; Uroviricota; Caudoviricetes; Casadabanvirus; unclassified Casadabanvirus	Spike	Spike_taxid_2486665	['Pseudomonas aeruginosa']	['Bacteria; Pseudomonadota; Gammaproteobacteria; Pseudomonadales; Pseudomonadaceae; Pseudomonas; Pseudomonas aeruginosa group']
1453336	Pseudomonas phage SPM-1	Viruses; Duplodnaviria; Heunggongvirae; Uroviricota; Caudoviricetes; Pbunavirus; Pbunavirus F8	SPM-1	SPM-1_taxid_1453336	['Pseudomonas aeruginosa']	['Bacteria; Pseudomonadota; Gammaproteobacteria; Pseudomonadales; Pseudomonadaceae; Pseudomonas; Pseudomonas aeruginosa group']
2268590	Pseudomonas phage SRT6	Viruses; Duplodnaviria; Heunggongvirae; Uroviricota; Caudoviricetes; Pakpunavirus; unclassified Pakpunavirus	SRT6	SRT6_taxid_2268590	['Pseudomonas aeruginosa']	['Bacteria; Pseudomonadota; Gammaproteobacteria; Pseudomonadales; Pseudomonadaceae; Pseudomonas; Pseudomonas aeruginosa group']
2762287	Pseudomonas phage Stalingrad	Viruses; Duplodnaviria; Heunggongvirae; Uroviricota; Caudoviricetes; Autographiviridae; Studiervirinae; Troedvirus; unclassified Troedvirus	Stalingrad	Stalingrad_taxid_2762287	['Pseudomonas putida']	['Bacteria; Pseudomonadota; Gammaproteobacteria; Pseudomonadales; Pseudomonadaceae; Pseudomonas; Pseudomonas putida group']
2719611	Pseudomonas phage steven	Viruses; Duplodnaviria; Heunggongvirae; Uroviricota; Caudoviricetes; Pbunavirus; unclassified Pbunavirus	steven	steven_taxid_2719611	['Pseudomonas aeruginosa PAO1']	['Bacteria; Pseudomonadota; Gammaproteobacteria; Pseudomonadales; Pseudomonadaceae; Pseudomonas; Pseudomonas aeruginosa group; Pseudomonas aeruginosa']
2801387	Pseudomonas phage Strit	Viruses; Duplodnaviria; Heunggongvirae; Uroviricota; Caudoviricetes; Autographiviridae; Krylovirinae; unclassified Krylovirinae	Strit	Strit_taxid_2801387	['Pseudomonas syringae']	['Bacteria; Pseudomonadota; Gammaproteobacteria; Pseudomonadales; Pseudomonadaceae; Pseudomonas; Pseudomonas syringae group; Pseudomonas syringae group genomosp. 1']
2863676	Pseudomonas phage T2P	Viruses; Duplodnaviria; Heunggongvirae; Uroviricota; Caudoviricetes; Phikzvirus; unclassified Phikzvirus	T2P	T2P_taxid_2863676	['Pseudomonas']	['Bacteria; Pseudomonadota; Gammaproteobacteria; Pseudomonadales; Pseudomonadaceae']
2048978	Pseudomonas phage tabernarius	Viruses; Duplodnaviria; Heunggongvirae; Uroviricota; Caudoviricetes; Tabernariusvirus; Tabernariusvirus tabernarius	tabernarius	tabernarius_taxid_2048978	['Pseudomonas syringae pv. avii']	['Bacteria; Pseudomonadota; Gammaproteobacteria; Pseudomonadales; Pseudomonadaceae; Pseudomonas; Pseudomonas syringae group; Pseudomonas syringae group genomosp. 1']
2060947	Pseudomonas phage TC6	Viruses; Duplodnaviria; Heunggongvirae; Uroviricota; Caudoviricetes; Zobellviridae; Paundecimvirus; Paundecimvirus PA11	TC6	TC6_taxid_2060947	['Pseudomonas aeruginosa PA1']	['Bacteria; Pseudomonadota; Gammaproteobacteria; Pseudomonadales; Pseudomonadaceae; Pseudomonas; Pseudomonas aeruginosa group; Pseudomonas aeruginosa']
2065330	Pseudomonas phage TC7	Viruses; Duplodnaviria; Heunggongvirae; Uroviricota; Caudoviricetes; unclassified Caudoviricetes	TC7	TC7_taxid_2065330	['Pseudomonas aeruginosa PA1']	['Bacteria; Pseudomonadota; Gammaproteobacteria; Pseudomonadales; Pseudomonadaceae; Pseudomonas; Pseudomonas aeruginosa group; Pseudomonas aeruginosa']
2880994	Pseudomonas phage TehO	Viruses; Duplodnaviria; Heunggongvirae; Uroviricota; Caudoviricetes; Septimatrevirus; Septimatrevirus kakheti25	TehO	TehO_taxid_2880994	['Pseudomonas aeruginosa']	['Bacteria; Pseudomonadota; Gammaproteobacteria; Pseudomonadales; Pseudomonadaceae; Pseudomonas; Pseudomonas aeruginosa group']
1114179	Pseudomonas phage tf	Viruses; Duplodnaviria; Heunggongvirae; Uroviricota; Caudoviricetes; Krylovvirus; Krylovvirus tf	tf	tf_taxid_1114179	['Pseudomonas putida']	['Bacteria; Pseudomonadota; Gammaproteobacteria; Pseudomonadales; Pseudomonadaceae; Pseudomonas; Pseudomonas putida group']
2801839	Pseudomonas phage TH15	Viruses; Duplodnaviria; Heunggongvirae; Uroviricota; Caudoviricetes; Pbunavirus; unclassified Pbunavirus	TH15	TH15_taxid_2801839	['Pseudomonas aeruginosa']	['Bacteria; Pseudomonadota; Gammaproteobacteria; Pseudomonadales; Pseudomonadaceae; Pseudomonas; Pseudomonas aeruginosa group']
1406974	Pseudomonas phage TL	Viruses; Duplodnaviria; Heunggongvirae; Uroviricota; Caudoviricetes; Bruynoghevirus; Bruynoghevirus TL	TL	TL_taxid_1406974	['Pseudomonas aeruginosa']	['Bacteria; Pseudomonadota; Gammaproteobacteria; Pseudomonadales; Pseudomonadaceae; Pseudomonas; Pseudomonas aeruginosa group']
1701867	Pseudomonas phage Triton	Viruses; Duplodnaviria; Heunggongvirae; Uroviricota; Caudoviricetes; Pbunavirus; Pbunavirus PB1	Triton	Triton_taxid_1701867	['Pseudomonas aeruginosa']	['Bacteria; Pseudomonadota; Gammaproteobacteria; Pseudomonadales; Pseudomonadaceae; Pseudomonas; Pseudomonas aeruginosa group']
2863675	Pseudomonas phage U1B	Viruses; Duplodnaviria; Heunggongvirae; Uroviricota; Caudoviricetes; Phikzvirus; unclassified Phikzvirus	U1B	U1B_taxid_2863675	['Pseudomonas aeruginosa PAO1']	['Bacteria; Pseudomonadota; Gammaproteobacteria; Pseudomonadales; Pseudomonadaceae; Pseudomonas; Pseudomonas aeruginosa group; Pseudomonas aeruginosa']
2663180	Pseudomonas phage U47	Viruses; Duplodnaviria; Heunggongvirae; Uroviricota; Caudoviricetes; Bruynoghevirus; unclassified Bruynoghevirus	U47	U47_taxid_2663180	['Pseudomonas aeruginosa PAO1']	['Bacteria; Pseudomonadota; Gammaproteobacteria; Pseudomonadales; Pseudomonadaceae; Pseudomonas; Pseudomonas aeruginosa group; Pseudomonas aeruginosa']
2763137	Pseudomonas phage U5	Viruses; Duplodnaviria; Heunggongvirae; Uroviricota; Caudoviricetes; Phikzvirus; unclassified Phikzvirus	U5	U5_taxid_2763137	['Pseudomonas aeruginosa PAO1']	['Bacteria; Pseudomonadota; Gammaproteobacteria; Pseudomonadales; Pseudomonadaceae; Pseudomonas; Pseudomonas aeruginosa group; Pseudomonas aeruginosa']
2856996	Pseudomonas phage UAntarctica	Viruses; Duplodnaviria; Heunggongvirae; Uroviricota; Caudoviricetes; unclassified Caudoviricetes	UAntarctica	UAntarctica_taxid_2856996	['Pseudomonas sp.']	['Bacteria; Pseudomonadota; Gammaproteobacteria; Pseudomonadales; Pseudomonadaceae; Pseudomonas']
2856997	Pseudomonas phage UAVern	Viruses; Duplodnaviria; Heunggongvirae; Uroviricota; Caudoviricetes; unclassified Caudoviricetes	UAVern	UAVern_taxid_2856997	['Pseudomonas sp.']	['Bacteria; Pseudomonadota; Gammaproteobacteria; Pseudomonadales; Pseudomonadaceae; Pseudomonas']
2927622	Pseudomonas phage UFJF_PfDIW6	Viruses; Duplodnaviria; Heunggongvirae; Uroviricota; Caudoviricetes; unclassified Caudoviricetes	UFJF_PfDIW6	UFJF_PfDIW6_taxid_2927622	['Pseudomonas fluorescens']	['Bacteria; Pseudomonadota; Gammaproteobacteria; Pseudomonadales; Pseudomonadaceae; Pseudomonas; Pseudomonas fluorescens group']
3003725	Pseudomonas phage UFJF_PfSW6	Viruses; Duplodnaviria; Heunggongvirae; Uroviricota; Caudoviricetes; Autographiviridae; Studiervirinae; Pijolavirus; unclassified Pijolavirus	UFJF_PfSW6	UFJF_PfSW6_taxid_3003725	['Pseudomonas fluorescens']	['Bacteria; Pseudomonadota; Gammaproteobacteria; Pseudomonadales; Pseudomonadaceae; Pseudomonas; Pseudomonas fluorescens group']
1235661	Pseudomonas phage UFV-P2	Viruses; Duplodnaviria; Heunggongvirae; Uroviricota; Caudoviricetes; Vicosavirus; Vicosavirus UFVP2	UFV-P2	UFV-P2_taxid_1235661	['Pseudomonas fluorescens']	['Bacteria; Pseudomonadota; Gammaproteobacteria; Pseudomonadales; Pseudomonadaceae; Pseudomonas; Pseudomonas fluorescens group']
3020045	Pseudomonas phage UF_RH1	Viruses; Duplodnaviria; Heunggongvirae; Uroviricota; Caudoviricetes; Septimatrevirus; unclassified Septimatrevirus	UF_RH1	UF_RH1_taxid_3020045	['Pseudomonas aeruginosa']	['Bacteria; Pseudomonadota; Gammaproteobacteria; Pseudomonadales; Pseudomonadaceae; Pseudomonas; Pseudomonas aeruginosa group']
3025412	Pseudomonas phage UF_RH5	Viruses; Duplodnaviria; Heunggongvirae; Uroviricota; Caudoviricetes; Septimatrevirus; unclassified Septimatrevirus	UF_RH5	UF_RH5_taxid_3025412	['Pseudomonas aeruginosa']	['Bacteria; Pseudomonadota; Gammaproteobacteria; Pseudomonadales; Pseudomonadaceae; Pseudomonas; Pseudomonas aeruginosa group']
3028120	Pseudomonas phage UF_RH6	Viruses; Duplodnaviria; Heunggongvirae; Uroviricota; Caudoviricetes; Samunavirus; unclassified Samunavirus	UF_RH6	UF_RH6_taxid_3028120	['Pseudomonas aeruginosa']	['Bacteria; Pseudomonadota; Gammaproteobacteria; Pseudomonadales; Pseudomonadaceae; Pseudomonas; Pseudomonas aeruginosa group']
2048979	Pseudomonas phage uligo	Viruses; Duplodnaviria; Heunggongvirae; Uroviricota; Caudoviricetes; Autographiviridae; Colwellvirinae; Uliginvirus; Uliginvirus uligo	uligo	uligo_taxid_2048979	['Pseudomonas syringae pv. avii']	['Bacteria; Pseudomonadota; Gammaproteobacteria; Pseudomonadales; Pseudomonadaceae; Pseudomonas; Pseudomonas syringae group; Pseudomonas syringae group genomosp. 1']
2580353	Pseudomonas phage UMP151	Viruses; Duplodnaviria; Heunggongvirae; Uroviricota; Caudoviricetes; unclassified Caudoviricetes	UMP151	UMP151_taxid_2580353	['Pseudomonas aeruginosa']	['Bacteria; Pseudomonadota; Gammaproteobacteria; Pseudomonadales; Pseudomonadaceae; Pseudomonas; Pseudomonas aeruginosa group']
1873993	Pseudomonas phage UNO-SLW1	Viruses; Duplodnaviria; Heunggongvirae; Uroviricota; Caudoviricetes; Autographiviridae; Studiervirinae; Pifdecavirus; Pifdecavirus UNOSLW1	UNO-SLW1	UNO-SLW1_taxid_1873993	['Pseudomonas sp.']	['Bacteria; Pseudomonadota; Gammaproteobacteria; Pseudomonadales; Pseudomonadaceae; Pseudomonas']
1874529	Pseudomonas phage UNO-SLW2	Viruses; Duplodnaviria; Heunggongvirae; Uroviricota; Caudoviricetes; Autographiviridae; Studiervirinae; Pifdecavirus; Pifdecavirus UNOSLW1	UNO-SLW2	UNO-SLW2_taxid_1874529	['Pseudomonas sp.']	['Bacteria; Pseudomonadota; Gammaproteobacteria; Pseudomonadales; Pseudomonadaceae; Pseudomonas']
1874530	Pseudomonas phage UNO-SLW3	Viruses; Duplodnaviria; Heunggongvirae; Uroviricota; Caudoviricetes; Autographiviridae; Studiervirinae; Pifdecavirus; Pifdecavirus UNOSLW1	UNO-SLW3	UNO-SLW3_taxid_1874530	['Pseudomonas sp.']	['Bacteria; Pseudomonadota; Gammaproteobacteria; Pseudomonadales; Pseudomonadaceae; Pseudomonas']
1874531	Pseudomonas phage UNO-SLW4	Viruses; Duplodnaviria; Heunggongvirae; Uroviricota; Caudoviricetes; Autographiviridae; Studiervirinae; Pifdecavirus; Pifdecavirus UNOSLW1	UNO-SLW4	UNO-SLW4_taxid_1874531	['Pseudomonas sp.']	['Bacteria; Pseudomonadota; Gammaproteobacteria; Pseudomonadales; Pseudomonadaceae; Pseudomonas']
2982920	Pseudomonas phage vB PaM SEMA	Viruses; Duplodnaviria; Heunggongvirae; Uroviricota; Caudoviricetes; Autographiviridae; Krylovirinae; Phikmvvirus; unclassified Phikmvvirus	vB_PaM_SEMA	vB_PaM_SEMA_taxid_2982920	['Pseudomonas']	['Bacteria; Pseudomonadota; Gammaproteobacteria; Pseudomonadales; Pseudomonadaceae']
3053256	Pseudomonas phage vB3530	Viruses; Duplodnaviria; Heunggongvirae; Uroviricota; Caudoviricetes; Pbunavirus; unclassified Pbunavirus	vB3530	vB3530_taxid_3053256	['Pseudomonas aeruginosa']	['Bacteria; Pseudomonadota; Gammaproteobacteria; Pseudomonadales; Pseudomonadaceae; Pseudomonas; Pseudomonas aeruginosa group']
2656516	Pseudomonas phage vB_PA32_GUMS	Viruses; Duplodnaviria; Heunggongvirae; Uroviricota; Caudoviricetes; Phikzvirus; unclassified Phikzvirus	vB_PA32_GUMS	vB_PA32_GUMS_taxid_2656516	['Pseudomonas aeruginosa']	['Bacteria; Pseudomonadota; Gammaproteobacteria; Pseudomonadales; Pseudomonadaceae; Pseudomonas; Pseudomonas aeruginosa group']
2656517	Pseudomonas phage vB_PA45_GUMS	Viruses; Duplodnaviria; Heunggongvirae; Uroviricota; Caudoviricetes; Pakpunavirus; Pakpunavirus CAb02	vB_PA45_GUMS	vB_PA45_GUMS_taxid_2656517	['Pseudomonas aeruginosa']	['Bacteria; Pseudomonadota; Gammaproteobacteria; Pseudomonadales; Pseudomonadaceae; Pseudomonas; Pseudomonas aeruginosa group']
2656518	Pseudomonas phage vB_PA6_GUMS	Viruses; Duplodnaviria; Heunggongvirae; Uroviricota; Caudoviricetes; Pbunavirus; Pbunavirus R26	vB_PA6_GUMS	vB_PA6_GUMS_taxid_2656518	['Pseudomonas aeruginosa']	['Bacteria; Pseudomonadota; Gammaproteobacteria; Pseudomonadales; Pseudomonadaceae; Pseudomonas; Pseudomonas aeruginosa group']
1141526	Pseudomonas phage vB_Pae-Kakheti25	Viruses; Duplodnaviria; Heunggongvirae; Uroviricota; Caudoviricetes; Septimatrevirus; Septimatrevirus kakheti25	vB_Pae-Kakheti25	vB_Pae-Kakheti25_taxid_1141526	['Pseudomonas aeruginosa']	['Bacteria; Pseudomonadota; Gammaproteobacteria; Pseudomonadales; Pseudomonadaceae; Pseudomonas; Pseudomonas aeruginosa group']
2849092	Pseudomonas phage vB_Pae-PA14	Viruses; Duplodnaviria; Heunggongvirae; Uroviricota; Caudoviricetes; Schitoviridae; Migulavirinae; Litunavirus; unclassified Litunavirus	vB_Pae-PA14	vB_Pae-PA14_taxid_2849092	['Pseudomonas aeruginosa']	['Bacteria; Pseudomonadota; Gammaproteobacteria; Pseudomonadales; Pseudomonadaceae; Pseudomonas; Pseudomonas aeruginosa group']
2851029	Pseudomonas phage vB_Pae-PA152	Viruses; Duplodnaviria; Heunggongvirae; Uroviricota; Caudoviricetes; Schitoviridae; Migulavirinae; Luzseptimavirus; unclassified Luzseptimavirus	vB_Pae-PA152	vB_Pae-PA152_taxid_2851029	['Pseudomonas aeruginosa']	['Bacteria; Pseudomonadota; Gammaproteobacteria; Pseudomonadales; Pseudomonadaceae; Pseudomonas; Pseudomonas aeruginosa group']
2660688	Pseudomonas phage vB_Pae-SS2019XI	Viruses; Duplodnaviria; Heunggongvirae; Uroviricota; Caudoviricetes; Casjensviridae; Maxdohrnvirus; Maxdohrnvirus SS2019XI	vB_Pae-SS2019XI	vB_Pae-SS2019XI_taxid_2660688	['Pseudomonas aeruginosa']	['Bacteria; Pseudomonadota; Gammaproteobacteria; Pseudomonadales; Pseudomonadaceae; Pseudomonas; Pseudomonas aeruginosa group']
2660689	Pseudomonas phage vB_Pae-SS2019XII	Viruses; Duplodnaviria; Heunggongvirae; Uroviricota; Caudoviricetes; Beetrevirus; unclassified Beetrevirus	vB_Pae-SS2019XII	vB_Pae-SS2019XII_taxid_2660689	['Pseudomonas aeruginosa']	['Bacteria; Pseudomonadota; Gammaproteobacteria; Pseudomonadales; Pseudomonadaceae; Pseudomonas; Pseudomonas aeruginosa group']
1141525	Pseudomonas phage vB_Pae-TbilisiM32	Viruses; Duplodnaviria; Heunggongvirae; Uroviricota; Caudoviricetes; Autographiviridae; Krylovirinae; Phikmvvirus; Phikmvvirus PT5	vB_Pae-TbilisiM32	vB_Pae-TbilisiM32_taxid_1141525	['Pseudomonas aeruginosa']	['Bacteria; Pseudomonadota; Gammaproteobacteria; Pseudomonadales; Pseudomonadaceae; Pseudomonas; Pseudomonas aeruginosa group']
1868842	Pseudomonas phage vB_Pae1396P-5	Viruses; Duplodnaviria; Heunggongvirae; Uroviricota; Caudoviricetes; Schitoviridae; Migulavirinae; Litunavirus; unclassified Litunavirus	vB_Pae1396P-5	vB_Pae1396P-5_taxid_1868842	['Pseudomonas sp.']	['Bacteria; Pseudomonadota; Gammaproteobacteria; Pseudomonadales; Pseudomonadaceae; Pseudomonas']
1868828	Pseudomonas phage vB_Pae436M-8	Viruses; Duplodnaviria; Heunggongvirae; Uroviricota; Caudoviricetes; Pbunavirus; Pbunavirus KTN6	vB_Pae436M-8	vB_Pae436M-8_taxid_1868828	['Pseudomonas sp.']	['Bacteria; Pseudomonadota; Gammaproteobacteria; Pseudomonadales; Pseudomonadaceae; Pseudomonas']
1868829	Pseudomonas phage vB_Pae575P-3	Viruses; Duplodnaviria; Heunggongvirae; Uroviricota; Caudoviricetes; Schitoviridae; Migulavirinae; Litunavirus; unclassified Litunavirus	vB_Pae575P-3	vB_Pae575P-3_taxid_1868829	['Pseudomonas sp.']	['Bacteria; Pseudomonadota; Gammaproteobacteria; Pseudomonadales; Pseudomonadaceae; Pseudomonas']
2863830	Pseudomonas phage vB_PaeA_55_1W	Viruses; Duplodnaviria; Heunggongvirae; Uroviricota; Caudoviricetes; Autographiviridae; Krylovirinae; Phikmvvirus; Phikmvvirus LUZ19	vB_PaeA_55_1W	vB_PaeA_55_1W_taxid_2863830	['Pseudomonas aeruginosa']	['Bacteria; Pseudomonadota; Gammaproteobacteria; Pseudomonadales; Pseudomonadaceae; Pseudomonas; Pseudomonas aeruginosa group']
3058943	Pseudomonas phage vB_PaeA_SB	Viruses; Duplodnaviria; Heunggongvirae; Uroviricota; Caudoviricetes; Autographiviridae; Krylovirinae; Phikmvvirus; unclassified Phikmvvirus	vB_PaeA_SB	vB_PaeA_SB_taxid_3058943	['Pseudomonas aeruginosa PAO1']	['Bacteria; Pseudomonadota; Gammaproteobacteria; Pseudomonadales; Pseudomonadaceae; Pseudomonas; Pseudomonas aeruginosa group; Pseudomonas aeruginosa']
3034915	Pseudomonas phage vB_PaeM-G11	Viruses; Duplodnaviria; Heunggongvirae; Uroviricota; Caudoviricetes; Autographiviridae; Studiervirinae; unclassified Studiervirinae	vB_PaeM-G11	vB_PaeM-G11_taxid_3034915	['Pseudomonas sp. D3', 'Pseudomonas sp. G11']	['Bacteria; Pseudomonadota; Gammaproteobacteria; Pseudomonadales; Pseudomonadaceae; Pseudomonas', 'Bacteria; Pseudomonadota; Gammaproteobacteria; Pseudomonadales; Pseudomonadaceae; Pseudomonas']
2863831	Pseudomonas phage vB_PaeM_198	Viruses; Duplodnaviria; Heunggongvirae; Uroviricota; Caudoviricetes; Pbunavirus; unclassified Pbunavirus	vB_PaeM_198	vB_PaeM_198_taxid_2863831	['Pseudomonas aeruginosa']	['Bacteria; Pseudomonadota; Gammaproteobacteria; Pseudomonadales; Pseudomonadaceae; Pseudomonas; Pseudomonas aeruginosa group']
3022055	Pseudomonas phage vB_PaeM_B31	Viruses; Duplodnaviria; Heunggongvirae; Uroviricota; Caudoviricetes; Pakpunavirus; unclassified Pakpunavirus	vB_PaeM_B31	vB_PaeM_B31_taxid_3022055	['Pseudomonas aeruginosa']	['Bacteria; Pseudomonadota; Gammaproteobacteria; Pseudomonadales; Pseudomonadaceae; Pseudomonas; Pseudomonas aeruginosa group']
3022057	Pseudomonas phage vB_PaeM_B55	Viruses; Duplodnaviria; Heunggongvirae; Uroviricota; Caudoviricetes; Pakpunavirus; unclassified Pakpunavirus	vB_PaeM_B55	vB_PaeM_B55_taxid_3022057	['Pseudomonas aeruginosa']	['Bacteria; Pseudomonadota; Gammaproteobacteria; Pseudomonadales; Pseudomonadaceae; Pseudomonas; Pseudomonas aeruginosa group']
1548917	Pseudomonas phage vB_PaeM_C1-14_Ab28	Viruses; Duplodnaviria; Heunggongvirae; Uroviricota; Caudoviricetes; Pbunavirus; Pbunavirus Ab28	vB_PaeM_C1-14_Ab28	vB_PaeM_C1-14_Ab28_taxid_1548917	['Pseudomonas aeruginosa']	['Bacteria; Pseudomonadota; Gammaproteobacteria; Pseudomonadales; Pseudomonadaceae; Pseudomonas; Pseudomonas aeruginosa group']
1548900	Pseudomonas phage vB_PaeM_C2-10_Ab02	Viruses; Duplodnaviria; Heunggongvirae; Uroviricota; Caudoviricetes; Pakpunavirus; Pakpunavirus CAb02	vB_PaeM_C2-10_Ab02	vB_PaeM_C2-10_Ab02_taxid_1548900	['Pseudomonas aeruginosa']	['Bacteria; Pseudomonadota; Gammaproteobacteria; Pseudomonadales; Pseudomonadaceae; Pseudomonas; Pseudomonas aeruginosa group']
1548903	Pseudomonas phage vB_PaeM_C2-10_Ab08	Viruses; Duplodnaviria; Heunggongvirae; Uroviricota; Caudoviricetes; Pakpunavirus; Pakpunavirus CAb1	vB_PaeM_C2-10_Ab08	vB_PaeM_C2-10_Ab08_taxid_1548903	['Pseudomonas aeruginosa']	['Bacteria; Pseudomonadota; Gammaproteobacteria; Pseudomonadales; Pseudomonadaceae; Pseudomonas; Pseudomonas aeruginosa group']
1231048	Pseudomonas phage vB_PaeM_C2-10_Ab1	Viruses; Duplodnaviria; Heunggongvirae; Uroviricota; Caudoviricetes; Pakpunavirus; Pakpunavirus CAb1	vB_PaeM_C2-10_Ab1	vB_PaeM_C2-10_Ab1_taxid_1231048	['Pseudomonas aeruginosa']	['Bacteria; Pseudomonadota; Gammaproteobacteria; Pseudomonadales; Pseudomonadaceae; Pseudomonas; Pseudomonas aeruginosa group']
1675014	Pseudomonas phage vB_PaeM_CEB_DP1	Viruses; Duplodnaviria; Heunggongvirae; Uroviricota; Caudoviricetes; Pbunavirus; Pbunavirus DP1	vB_PaeM_CEB_DP1	vB_PaeM_CEB_DP1_taxid_1675014	['Pseudomonas aeruginosa PAO1']	['Bacteria; Pseudomonadota; Gammaproteobacteria; Pseudomonadales; Pseudomonadaceae; Pseudomonas; Pseudomonas aeruginosa group; Pseudomonas aeruginosa']
2034347	Pseudomonas phage vB_PaeM_E215	Viruses; Duplodnaviria; Heunggongvirae; Uroviricota; Caudoviricetes; Pbunavirus; Pbunavirus E215	vB_PaeM_E215	vB_PaeM_E215_taxid_2034347	['Pseudomonas']	['Bacteria; Pseudomonadota; Gammaproteobacteria; Pseudomonadales; Pseudomonadaceae']
2034346	Pseudomonas phage vB_PaeM_E217	Viruses; Duplodnaviria; Heunggongvirae; Uroviricota; Caudoviricetes; Pbunavirus; Pbunavirus E217	vB_PaeM_E217	vB_PaeM_E217_taxid_2034346	['Pseudomonas']	['Bacteria; Pseudomonadota; Gammaproteobacteria; Pseudomonadales; Pseudomonadaceae']
2969602	Pseudomonas phage vB_PaeM_FBPa10	Viruses; Duplodnaviria; Heunggongvirae; Uroviricota; Caudoviricetes; Pbunavirus; unclassified Pbunavirus	vB_PaeM_FBPa10	vB_PaeM_FBPa10_taxid_2969602	['Pseudomonas sp.']	['Bacteria; Pseudomonadota; Gammaproteobacteria; Pseudomonadales; Pseudomonadaceae; Pseudomonas']
2969603	Pseudomonas phage vB_PaeM_FBPa12	Viruses; Duplodnaviria; Heunggongvirae; Uroviricota; Caudoviricetes; Pbunavirus; unclassified Pbunavirus	vB_PaeM_FBPa12	vB_PaeM_FBPa12_taxid_2969603	['Pseudomonas sp.']	['Bacteria; Pseudomonadota; Gammaproteobacteria; Pseudomonadales; Pseudomonadaceae; Pseudomonas']
2945962	Pseudomonas phage vB_PaeM_FBPa14	Viruses; Duplodnaviria; Heunggongvirae; Uroviricota; Caudoviricetes; Pbunavirus; unclassified Pbunavirus	vB_PaeM_FBPa14	vB_PaeM_FBPa14_taxid_2945962	['Pseudomonas aeruginosa PAO1']	['Bacteria; Pseudomonadota; Gammaproteobacteria; Pseudomonadales; Pseudomonadaceae; Pseudomonas; Pseudomonas aeruginosa group; Pseudomonas aeruginosa']
2969604	Pseudomonas phage vB_PaeM_FBPa2	Viruses; Duplodnaviria; Heunggongvirae; Uroviricota; Caudoviricetes; Pbunavirus; unclassified Pbunavirus	vB_PaeM_FBPa2	vB_PaeM_FBPa2_taxid_2969604	['Pseudomonas sp.']	['Bacteria; Pseudomonadota; Gammaproteobacteria; Pseudomonadales; Pseudomonadaceae; Pseudomonas']
2969605	Pseudomonas phage vB_PaeM_FBPa21	Viruses; Duplodnaviria; Heunggongvirae; Uroviricota; Caudoviricetes; Pbunavirus; unclassified Pbunavirus	vB_PaeM_FBPa21	vB_PaeM_FBPa21_taxid_2969605	['Pseudomonas sp.']	['Bacteria; Pseudomonadota; Gammaproteobacteria; Pseudomonadales; Pseudomonadaceae; Pseudomonas']
2945963	Pseudomonas phage vB_PaeM_FBPa24	Viruses; Duplodnaviria; Heunggongvirae; Uroviricota; Caudoviricetes; Pbunavirus; unclassified Pbunavirus	vB_PaeM_FBPa24	vB_PaeM_FBPa24_taxid_2945963	['Pseudomonas sp.', 'Pseudomonas aeruginosa PAO1']	['Bacteria; Pseudomonadota; Gammaproteobacteria; Pseudomonadales; Pseudomonadaceae; Pseudomonas', 'Bacteria; Pseudomonadota; Gammaproteobacteria; Pseudomonadales; Pseudomonadaceae; Pseudomonas; Pseudomonas aeruginosa group; Pseudomonas aeruginosa']
2969606	Pseudomonas phage vB_PaeM_FBPa3	Viruses; Duplodnaviria; Heunggongvirae; Uroviricota; Caudoviricetes; Autographiviridae; Krylovirinae; Phikmvvirus; unclassified Phikmvvirus	vB_PaeM_FBPa3	vB_PaeM_FBPa3_taxid_2969606	['Pseudomonas sp.']	['Bacteria; Pseudomonadota; Gammaproteobacteria; Pseudomonadales; Pseudomonadaceae; Pseudomonas']
2969607	Pseudomonas phage vB_PaeM_FBPa34	Viruses; Duplodnaviria; Heunggongvirae; Uroviricota; Caudoviricetes; Pbunavirus; unclassified Pbunavirus	vB_PaeM_FBPa34	vB_PaeM_FBPa34_taxid_2969607	['Pseudomonas sp.']	['Bacteria; Pseudomonadota; Gammaproteobacteria; Pseudomonadales; Pseudomonadaceae; Pseudomonas']
2969608	Pseudomonas phage vB_PaeM_FBPa35	Viruses; Duplodnaviria; Heunggongvirae; Uroviricota; Caudoviricetes; Pbunavirus; unclassified Pbunavirus	vB_PaeM_FBPa35	vB_PaeM_FBPa35_taxid_2969608	['Pseudomonas sp.']	['Bacteria; Pseudomonadota; Gammaproteobacteria; Pseudomonadales; Pseudomonadaceae; Pseudomonas']
2969609	Pseudomonas phage vB_PaeM_FBPa5	Viruses; Duplodnaviria; Heunggongvirae; Uroviricota; Caudoviricetes; Bruynoghevirus; unclassified Bruynoghevirus	vB_PaeM_FBPa5	vB_PaeM_FBPa5_taxid_2969609	['Pseudomonas sp.']	['Bacteria; Pseudomonadota; Gammaproteobacteria; Pseudomonadales; Pseudomonadaceae; Pseudomonas']
2945964	Pseudomonas phage vB_PaeM_FBPa50	Viruses; Duplodnaviria; Heunggongvirae; Uroviricota; Caudoviricetes; Pbunavirus; unclassified Pbunavirus	vB_PaeM_FBPa50	vB_PaeM_FBPa50_taxid_2945964	['Pseudomonas aeruginosa', 'Pseudomonas aeruginosa PAO1']	['Bacteria; Pseudomonadota; Gammaproteobacteria; Pseudomonadales; Pseudomonadaceae; Pseudomonas; Pseudomonas aeruginosa group', 'Bacteria; Pseudomonadota; Gammaproteobacteria; Pseudomonadales; Pseudomonadaceae; Pseudomonas; Pseudomonas aeruginosa group; Pseudomonas aeruginosa']
2500798	Pseudomonas phage vB_PaeM_fHoPae01	Viruses; Duplodnaviria; Heunggongvirae; Uroviricota; Caudoviricetes; Pbunavirus; unclassified Pbunavirus	vB_PaeM_fHoPae01	vB_PaeM_fHoPae01_taxid_2500798	['Pseudomonas aeruginosa']	['Bacteria; Pseudomonadota; Gammaproteobacteria; Pseudomonadales; Pseudomonadaceae; Pseudomonas; Pseudomonas aeruginosa group']
1983539	Pseudomonas phage vB_PaeM_G1	Viruses; Duplodnaviria; Heunggongvirae; Uroviricota; Caudoviricetes; Nankokuvirus; Nankokuvirus G1	vB_PaeM_G1	vB_PaeM_G1_taxid_1983539	['Pseudomonas aeruginosa']	['Bacteria; Pseudomonadota; Gammaproteobacteria; Pseudomonadales; Pseudomonadaceae; Pseudomonas; Pseudomonas aeruginosa group']
2781362	Pseudomonas phage vB_PaeM_kmuB	Viruses; Duplodnaviria; Heunggongvirae; Uroviricota; Caudoviricetes; Phikzvirus; unclassified Phikzvirus	vB_PaeM_kmuB	vB_PaeM_kmuB_taxid_2781362	['Pseudomonas aeruginosa']	['Bacteria; Pseudomonadota; Gammaproteobacteria; Pseudomonadales; Pseudomonadaceae; Pseudomonas; Pseudomonas aeruginosa group']
2488595	Pseudomonas phage vB_PaeM_LCK69	Viruses; Duplodnaviria; Heunggongvirae; Uroviricota; Caudoviricetes; Pakpunavirus; unclassified Pakpunavirus	vB_PaeM_LCK69	vB_PaeM_LCK69_taxid_2488595	['Pseudomonas aeruginosa']	['Bacteria; Pseudomonadota; Gammaproteobacteria; Pseudomonadales; Pseudomonadaceae; Pseudomonas; Pseudomonas aeruginosa group']
2099648	Pseudomonas phage vB_PaeM_LS1	Viruses; Duplodnaviria; Heunggongvirae; Uroviricota; Caudoviricetes; Pbunavirus; Pbunavirus LS1	vB_PaeM_LS1	vB_PaeM_LS1_taxid_2099648	['Pseudomonas aeruginosa']	['Bacteria; Pseudomonadota; Gammaproteobacteria; Pseudomonadales; Pseudomonadaceae; Pseudomonas; Pseudomonas aeruginosa group']
1639815	Pseudomonas phage vB_PaeM_MAG1	Viruses; Duplodnaviria; Heunggongvirae; Uroviricota; Caudoviricetes; Pakpunavirus; Pakpunavirus MAG1	vB_PaeM_MAG1	vB_PaeM_MAG1_taxid_1639815	['Pseudomonas aeruginosa']	['Bacteria; Pseudomonadota; Gammaproteobacteria; Pseudomonadales; Pseudomonadaceae; Pseudomonas; Pseudomonas aeruginosa group']
2567864	Pseudomonas phage vB_PaeM_MIJ3	Viruses; Duplodnaviria; Heunggongvirae; Uroviricota; Caudoviricetes; unclassified Caudoviricetes	vB_PaeM_MIJ3	vB_PaeM_MIJ3_taxid_2567864	['Pseudomonas']	['Bacteria; Pseudomonadota; Gammaproteobacteria; Pseudomonadales; Pseudomonadaceae']
3061309	Pseudomonas phage vB_PaeM_P1420	Viruses; Duplodnaviria; Heunggongvirae; Uroviricota; Caudoviricetes; unclassified Caudoviricetes	vB_PaeM_P1420	vB_PaeM_P1420_taxid_3061309	['Pseudomonas aeruginosa PA14']	['Bacteria; Pseudomonadota; Gammaproteobacteria; Pseudomonadales; Pseudomonadaceae; Pseudomonas; Pseudomonas aeruginosa group; Pseudomonas aeruginosa']
2163605	Pseudomonas phage vB_PaeM_PA5oct	Viruses; Duplodnaviria; Heunggongvirae; Uroviricota; Caudoviricetes; unclassified Caudoviricetes	vB_PaeM_PA5oct	vB_PaeM_PA5oct_taxid_2163605	['Pseudomonas', 'Pseudomonas aeruginosa']	['Bacteria; Pseudomonadota; Gammaproteobacteria; Pseudomonadales; Pseudomonadaceae', 'Bacteria; Pseudomonadota; Gammaproteobacteria; Pseudomonadales; Pseudomonadaceae; Pseudomonas; Pseudomonas aeruginosa group']
1548901	Pseudomonas phage vB_PaeM_PAO1_Ab03	Viruses; Duplodnaviria; Heunggongvirae; Uroviricota; Caudoviricetes; Nankokuvirus; Nankokuvirus Ab03	vB_PaeM_PAO1_Ab03	vB_PaeM_PAO1_Ab03_taxid_1548901	['Pseudomonas aeruginosa']	['Bacteria; Pseudomonadota; Gammaproteobacteria; Pseudomonadales; Pseudomonadaceae; Pseudomonas; Pseudomonas aeruginosa group']
1548909	Pseudomonas phage vB_PaeM_PAO1_Ab04	Viruses; Duplodnaviria; Heunggongvirae; Uroviricota; Caudoviricetes; Nankokuvirus; Nankokuvirus Ab03	vB_PaeM_PAO1_Ab04	vB_PaeM_PAO1_Ab04_taxid_1548909	['Pseudomonas aeruginosa']	['Bacteria; Pseudomonadota; Gammaproteobacteria; Pseudomonadales; Pseudomonadaceae; Pseudomonas; Pseudomonas aeruginosa group']
1548910	Pseudomonas phage vB_PaeM_PAO1_Ab06	Viruses; Duplodnaviria; Heunggongvirae; Uroviricota; Caudoviricetes; Nankokuvirus; Nankokuvirus Ab03	vB_PaeM_PAO1_Ab06	vB_PaeM_PAO1_Ab06_taxid_1548910	['Pseudomonas aeruginosa']	['Bacteria; Pseudomonadota; Gammaproteobacteria; Pseudomonadales; Pseudomonadaceae; Pseudomonas; Pseudomonas aeruginosa group']
1548904	Pseudomonas phage vB_PaeM_PAO1_Ab17	Viruses; Duplodnaviria; Heunggongvirae; Uroviricota; Caudoviricetes; Nankokuvirus; Nankokuvirus Ab03	vB_PaeM_PAO1_Ab17	vB_PaeM_PAO1_Ab17_taxid_1548904	['Pseudomonas aeruginosa']	['Bacteria; Pseudomonadota; Gammaproteobacteria; Pseudomonadales; Pseudomonadaceae; Pseudomonas; Pseudomonas aeruginosa group']
1548907	Pseudomonas phage vB_PaeM_PAO1_Ab27	Viruses; Duplodnaviria; Heunggongvirae; Uroviricota; Caudoviricetes; Pbunavirus; Pbunavirus LS1	vB_PaeM_PAO1_Ab27	vB_PaeM_PAO1_Ab27_taxid_1548907	['Pseudomonas aeruginosa']	['Bacteria; Pseudomonadota; Gammaproteobacteria; Pseudomonadales; Pseudomonadaceae; Pseudomonas; Pseudomonas aeruginosa group']
2601632	Pseudomonas phage vB_PaeM_PS119XW	Viruses; Duplodnaviria; Heunggongvirae; Uroviricota; Caudoviricetes; unclassified Caudoviricetes	vB_PaeM_PS119XW	vB_PaeM_PS119XW_taxid_2601632	['Pseudomonas']	['Bacteria; Pseudomonadota; Gammaproteobacteria; Pseudomonadales; Pseudomonadaceae']
1542092	Pseudomonas phage vB_PaeM_PS24	Viruses; Duplodnaviria; Heunggongvirae; Uroviricota; Caudoviricetes; Nankokuvirus; Nankokuvirus PS24	vB_PaeM_PS24	vB_PaeM_PS24_taxid_1542092	['Pseudomonas aeruginosa']	['Bacteria; Pseudomonadota; Gammaproteobacteria; Pseudomonadales; Pseudomonadaceae; Pseudomonas; Pseudomonas aeruginosa group']
2508865	Pseudomonas phage vB_PaeM_SCUT-S1	Viruses; Duplodnaviria; Heunggongvirae; Uroviricota; Caudoviricetes; Pbunavirus; Pbunavirus S1	vB_PaeM_SCUT-S1	vB_PaeM_SCUT-S1_taxid_2508865	['Pseudomonas aeruginosa PAO1']	['Bacteria; Pseudomonadota; Gammaproteobacteria; Pseudomonadales; Pseudomonadaceae; Pseudomonas; Pseudomonas aeruginosa group; Pseudomonas aeruginosa']
2508866	Pseudomonas phage vB_PaeM_SCUT-S2	Viruses; Duplodnaviria; Heunggongvirae; Uroviricota; Caudoviricetes; Pakpunavirus; unclassified Pakpunavirus	vB_PaeM_SCUT-S2	vB_PaeM_SCUT-S2_taxid_2508866	['Pseudomonas aeruginosa PAO1']	['Bacteria; Pseudomonadota; Gammaproteobacteria; Pseudomonadales; Pseudomonadaceae; Pseudomonas; Pseudomonas aeruginosa group; Pseudomonas aeruginosa']
2664210	Pseudomonas phage vB_PaeM_SMS12	Viruses; Duplodnaviria; Heunggongvirae; Uroviricota; Caudoviricetes; Pbunavirus; Pbunavirus PA8P1	vB_PaeM_SMS12	vB_PaeM_SMS12_taxid_2664210	['Pseudomonas aeruginosa PAO1']	['Bacteria; Pseudomonadota; Gammaproteobacteria; Pseudomonadales; Pseudomonadaceae; Pseudomonas; Pseudomonas aeruginosa group; Pseudomonas aeruginosa']
2664211	Pseudomonas phage vB_PaeM_SMS21	Viruses; Duplodnaviria; Heunggongvirae; Uroviricota; Caudoviricetes; Pbunavirus; Pbunavirus PA8P1	vB_PaeM_SMS21	vB_PaeM_SMS21_taxid_2664211	['Pseudomonas aeruginosa PAO1']	['Bacteria; Pseudomonadota; Gammaproteobacteria; Pseudomonadales; Pseudomonadaceae; Pseudomonas; Pseudomonas aeruginosa group; Pseudomonas aeruginosa']
2664212	Pseudomonas phage vB_PaeM_SMS29	Viruses; Duplodnaviria; Heunggongvirae; Uroviricota; Caudoviricetes; Pbunavirus; Pbunavirus PA8P1	vB_PaeM_SMS29	vB_PaeM_SMS29_taxid_2664212	['Pseudomonas aeruginosa PAO1']	['Bacteria; Pseudomonadota; Gammaproteobacteria; Pseudomonadales; Pseudomonadaceae; Pseudomonas; Pseudomonas aeruginosa group; Pseudomonas aeruginosa']
2743936	Pseudomonas phage vB_PaeM_USP_1	Viruses; Duplodnaviria; Heunggongvirae; Uroviricota; Caudoviricetes; Pbunavirus; Pbunavirus USP1	vB_PaeM_USP_1	vB_PaeM_USP_1_taxid_2743936	['Pseudomonas aeruginosa']	['Bacteria; Pseudomonadota; Gammaproteobacteria; Pseudomonadales; Pseudomonadaceae; Pseudomonas; Pseudomonas aeruginosa group']
2743937	Pseudomonas phage vB_PaeM_USP_18	Viruses; Duplodnaviria; Heunggongvirae; Uroviricota; Caudoviricetes; unclassified Caudoviricetes	vB_PaeM_USP_18	vB_PaeM_USP_18_taxid_2743937	['Pseudomonas aeruginosa']	['Bacteria; Pseudomonadota; Gammaproteobacteria; Pseudomonadales; Pseudomonadaceae; Pseudomonas; Pseudomonas aeruginosa group']
2743938	Pseudomonas phage vB_PaeM_USP_2	Viruses; Duplodnaviria; Heunggongvirae; Uroviricota; Caudoviricetes; Pbunavirus; unclassified Pbunavirus	vB_PaeM_USP_2	vB_PaeM_USP_2_taxid_2743938	['Pseudomonas aeruginosa']	['Bacteria; Pseudomonadota; Gammaproteobacteria; Pseudomonadales; Pseudomonadaceae; Pseudomonas; Pseudomonas aeruginosa group']
2743939	Pseudomonas phage vB_PaeM_USP_25	Viruses; Duplodnaviria; Heunggongvirae; Uroviricota; Caudoviricetes; unclassified Caudoviricetes	vB_PaeM_USP_25	vB_PaeM_USP_25_taxid_2743939	['Pseudomonas aeruginosa']	['Bacteria; Pseudomonadota; Gammaproteobacteria; Pseudomonadales; Pseudomonadaceae; Pseudomonas; Pseudomonas aeruginosa group']
2743940	Pseudomonas phage vB_PaeM_USP_3	Viruses; Duplodnaviria; Heunggongvirae; Uroviricota; Caudoviricetes; Pbunavirus; unclassified Pbunavirus	vB_PaeM_USP_3	vB_PaeM_USP_3_taxid_2743940	['Pseudomonas aeruginosa']	['Bacteria; Pseudomonadota; Gammaproteobacteria; Pseudomonadales; Pseudomonadaceae; Pseudomonas; Pseudomonas aeruginosa group']
2813168	Pseudomonas phage vB_PaeM_V523	Viruses; Duplodnaviria; Heunggongvirae; Uroviricota; Caudoviricetes; Pbunavirus; unclassified Pbunavirus	vB_PaeM_V523	vB_PaeM_V523_taxid_2813168	['Pseudomonas aeruginosa']	['Bacteria; Pseudomonadota; Gammaproteobacteria; Pseudomonadales; Pseudomonadaceae; Pseudomonas; Pseudomonas aeruginosa group']
2813169	Pseudomonas phage vB_PaeM_V524	Viruses; Duplodnaviria; Heunggongvirae; Uroviricota; Caudoviricetes; Pbunavirus; unclassified Pbunavirus	vB_PaeM_V524	vB_PaeM_V524_taxid_2813169	['Pseudomonas aeruginosa']	['Bacteria; Pseudomonadota; Gammaproteobacteria; Pseudomonadales; Pseudomonadaceae; Pseudomonas; Pseudomonas aeruginosa group']
2914860	Pseudomonas phage vB_PaeM_VL12	Viruses; Duplodnaviria; Heunggongvirae; Uroviricota; Caudoviricetes; Nankokuvirus; Nankokuvirus KPP10	vB_PaeM_VL12	vB_PaeM_VL12_taxid_2914860	['Pseudomonas aeruginosa']	['Bacteria; Pseudomonadota; Gammaproteobacteria; Pseudomonadales; Pseudomonadaceae; Pseudomonas; Pseudomonas aeruginosa group']
2161784	Pseudomonas phage vB_PaeP_130_113	Viruses; Duplodnaviria; Heunggongvirae; Uroviricota; Caudoviricetes; Autographiviridae; Krylovirinae; Phikmvvirus; Phikmvvirus pv130113	vB_PaeP_130_113	vB_PaeP_130_113_taxid_2161784	['Pseudomonas aeruginosa']	['Bacteria; Pseudomonadota; Gammaproteobacteria; Pseudomonadales; Pseudomonadaceae; Pseudomonas; Pseudomonas aeruginosa group']
2951358	Pseudomonas phage vB_PaeP_4029	Viruses; Duplodnaviria; Heunggongvirae; Uroviricota; Caudoviricetes; Schitoviridae; Migulavirinae; Litunavirus; unclassified Litunavirus	vB_PaeP_4029	vB_PaeP_4029_taxid_2951358	['Pseudomonas aeruginosa PAO1']	['Bacteria; Pseudomonadota; Gammaproteobacteria; Pseudomonadales; Pseudomonadaceae; Pseudomonas; Pseudomonas aeruginosa group; Pseudomonas aeruginosa']
2951359	Pseudomonas phage vB_PaeP_4032	Viruses; Duplodnaviria; Heunggongvirae; Uroviricota; Caudoviricetes; Schitoviridae; Migulavirinae; Litunavirus; unclassified Litunavirus	vB_PaeP_4032	vB_PaeP_4032_taxid_2951359	['Pseudomonas aeruginosa ATCC 15442']	['Bacteria; Pseudomonadota; Gammaproteobacteria; Pseudomonadales; Pseudomonadaceae; Pseudomonas; Pseudomonas aeruginosa group; Pseudomonas aeruginosa']
2951360	Pseudomonas phage vB_PaeP_4034	Viruses; Duplodnaviria; Heunggongvirae; Uroviricota; Caudoviricetes; Schitoviridae; Migulavirinae; Litunavirus; unclassified Litunavirus	vB_PaeP_4034	vB_PaeP_4034_taxid_2951360	['Pseudomonas aeruginosa PAO1']	['Bacteria; Pseudomonadota; Gammaproteobacteria; Pseudomonadales; Pseudomonadaceae; Pseudomonas; Pseudomonas aeruginosa group; Pseudomonas aeruginosa']
2663027	Pseudomonas phage vB_PaeP_ASP23	Viruses; Duplodnaviria; Heunggongvirae; Uroviricota; Caudoviricetes; Autographiviridae; Krylovirinae; Phikmvvirus; Phikmvvirus 15pyo	vB_PaeP_ASP23	vB_PaeP_ASP23_taxid_2663027	['Pseudomonas aeruginosa']	['Bacteria; Pseudomonadota; Gammaproteobacteria; Pseudomonadales; Pseudomonadaceae; Pseudomonas; Pseudomonas aeruginosa group']
1229675	Pseudomonas phage vB_PaeP_C1-14_Or	Viruses; Duplodnaviria; Heunggongvirae; Uroviricota; Caudoviricetes; Bruynoghevirus; unclassified Bruynoghevirus	vB_PaeP_C1-14_Or	vB_PaeP_C1-14_Or_taxid_1229675	['Pseudomonas aeruginosa']	['Bacteria; Pseudomonadota; Gammaproteobacteria; Pseudomonadales; Pseudomonadaceae; Pseudomonas; Pseudomonas aeruginosa group']
1476391	Pseudomonas phage vB_PaeP_C2-10_Ab09	Viruses; Duplodnaviria; Heunggongvirae; Uroviricota; Caudoviricetes; Schitoviridae; Migulavirinae; Litunavirus; Litunavirus Ab09	vB_PaeP_C2-10_Ab09	vB_PaeP_C2-10_Ab09_taxid_1476391	['Pseudomonas aeruginosa']	['Bacteria; Pseudomonadota; Gammaproteobacteria; Pseudomonadales; Pseudomonadaceae; Pseudomonas; Pseudomonas aeruginosa group']
1548906	Pseudomonas phage vB_PaeP_C2-10_Ab22	Viruses; Duplodnaviria; Heunggongvirae; Uroviricota; Caudoviricetes; Bruynoghevirus; Bruynoghevirus Ab22	vB_PaeP_C2-10_Ab22	vB_PaeP_C2-10_Ab22_taxid_1548906	['Pseudomonas aeruginosa']	['Bacteria; Pseudomonadota; Gammaproteobacteria; Pseudomonadales; Pseudomonadaceae; Pseudomonas; Pseudomonas aeruginosa group']
2034344	Pseudomonas phage vB_PaeP_DEV	Viruses; Duplodnaviria; Heunggongvirae; Uroviricota; Caudoviricetes; Schitoviridae; Migulavirinae; Litunavirus; Litunavirus Ab09	vB_PaeP_DEV	vB_PaeP_DEV_taxid_2034344	['Pseudomonas']	['Bacteria; Pseudomonadota; Gammaproteobacteria; Pseudomonadales; Pseudomonadaceae']
2034343	Pseudomonas phage vB_PaeP_E220	Viruses; Duplodnaviria; Heunggongvirae; Uroviricota; Caudoviricetes; Hollowayvirus; unclassified Hollowayvirus	vB_PaeP_E220	vB_PaeP_E220_taxid_2034343	['Pseudomonas']	['Bacteria; Pseudomonadota; Gammaproteobacteria; Pseudomonadales; Pseudomonadaceae']
2969610	Pseudomonas phage vB_PaeP_FBPa1	Viruses; Duplodnaviria; Heunggongvirae; Uroviricota; Caudoviricetes; Schitoviridae; Migulavirinae; Litunavirus; unclassified Litunavirus	vB_PaeP_FBPa1	vB_PaeP_FBPa1_taxid_2969610	['Pseudomonas sp.']	['Bacteria; Pseudomonadota; Gammaproteobacteria; Pseudomonadales; Pseudomonadaceae; Pseudomonas']
2969611	Pseudomonas phage vB_PaeP_FBPa18	Viruses; Duplodnaviria; Heunggongvirae; Uroviricota; Caudoviricetes; Autographiviridae; Krylovirinae; Phikmvvirus; unclassified Phikmvvirus	vB_PaeP_FBPa18	vB_PaeP_FBPa18_taxid_2969611	['Pseudomonas sp.']	['Bacteria; Pseudomonadota; Gammaproteobacteria; Pseudomonadales; Pseudomonadaceae; Pseudomonas']
2969612	Pseudomonas phage vB_PaeP_FBPa19	Viruses; Duplodnaviria; Heunggongvirae; Uroviricota; Caudoviricetes; unclassified Caudoviricetes	vB_PaeP_FBPa19	vB_PaeP_FBPa19_taxid_2969612	['Pseudomonas sp.']	['Bacteria; Pseudomonadota; Gammaproteobacteria; Pseudomonadales; Pseudomonadaceae; Pseudomonas']
2969613	Pseudomonas phage vB_PaeP_FBPa25	Viruses; Duplodnaviria; Heunggongvirae; Uroviricota; Caudoviricetes; Autographiviridae; Krylovirinae; Phikmvvirus; unclassified Phikmvvirus	vB_PaeP_FBPa25	vB_PaeP_FBPa25_taxid_2969613	['Pseudomonas sp.']	['Bacteria; Pseudomonadota; Gammaproteobacteria; Pseudomonadales; Pseudomonadaceae; Pseudomonas']
2969614	Pseudomonas phage vB_PaeP_FBPa29	Viruses; Duplodnaviria; Heunggongvirae; Uroviricota; Caudoviricetes; Bruynoghevirus; unclassified Bruynoghevirus	vB_PaeP_FBPa29	vB_PaeP_FBPa29_taxid_2969614	['Pseudomonas sp.']	['Bacteria; Pseudomonadota; Gammaproteobacteria; Pseudomonadales; Pseudomonadaceae; Pseudomonas']
2969615	Pseudomonas phage vB_PaeP_FBPa48	Viruses; Duplodnaviria; Heunggongvirae; Uroviricota; Caudoviricetes; Fredfastierviridae; Jamesmcgillvirus; unclassified Jamesmcgillvirus	vB_PaeP_FBPa48	vB_PaeP_FBPa48_taxid_2969615	['Pseudomonas sp.']	['Bacteria; Pseudomonadota; Gammaproteobacteria; Pseudomonadales; Pseudomonadaceae; Pseudomonas']
2969616	Pseudomonas phage vB_PaeP_FBPa6	Viruses; Duplodnaviria; Heunggongvirae; Uroviricota; Caudoviricetes; Autographiviridae; Krylovirinae; Phikmvvirus; unclassified Phikmvvirus	vB_PaeP_FBPa6	vB_PaeP_FBPa6_taxid_2969616	['Pseudomonas sp.']	['Bacteria; Pseudomonadota; Gammaproteobacteria; Pseudomonadales; Pseudomonadaceae; Pseudomonas']
2969617	Pseudomonas phage vB_PaeP_FBPa8	Viruses; Duplodnaviria; Heunggongvirae; Uroviricota; Caudoviricetes; Zobellviridae; Paundecimvirus; unclassified Paundecimvirus	vB_PaeP_FBPa8	vB_PaeP_FBPa8_taxid_2969617	['Pseudomonas sp.']	['Bacteria; Pseudomonadota; Gammaproteobacteria; Pseudomonadales; Pseudomonadaceae; Pseudomonas']
2811507	Pseudomonas phage vB_PaeP_fHoPae04	Viruses; Duplodnaviria; Heunggongvirae; Uroviricota; Caudoviricetes; Bruynoghevirus; unclassified Bruynoghevirus	vB_PaeP_fHoPae04	vB_PaeP_fHoPae04_taxid_2811507	['Pseudomonas aeruginosa']	['Bacteria; Pseudomonadota; Gammaproteobacteria; Pseudomonadales; Pseudomonadaceae; Pseudomonas; Pseudomonas aeruginosa group']
2686072	Pseudomonas phage vB_PaeP_Lx18	Viruses; Duplodnaviria; Heunggongvirae; Uroviricota; Caudoviricetes; Autographiviridae; Krylovirinae; Phikmvvirus; Phikmvvirus 15pyo	vB_PaeP_Lx18	vB_PaeP_Lx18_taxid_2686072	['Pseudomonas aeruginosa']	['Bacteria; Pseudomonadota; Gammaproteobacteria; Pseudomonadales; Pseudomonadaceae; Pseudomonas; Pseudomonas aeruginosa group']
1639814	Pseudomonas phage vB_PaeP_MAG4	Viruses; Duplodnaviria; Heunggongvirae; Uroviricota; Caudoviricetes; Schitoviridae; Migulavirinae; Litunavirus; unclassified Litunavirus	vB_PaeP_MAG4	vB_PaeP_MAG4_taxid_1639814	['Pseudomonas aeruginosa']	['Bacteria; Pseudomonadota; Gammaproteobacteria; Pseudomonadales; Pseudomonadaceae; Pseudomonas; Pseudomonas aeruginosa group']
3025372	Pseudomonas phage vB_PaeP_P1G	Viruses; Duplodnaviria; Heunggongvirae; Uroviricota; Caudoviricetes; Autographiviridae; Krylovirinae; Phikmvvirus; unclassified Phikmvvirus	vB_PaeP_P1G	vB_PaeP_P1G_taxid_3025372	['Pseudomonas aeruginosa PA14']	['Bacteria; Pseudomonadota; Gammaproteobacteria; Pseudomonadales; Pseudomonadaceae; Pseudomonas; Pseudomonas aeruginosa group; Pseudomonas aeruginosa']
1234701	Pseudomonas phage vB_PaeP_p2-10_Or1	Viruses; Duplodnaviria; Heunggongvirae; Uroviricota; Caudoviricetes; Bruynoghevirus; Bruynoghevirus PaP3	vB_PaeP_p2-10_Or1	vB_PaeP_p2-10_Or1_taxid_1234701	['Pseudomonas aeruginosa']	['Bacteria; Pseudomonadota; Gammaproteobacteria; Pseudomonadales; Pseudomonadaceae; Pseudomonas; Pseudomonas aeruginosa group']
2939766	Pseudomonas phage vB_PaeP_PaCe	Viruses; Duplodnaviria; Heunggongvirae; Uroviricota; Caudoviricetes; Bruynoghevirus; unclassified Bruynoghevirus	vB_PaeP_PaCe	vB_PaeP_PaCe_taxid_2939766	['Pseudomonas aeruginosa PAO1']	['Bacteria; Pseudomonadota; Gammaproteobacteria; Pseudomonadales; Pseudomonadaceae; Pseudomonas; Pseudomonas aeruginosa group; Pseudomonas aeruginosa']
1548908	Pseudomonas phage vB_PaeP_PAO1_1-15pyo	Viruses; Duplodnaviria; Heunggongvirae; Uroviricota; Caudoviricetes; Autographiviridae; Krylovirinae; Phikmvvirus; Phikmvvirus 15pyo	vB_PaeP_PAO1_1-15pyo	vB_PaeP_PAO1_1-15pyo_taxid_1548908	['Pseudomonas aeruginosa']	['Bacteria; Pseudomonadota; Gammaproteobacteria; Pseudomonadales; Pseudomonadaceae; Pseudomonas; Pseudomonas aeruginosa group']
1548902	Pseudomonas phage vB_PaeP_PAO1_Ab05	Viruses; Duplodnaviria; Heunggongvirae; Uroviricota; Caudoviricetes; Autographiviridae; Krylovirinae; Phikmvvirus; Phikmvvirus Ab05	vB_PaeP_PAO1_Ab05	vB_PaeP_PAO1_Ab05_taxid_1548902	['Pseudomonas aeruginosa']	['Bacteria; Pseudomonadota; Gammaproteobacteria; Pseudomonadales; Pseudomonadaceae; Pseudomonas; Pseudomonas aeruginosa group']
2696344	Pseudomonas phage vB_PaeP_PE3	Viruses; Duplodnaviria; Heunggongvirae; Uroviricota; Caudoviricetes; Autographiviridae; Krylovirinae; Phikmvvirus; Phikmvvirus LUZ19	vB_PaeP_PE3	vB_PaeP_PE3_taxid_2696344	['Pseudomonas aeruginosa PAO1']	['Bacteria; Pseudomonadota; Gammaproteobacteria; Pseudomonadales; Pseudomonadaceae; Pseudomonas; Pseudomonas aeruginosa group; Pseudomonas aeruginosa']
1527525	Pseudomonas phage vB_PaeP_PPA-ABTNL	Viruses; Duplodnaviria; Heunggongvirae; Uroviricota; Caudoviricetes; Autographiviridae; Krylovirinae; Phikmvvirus; Phikmvvirus ABTNL	vB_PaeP_PPA-ABTNL	vB_PaeP_PPA-ABTNL_taxid_1527525	['Pseudomonas aeruginosa']	['Bacteria; Pseudomonadota; Gammaproteobacteria; Pseudomonadales; Pseudomonadaceae; Pseudomonas; Pseudomonas aeruginosa group']
3018996	Pseudomonas phage vB_PaeP_PS28	Viruses; Duplodnaviria; Heunggongvirae; Uroviricota; Caudoviricetes; Schitoviridae; unclassified Schitoviridae	vB_PaeP_PS28	vB_PaeP_PS28_taxid_3018996	['Pseudomonas aeruginosa']	['Bacteria; Pseudomonadota; Gammaproteobacteria; Pseudomonadales; Pseudomonadaceae; Pseudomonas; Pseudomonas aeruginosa group']
2034342	Pseudomonas phage vB_PaeP_PYO2	Viruses; Duplodnaviria; Heunggongvirae; Uroviricota; Caudoviricetes; Schitoviridae; Migulavirinae; Litunavirus; unclassified Litunavirus	vB_PaeP_PYO2	vB_PaeP_PYO2_taxid_2034342	['Pseudomonas']	['Bacteria; Pseudomonadota; Gammaproteobacteria; Pseudomonadales; Pseudomonadaceae']
2664213	Pseudomonas phage vB_PaeP_SPCB	Viruses; Duplodnaviria; Heunggongvirae; Uroviricota; Caudoviricetes; Autographiviridae; Krylovirinae; Phikmvvirus; Phikmvvirus PT5	vB_PaeP_SPCB	vB_PaeP_SPCB_taxid_2664213	['Pseudomonas aeruginosa PAO1']	['Bacteria; Pseudomonadota; Gammaproteobacteria; Pseudomonadales; Pseudomonadaceae; Pseudomonas; Pseudomonas aeruginosa group; Pseudomonas aeruginosa']
2664214	Pseudomonas phage vB_PaeP_SPCG	Viruses; Duplodnaviria; Heunggongvirae; Uroviricota; Caudoviricetes; Autographiviridae; Krylovirinae; Phikmvvirus; Phikmvvirus PT5	vB_PaeP_SPCG	vB_PaeP_SPCG_taxid_2664214	['Pseudomonas aeruginosa PAO1']	['Bacteria; Pseudomonadota; Gammaproteobacteria; Pseudomonadales; Pseudomonadaceae; Pseudomonas; Pseudomonas aeruginosa group; Pseudomonas aeruginosa']
2530025	Pseudomonas phage vB_PaeP_TF17	Viruses; Duplodnaviria; Heunggongvirae; Uroviricota; Caudoviricetes; Fredfastierviridae; Jamesmcgillvirus; unclassified Jamesmcgillvirus	vB_PaeP_TF17	vB_PaeP_TF17_taxid_2530025	['Pseudomonas']	['Bacteria; Pseudomonadota; Gammaproteobacteria; Pseudomonadales; Pseudomonadaceae']
1449437	Pseudomonas phage vB_PaeP_Tr60_Ab31	Viruses; Duplodnaviria; Heunggongvirae; Uroviricota; Caudoviricetes; unclassified Caudoviricetes	vB_PaeP_Tr60_Ab31	vB_PaeP_Tr60_Ab31_taxid_1449437	['Pseudomonas aeruginosa']	['Bacteria; Pseudomonadota; Gammaproteobacteria; Pseudomonadales; Pseudomonadaceae; Pseudomonas; Pseudomonas aeruginosa group']
2924712	Pseudomonas phage vB_PaeP_TUMS_P10	Viruses; Duplodnaviria; Heunggongvirae; Uroviricota; Caudoviricetes; Schitoviridae; Migulavirinae; Luzseptimavirus; Luzseptimavirus KPP21	vB_PaeP_TUMS_P10	vB_PaeP_TUMS_P10_taxid_2924712	['Pseudomonas aeruginosa']	['Bacteria; Pseudomonadota; Gammaproteobacteria; Pseudomonadales; Pseudomonadaceae; Pseudomonas; Pseudomonas aeruginosa group']
2873372	Pseudomonas phage vB_PaeP_TUMS_P121	Viruses; Duplodnaviria; Heunggongvirae; Uroviricota; Caudoviricetes; Schitoviridae; Migulavirinae; Litunavirus; unclassified Litunavirus	vB_PaeP_TUMS_P121	vB_PaeP_TUMS_P121_taxid_2873372	['Pseudomonas aeruginosa']	['Bacteria; Pseudomonadota; Gammaproteobacteria; Pseudomonadales; Pseudomonadaceae; Pseudomonas; Pseudomonas aeruginosa group']
2894395	Pseudomonas phage VB_PaeP_VL1	Viruses; Duplodnaviria; Heunggongvirae; Uroviricota; Caudoviricetes; Schitoviridae; Migulavirinae; Litunavirus; unclassified Litunavirus	VB_PaeP_VL1	VB_PaeP_VL1_taxid_2894395	['Pseudomonas aeruginosa']	['Bacteria; Pseudomonadota; Gammaproteobacteria; Pseudomonadales; Pseudomonadaceae; Pseudomonas; Pseudomonas aeruginosa group']
2588095	Pseudomonas phage vB_PaeP_YA3	Viruses; Duplodnaviria; Heunggongvirae; Uroviricota; Caudoviricetes; unclassified Caudoviricetes	vB_PaeP_YA3	vB_PaeP_YA3_taxid_2588095	['Pseudomonas aeruginosa UCBPP-PA14']	['Bacteria; Pseudomonadota; Gammaproteobacteria; Pseudomonadales; Pseudomonadaceae; Pseudomonas; Pseudomonas aeruginosa group; Pseudomonas aeruginosa']
2924904	Pseudomonas phage vB_Paer_Ps12	Viruses; Duplodnaviria; Heunggongvirae; Uroviricota; Caudoviricetes; Pakpunavirus; unclassified Pakpunavirus	vB_Paer_Ps12	vB_Paer_Ps12_taxid_2924904	['Pseudomonas aeruginosa']	['Bacteria; Pseudomonadota; Gammaproteobacteria; Pseudomonadales; Pseudomonadaceae; Pseudomonas; Pseudomonas aeruginosa group']
2924905	Pseudomonas phage vB_Paer_Ps25	Viruses; Duplodnaviria; Heunggongvirae; Uroviricota; Caudoviricetes; Pakpunavirus; unclassified Pakpunavirus	vB_Paer_Ps25	vB_Paer_Ps25_taxid_2924905	['Pseudomonas aeruginosa']	['Bacteria; Pseudomonadota; Gammaproteobacteria; Pseudomonadales; Pseudomonadaceae; Pseudomonas; Pseudomonas aeruginosa group']
2924906	Pseudomonas phage vB_Paer_PsCh	Viruses; Duplodnaviria; Heunggongvirae; Uroviricota; Caudoviricetes; Pakpunavirus; unclassified Pakpunavirus	vB_Paer_PsCh	vB_Paer_PsCh_taxid_2924906	['Pseudomonas aeruginosa']	['Bacteria; Pseudomonadota; Gammaproteobacteria; Pseudomonadales; Pseudomonadaceae; Pseudomonas; Pseudomonas aeruginosa group']
2924907	Pseudomonas phage vB_Paer_PsIn	Viruses; Duplodnaviria; Heunggongvirae; Uroviricota; Caudoviricetes; Pakpunavirus; unclassified Pakpunavirus	vB_Paer_PsIn	vB_Paer_PsIn_taxid_2924907	['Pseudomonas aeruginosa']	['Bacteria; Pseudomonadota; Gammaproteobacteria; Pseudomonadales; Pseudomonadaceae; Pseudomonas; Pseudomonas aeruginosa group']
2746928	Pseudomonas phage vB_PaeS-Yazdi-M	Viruses; Duplodnaviria; Heunggongvirae; Uroviricota; Caudoviricetes; Septimatrevirus; unclassified Septimatrevirus	vB_PaeS-Yazdi-M	vB_PaeS-Yazdi-M_taxid_2746928	['Pseudomonas aeruginosa']	['Bacteria; Pseudomonadota; Gammaproteobacteria; Pseudomonadales; Pseudomonadaceae; Pseudomonas; Pseudomonas aeruginosa group']
3022056	Pseudomonas phage vB_PaeS_B8	Viruses; Duplodnaviria; Heunggongvirae; Uroviricota; Caudoviricetes; Pakpunavirus; unclassified Pakpunavirus	vB_PaeS_B8	vB_PaeS_B8_taxid_3022056	['Pseudomonas aeruginosa']	['Bacteria; Pseudomonadota; Gammaproteobacteria; Pseudomonadales; Pseudomonadaceae; Pseudomonas; Pseudomonas aeruginosa group']
2099649	Pseudomonas phage vB_PaeS_C1	Viruses; Duplodnaviria; Heunggongvirae; Uroviricota; Caudoviricetes; Septimatrevirus; Septimatrevirus sv73	vB_PaeS_C1	vB_PaeS_C1_taxid_2099649	['Pseudomonas aeruginosa']	['Bacteria; Pseudomonadota; Gammaproteobacteria; Pseudomonadales; Pseudomonadaceae; Pseudomonas; Pseudomonas aeruginosa group']
2969618	Pseudomonas phage vB_PaeS_FBPa45	Viruses; Duplodnaviria; Heunggongvirae; Uroviricota; Caudoviricetes; Samunavirus; unclassified Samunavirus	vB_PaeS_FBPa45	vB_PaeS_FBPa45_taxid_2969618	['Pseudomonas sp.']	['Bacteria; Pseudomonadota; Gammaproteobacteria; Pseudomonadales; Pseudomonadaceae; Pseudomonas']
2822848	Pseudomonas phage vB_PaeS_PAJD-1	Viruses; Duplodnaviria; Heunggongvirae; Uroviricota; Caudoviricetes; Queuovirinae; Nipunavirus; unclassified Nipunavirus	vB_PaeS_PAJD-1	vB_PaeS_PAJD-1_taxid_2822848	['Pseudomonas aeruginosa PAO1']	['Bacteria; Pseudomonadota; Gammaproteobacteria; Pseudomonadales; Pseudomonadaceae; Pseudomonas; Pseudomonas aeruginosa group; Pseudomonas aeruginosa']
1548905	Pseudomonas phage vB_PaeS_PAO1_Ab18	Viruses; Duplodnaviria; Heunggongvirae; Uroviricota; Caudoviricetes; Mesyanzhinovviridae; Bradleyvirinae; Abidjanvirus; Pseudomonas virus Ab18	vB_PaeS_PAO1_Ab18	vB_PaeS_PAO1_Ab18_taxid_1548905	['Pseudomonas aeruginosa']	['Bacteria; Pseudomonadota; Gammaproteobacteria; Pseudomonadales; Pseudomonadaceae; Pseudomonas; Pseudomonas aeruginosa group']
1548912	Pseudomonas phage vB_PaeS_PAO1_Ab19	Viruses; Duplodnaviria; Heunggongvirae; Uroviricota; Caudoviricetes; Mesyanzhinovviridae; Bradleyvirinae; Abidjanvirus; Pseudomonas virus Ab19	vB_PaeS_PAO1_Ab19	vB_PaeS_PAO1_Ab19_taxid_1548912	['Pseudomonas aeruginosa']	['Bacteria; Pseudomonadota; Gammaproteobacteria; Pseudomonadales; Pseudomonadaceae; Pseudomonas; Pseudomonas aeruginosa group']
1548918	Pseudomonas phage vB_PaeS_PAO1_Ab30	Viruses; Duplodnaviria; Heunggongvirae; Uroviricota; Caudoviricetes; Casadabanvirus; unclassified Casadabanvirus	vB_PaeS_PAO1_Ab30	vB_PaeS_PAO1_Ab30_taxid_1548918	['Pseudomonas aeruginosa']	['Bacteria; Pseudomonadota; Gammaproteobacteria; Pseudomonadales; Pseudomonadaceae; Pseudomonas; Pseudomonas aeruginosa group']
1928621	Pseudomonas phage vB_PaeS_PAO1_HW12	Viruses; Duplodnaviria; Heunggongvirae; Uroviricota; Caudoviricetes; Casadabanvirus; unclassified Casadabanvirus	vB_PaeS_PAO1_HW12	vB_PaeS_PAO1_HW12_taxid_1928621	['Pseudomonas']	['Bacteria; Pseudomonadota; Gammaproteobacteria; Pseudomonadales; Pseudomonadaceae']
1926503	Pseudomonas phage vB_PaeS_PcyII-40_PfII40a	Viruses; Duplodnaviria; Heunggongvirae; Uroviricota; Caudoviricetes; Casadabanvirus; unclassified Casadabanvirus	vB_PaeS_PcyII-40_PfII40a	vB_PaeS_PcyII-40_PfII40a_taxid_1926503	['Pseudomonas']	['Bacteria; Pseudomonadota; Gammaproteobacteria; Pseudomonadales; Pseudomonadaceae']
1743016	Pseudomonas phage vB_PaeS_PM105	Viruses; Duplodnaviria; Heunggongvirae; Uroviricota; Caudoviricetes; Beetrevirus; Beetrevirus PM105	vB_PaeS_PM105	vB_PaeS_PM105_taxid_1743016	['Pseudomonas aeruginosa']	['Bacteria; Pseudomonadota; Gammaproteobacteria; Pseudomonadales; Pseudomonadaceae; Pseudomonas; Pseudomonas aeruginosa group']
2034345	Pseudomonas phage vB_PaeS_S218	Viruses; Duplodnaviria; Heunggongvirae; Uroviricota; Caudoviricetes; Mesyanzhinovviridae; Rabinowitzvirinae; Yuavirus; unclassified Yuavirus	vB_PaeS_S218	vB_PaeS_S218_taxid_2034345	['Pseudomonas']	['Bacteria; Pseudomonadota; Gammaproteobacteria; Pseudomonadales; Pseudomonadaceae']
1476390	Pseudomonas phage vB_PaeS_SCH_Ab26	Viruses; Duplodnaviria; Heunggongvirae; Uroviricota; Caudoviricetes; Septimatrevirus; Septimatrevirus Ab26	vB_PaeS_SCH_Ab26	vB_PaeS_SCH_Ab26_taxid_1476390	['Pseudomonas aeruginosa']	['Bacteria; Pseudomonadota; Gammaproteobacteria; Pseudomonadales; Pseudomonadaceae; Pseudomonas; Pseudomonas aeruginosa group']
2382122	Pseudomonas phage vB_PaeS_SCUT-S3	Viruses; Duplodnaviria; Heunggongvirae; Uroviricota; Caudoviricetes; Septimatrevirus; unclassified Septimatrevirus	vB_PaeS_SCUT-S3	vB_PaeS_SCUT-S3_taxid_2382122	['Pseudomonas aeruginosa']	['Bacteria; Pseudomonadota; Gammaproteobacteria; Pseudomonadales; Pseudomonadaceae; Pseudomonas; Pseudomonas aeruginosa group']
2488702	Pseudomonas phage vB_PaeS_SCUT-S4	Viruses; Duplodnaviria; Heunggongvirae; Uroviricota; Caudoviricetes; Septimatrevirus; unclassified Septimatrevirus	vB_PaeS_SCUT-S4	vB_PaeS_SCUT-S4_taxid_2488702	['Pseudomonas aeruginosa']	['Bacteria; Pseudomonadota; Gammaproteobacteria; Pseudomonadales; Pseudomonadaceae; Pseudomonas; Pseudomonas aeruginosa group']
2900127	Pseudomonas phage vB_PaeS_TUMS_P6	Viruses; Duplodnaviria; Heunggongvirae; Uroviricota; Caudoviricetes; Schitoviridae; Migulavirinae; Luzseptimavirus; Luzseptimavirus KPP21	vB_PaeS_TUMS_P6	vB_PaeS_TUMS_P6_taxid_2900127	['Pseudomonas aeruginosa']	['Bacteria; Pseudomonadota; Gammaproteobacteria; Pseudomonadales; Pseudomonadaceae; Pseudomonas; Pseudomonas aeruginosa group']
2900128	Pseudomonas phage vB_PaeS_TUMS_P81	Viruses; Duplodnaviria; Heunggongvirae; Uroviricota; Caudoviricetes; Schitoviridae; Migulavirinae; Litunavirus; unclassified Litunavirus	vB_PaeS_TUMS_P81	vB_PaeS_TUMS_P81_taxid_2900128	['Pseudomonas aeruginosa']	['Bacteria; Pseudomonadota; Gammaproteobacteria; Pseudomonadales; Pseudomonadaceae; Pseudomonas; Pseudomonas aeruginosa group']
2731695	Pseudomonas phage vB_Pae_AM.P2	Viruses; Duplodnaviria; Heunggongvirae; Uroviricota; Caudoviricetes; Schitoviridae; Migulavirinae; Luzseptimavirus; Luzseptimavirus KPP21	vB_Pae_AM.P2	vB_Pae_AM.P2_taxid_2731695	['Pseudomonas aeruginosa']	['Bacteria; Pseudomonadota; Gammaproteobacteria; Pseudomonadales; Pseudomonadaceae; Pseudomonas; Pseudomonas aeruginosa group']
2563491	Pseudomonas phage vB_Pae_BR123a	Viruses; Duplodnaviria; Heunggongvirae; Uroviricota; Caudoviricetes; unclassified Caudoviricetes	vB_Pae_BR123a	vB_Pae_BR123a_taxid_2563491	['Pseudomonas aeruginosa']	['Bacteria; Pseudomonadota; Gammaproteobacteria; Pseudomonadales; Pseudomonadaceae; Pseudomonas; Pseudomonas aeruginosa group']
2563492	Pseudomonas phage vB_Pae_BR133a	Viruses; Duplodnaviria; Heunggongvirae; Uroviricota; Caudoviricetes; unclassified Caudoviricetes	vB_Pae_BR133a	vB_Pae_BR133a_taxid_2563492	['Pseudomonas aeruginosa']	['Bacteria; Pseudomonadota; Gammaproteobacteria; Pseudomonadales; Pseudomonadaceae; Pseudomonas; Pseudomonas aeruginosa group']
2563493	Pseudomonas phage vB_Pae_BR141a	Viruses; Duplodnaviria; Heunggongvirae; Uroviricota; Caudoviricetes; unclassified Caudoviricetes	vB_Pae_BR141a	vB_Pae_BR141a_taxid_2563493	['Pseudomonas aeruginosa']	['Bacteria; Pseudomonadota; Gammaproteobacteria; Pseudomonadales; Pseudomonadaceae; Pseudomonas; Pseudomonas aeruginosa group']
2563494	Pseudomonas phage vB_Pae_BR141b	Viruses; Duplodnaviria; Heunggongvirae; Uroviricota; Caudoviricetes; unclassified Caudoviricetes	vB_Pae_BR141b	vB_Pae_BR141b_taxid_2563494	['Pseudomonas aeruginosa']	['Bacteria; Pseudomonadota; Gammaproteobacteria; Pseudomonadales; Pseudomonadaceae; Pseudomonas; Pseudomonas aeruginosa group']
2563495	Pseudomonas phage vB_Pae_BR141c	Viruses; Duplodnaviria; Heunggongvirae; Uroviricota; Caudoviricetes; Beetrevirus; unclassified Beetrevirus	vB_Pae_BR141c	vB_Pae_BR141c_taxid_2563495	['Pseudomonas aeruginosa']	['Bacteria; Pseudomonadota; Gammaproteobacteria; Pseudomonadales; Pseudomonadaceae; Pseudomonas; Pseudomonas aeruginosa group']
2563496	Pseudomonas phage vB_Pae_BR141d	Viruses; Duplodnaviria; Heunggongvirae; Uroviricota; Caudoviricetes; Casadabanvirus; unclassified Casadabanvirus	vB_Pae_BR141d	vB_Pae_BR141d_taxid_2563496	['Pseudomonas aeruginosa']	['Bacteria; Pseudomonadota; Gammaproteobacteria; Pseudomonadales; Pseudomonadaceae; Pseudomonas; Pseudomonas aeruginosa group']
2563497	Pseudomonas phage vB_Pae_BR143a	Viruses; Duplodnaviria; Heunggongvirae; Uroviricota; Caudoviricetes; unclassified Caudoviricetes	vB_Pae_BR143a	vB_Pae_BR143a_taxid_2563497	['Pseudomonas aeruginosa']	['Bacteria; Pseudomonadota; Gammaproteobacteria; Pseudomonadales; Pseudomonadaceae; Pseudomonas; Pseudomonas aeruginosa group']
2563498	Pseudomonas phage vB_Pae_BR144a	Viruses; Duplodnaviria; Heunggongvirae; Uroviricota; Caudoviricetes; unclassified Caudoviricetes	vB_Pae_BR144a	vB_Pae_BR144a_taxid_2563498	['Pseudomonas aeruginosa']	['Bacteria; Pseudomonadota; Gammaproteobacteria; Pseudomonadales; Pseudomonadaceae; Pseudomonas; Pseudomonas aeruginosa group']
2563499	Pseudomonas phage vB_Pae_BR150a	Viruses; Duplodnaviria; Heunggongvirae; Uroviricota; Caudoviricetes; Hollowayvirus; unclassified Hollowayvirus	vB_Pae_BR150a	vB_Pae_BR150a_taxid_2563499	['Pseudomonas aeruginosa']	['Bacteria; Pseudomonadota; Gammaproteobacteria; Pseudomonadales; Pseudomonadaceae; Pseudomonas; Pseudomonas aeruginosa group']
2563500	Pseudomonas phage vB_Pae_BR153a	Viruses; Duplodnaviria; Heunggongvirae; Uroviricota; Caudoviricetes; unclassified Caudoviricetes	vB_Pae_BR153a	vB_Pae_BR153a_taxid_2563500	['Pseudomonas aeruginosa']	['Bacteria; Pseudomonadota; Gammaproteobacteria; Pseudomonadales; Pseudomonadaceae; Pseudomonas; Pseudomonas aeruginosa group']
2563501	Pseudomonas phage vB_Pae_BR161a	Viruses; Duplodnaviria; Heunggongvirae; Uroviricota; Caudoviricetes; unclassified Caudoviricetes	vB_Pae_BR161a	vB_Pae_BR161a_taxid_2563501	['Pseudomonas aeruginosa']	['Bacteria; Pseudomonadota; Gammaproteobacteria; Pseudomonadales; Pseudomonadaceae; Pseudomonas; Pseudomonas aeruginosa group']
2563502	Pseudomonas phage vB_Pae_BR161b	Viruses; Duplodnaviria; Heunggongvirae; Uroviricota; Caudoviricetes; Casadabanvirus; unclassified Casadabanvirus	vB_Pae_BR161b	vB_Pae_BR161b_taxid_2563502	['Pseudomonas aeruginosa']	['Bacteria; Pseudomonadota; Gammaproteobacteria; Pseudomonadales; Pseudomonadaceae; Pseudomonas; Pseudomonas aeruginosa group']
2563503	Pseudomonas phage vB_Pae_BR161c	Viruses; Duplodnaviria; Heunggongvirae; Uroviricota; Caudoviricetes; unclassified Caudoviricetes	vB_Pae_BR161c	vB_Pae_BR161c_taxid_2563503	['Pseudomonas aeruginosa']	['Bacteria; Pseudomonadota; Gammaproteobacteria; Pseudomonadales; Pseudomonadaceae; Pseudomonas; Pseudomonas aeruginosa group']
2563506	Pseudomonas phage vB_Pae_BR178a	Viruses; Duplodnaviria; Heunggongvirae; Uroviricota; Caudoviricetes; unclassified Caudoviricetes	vB_Pae_BR178a	vB_Pae_BR178a_taxid_2563506	['Pseudomonas aeruginosa']	['Bacteria; Pseudomonadota; Gammaproteobacteria; Pseudomonadales; Pseudomonadaceae; Pseudomonas; Pseudomonas aeruginosa group']
2563507	Pseudomonas phage vB_Pae_BR181a	Viruses; Duplodnaviria; Heunggongvirae; Uroviricota; Caudoviricetes; Hollowayvirus; unclassified Hollowayvirus	vB_Pae_BR181a	vB_Pae_BR181a_taxid_2563507	['Pseudomonas aeruginosa']	['Bacteria; Pseudomonadota; Gammaproteobacteria; Pseudomonadales; Pseudomonadaceae; Pseudomonas; Pseudomonas aeruginosa group']
2563508	Pseudomonas phage vB_Pae_BR197a	Viruses; Duplodnaviria; Heunggongvirae; Uroviricota; Caudoviricetes; Hollowayvirus; unclassified Hollowayvirus	vB_Pae_BR197a	vB_Pae_BR197a_taxid_2563508	['Pseudomonas aeruginosa']	['Bacteria; Pseudomonadota; Gammaproteobacteria; Pseudomonadales; Pseudomonadaceae; Pseudomonas; Pseudomonas aeruginosa group']
2563509	Pseudomonas phage vB_Pae_BR200a	Viruses; Duplodnaviria; Heunggongvirae; Uroviricota; Caudoviricetes; unclassified Caudoviricetes	vB_Pae_BR200a	vB_Pae_BR200a_taxid_2563509	['Pseudomonas aeruginosa']	['Bacteria; Pseudomonadota; Gammaproteobacteria; Pseudomonadales; Pseudomonadaceae; Pseudomonas; Pseudomonas aeruginosa group']
2563510	Pseudomonas phage vB_Pae_BR201a	Viruses; Duplodnaviria; Heunggongvirae; Uroviricota; Caudoviricetes; unclassified Caudoviricetes	vB_Pae_BR201a	vB_Pae_BR201a_taxid_2563510	['Pseudomonas aeruginosa']	['Bacteria; Pseudomonadota; Gammaproteobacteria; Pseudomonadales; Pseudomonadaceae; Pseudomonas; Pseudomonas aeruginosa group']
2563511	Pseudomonas phage vB_Pae_BR204a	Viruses; Duplodnaviria; Heunggongvirae; Uroviricota; Caudoviricetes; unclassified Caudoviricetes	vB_Pae_BR204a	vB_Pae_BR204a_taxid_2563511	['Pseudomonas aeruginosa']	['Bacteria; Pseudomonadota; Gammaproteobacteria; Pseudomonadales; Pseudomonadaceae; Pseudomonas; Pseudomonas aeruginosa group']
2563513	Pseudomonas phage vB_Pae_BR205a	Viruses; Duplodnaviria; Heunggongvirae; Uroviricota; Caudoviricetes; Casadabanvirus; unclassified Casadabanvirus	vB_Pae_BR205a	vB_Pae_BR205a_taxid_2563513	['Pseudomonas aeruginosa']	['Bacteria; Pseudomonadota; Gammaproteobacteria; Pseudomonadales; Pseudomonadaceae; Pseudomonas; Pseudomonas aeruginosa group']
2563514	Pseudomonas phage vB_Pae_BR208a	Viruses; Duplodnaviria; Heunggongvirae; Uroviricota; Caudoviricetes; Hollowayvirus; unclassified Hollowayvirus	vB_Pae_BR208a	vB_Pae_BR208a_taxid_2563514	['Pseudomonas aeruginosa']	['Bacteria; Pseudomonadota; Gammaproteobacteria; Pseudomonadales; Pseudomonadaceae; Pseudomonas; Pseudomonas aeruginosa group']
2563515	Pseudomonas phage vB_Pae_BR213a	Viruses; Duplodnaviria; Heunggongvirae; Uroviricota; Caudoviricetes; unclassified Caudoviricetes	vB_Pae_BR213a	vB_Pae_BR213a_taxid_2563515	['Pseudomonas aeruginosa']	['Bacteria; Pseudomonadota; Gammaproteobacteria; Pseudomonadales; Pseudomonadaceae; Pseudomonas; Pseudomonas aeruginosa group']
2563516	Pseudomonas phage vB_Pae_BR228a	Viruses; Duplodnaviria; Heunggongvirae; Uroviricota; Caudoviricetes; Hollowayvirus; unclassified Hollowayvirus	vB_Pae_BR228a	vB_Pae_BR228a_taxid_2563516	['Pseudomonas aeruginosa']	['Bacteria; Pseudomonadota; Gammaproteobacteria; Pseudomonadales; Pseudomonadaceae; Pseudomonas; Pseudomonas aeruginosa group']
2563517	Pseudomonas phage vB_Pae_BR233a	Viruses; Duplodnaviria; Heunggongvirae; Uroviricota; Caudoviricetes; unclassified Caudoviricetes	vB_Pae_BR233a	vB_Pae_BR233a_taxid_2563517	['Pseudomonas aeruginosa']	['Bacteria; Pseudomonadota; Gammaproteobacteria; Pseudomonadales; Pseudomonadaceae; Pseudomonas; Pseudomonas aeruginosa group']
2563518	Pseudomonas phage vB_Pae_BR243a	Viruses; Duplodnaviria; Heunggongvirae; Uroviricota; Caudoviricetes; unclassified Caudoviricetes	vB_Pae_BR243a	vB_Pae_BR243a_taxid_2563518	['Pseudomonas aeruginosa']	['Bacteria; Pseudomonadota; Gammaproteobacteria; Pseudomonadales; Pseudomonadaceae; Pseudomonas; Pseudomonas aeruginosa group']
2563519	Pseudomonas phage vB_Pae_BR243b	Viruses; Duplodnaviria; Heunggongvirae; Uroviricota; Caudoviricetes; Casadabanvirus; unclassified Casadabanvirus	vB_Pae_BR243b	vB_Pae_BR243b_taxid_2563519	['Pseudomonas aeruginosa']	['Bacteria; Pseudomonadota; Gammaproteobacteria; Pseudomonadales; Pseudomonadaceae; Pseudomonas; Pseudomonas aeruginosa group']
2563521	Pseudomonas phage vB_Pae_BR299a	Viruses; Duplodnaviria; Heunggongvirae; Uroviricota; Caudoviricetes; unclassified Caudoviricetes	vB_Pae_BR299a	vB_Pae_BR299a_taxid_2563521	['Pseudomonas aeruginosa']	['Bacteria; Pseudomonadota; Gammaproteobacteria; Pseudomonadales; Pseudomonadaceae; Pseudomonas; Pseudomonas aeruginosa group']
2563522	Pseudomonas phage vB_Pae_BR313a	Viruses; Duplodnaviria; Heunggongvirae; Uroviricota; Caudoviricetes; Hollowayvirus; unclassified Hollowayvirus	vB_Pae_BR313a	vB_Pae_BR313a_taxid_2563522	['Pseudomonas aeruginosa']	['Bacteria; Pseudomonadota; Gammaproteobacteria; Pseudomonadales; Pseudomonadaceae; Pseudomonas; Pseudomonas aeruginosa group']
2563523	Pseudomonas phage vB_Pae_BR313b	Viruses; Duplodnaviria; Heunggongvirae; Uroviricota; Caudoviricetes; Casadabanvirus; unclassified Casadabanvirus	vB_Pae_BR313b	vB_Pae_BR313b_taxid_2563523	['Pseudomonas aeruginosa']	['Bacteria; Pseudomonadota; Gammaproteobacteria; Pseudomonadales; Pseudomonadaceae; Pseudomonas; Pseudomonas aeruginosa group']
2563524	Pseudomonas phage vB_Pae_BR313c	Viruses; Duplodnaviria; Heunggongvirae; Uroviricota; Caudoviricetes; unclassified Caudoviricetes	vB_Pae_BR313c	vB_Pae_BR313c_taxid_2563524	['Pseudomonas aeruginosa']	['Bacteria; Pseudomonadota; Gammaproteobacteria; Pseudomonadales; Pseudomonadaceae; Pseudomonas; Pseudomonas aeruginosa group']
2563525	Pseudomonas phage vB_Pae_BR319a	Viruses; Duplodnaviria; Heunggongvirae; Uroviricota; Caudoviricetes; Peduoviridae; Citexvirus; Citexvirus BR319A	vB_Pae_BR319a	vB_Pae_BR319a_taxid_2563525	['Pseudomonas aeruginosa']	['Bacteria; Pseudomonadota; Gammaproteobacteria; Pseudomonadales; Pseudomonadaceae; Pseudomonas; Pseudomonas aeruginosa group']
2563526	Pseudomonas phage vB_Pae_BR319b	Viruses; Duplodnaviria; Heunggongvirae; Uroviricota; Caudoviricetes; Hollowayvirus; unclassified Hollowayvirus	vB_Pae_BR319b	vB_Pae_BR319b_taxid_2563526	['Pseudomonas aeruginosa']	['Bacteria; Pseudomonadota; Gammaproteobacteria; Pseudomonadales; Pseudomonadaceae; Pseudomonas; Pseudomonas aeruginosa group']
2563527	Pseudomonas phage vB_Pae_BR320a	Viruses; Duplodnaviria; Heunggongvirae; Uroviricota; Caudoviricetes; Hollowayvirus; unclassified Hollowayvirus	vB_Pae_BR320a	vB_Pae_BR320a_taxid_2563527	['Pseudomonas aeruginosa']	['Bacteria; Pseudomonadota; Gammaproteobacteria; Pseudomonadales; Pseudomonadaceae; Pseudomonas; Pseudomonas aeruginosa group']
2563528	Pseudomonas phage vB_Pae_BR322a	Viruses; Duplodnaviria; Heunggongvirae; Uroviricota; Caudoviricetes; unclassified Caudoviricetes	vB_Pae_BR322a	vB_Pae_BR322a_taxid_2563528	['Pseudomonas aeruginosa']	['Bacteria; Pseudomonadota; Gammaproteobacteria; Pseudomonadales; Pseudomonadaceae; Pseudomonas; Pseudomonas aeruginosa group']
2563529	Pseudomonas phage vB_Pae_BR326a	Viruses; Duplodnaviria; Heunggongvirae; Uroviricota; Caudoviricetes; Hollowayvirus; unclassified Hollowayvirus	vB_Pae_BR326a	vB_Pae_BR326a_taxid_2563529	['Pseudomonas aeruginosa']	['Bacteria; Pseudomonadota; Gammaproteobacteria; Pseudomonadales; Pseudomonadaceae; Pseudomonas; Pseudomonas aeruginosa group']
2563530	Pseudomonas phage vB_Pae_BR327a	Viruses; Duplodnaviria; Heunggongvirae; Uroviricota; Caudoviricetes; Casadabanvirus; unclassified Casadabanvirus	vB_Pae_BR327a	vB_Pae_BR327a_taxid_2563530	['Pseudomonas aeruginosa']	['Bacteria; Pseudomonadota; Gammaproteobacteria; Pseudomonadales; Pseudomonadaceae; Pseudomonas; Pseudomonas aeruginosa group']
2563531	Pseudomonas phage vB_Pae_BR52a	Viruses; Duplodnaviria; Heunggongvirae; Uroviricota; Caudoviricetes; unclassified Caudoviricetes	vB_Pae_BR52a	vB_Pae_BR52a_taxid_2563531	['Pseudomonas aeruginosa']	['Bacteria; Pseudomonadota; Gammaproteobacteria; Pseudomonadales; Pseudomonadaceae; Pseudomonas; Pseudomonas aeruginosa group']
2563532	Pseudomonas phage vB_Pae_BR52b	Viruses; Duplodnaviria; Heunggongvirae; Uroviricota; Caudoviricetes; Casadabanvirus; unclassified Casadabanvirus	vB_Pae_BR52b	vB_Pae_BR52b_taxid_2563532	['Pseudomonas aeruginosa']	['Bacteria; Pseudomonadota; Gammaproteobacteria; Pseudomonadales; Pseudomonadaceae; Pseudomonas; Pseudomonas aeruginosa group']
2563533	Pseudomonas phage vB_Pae_BR58a	Viruses; Duplodnaviria; Heunggongvirae; Uroviricota; Caudoviricetes; unclassified Caudoviricetes	vB_Pae_BR58a	vB_Pae_BR58a_taxid_2563533	['Pseudomonas aeruginosa']	['Bacteria; Pseudomonadota; Gammaproteobacteria; Pseudomonadales; Pseudomonadaceae; Pseudomonas; Pseudomonas aeruginosa group']
2563534	Pseudomonas phage vB_Pae_BR58b	Viruses; Duplodnaviria; Heunggongvirae; Uroviricota; Caudoviricetes; Casadabanvirus; unclassified Casadabanvirus	vB_Pae_BR58b	vB_Pae_BR58b_taxid_2563534	['Pseudomonas aeruginosa']	['Bacteria; Pseudomonadota; Gammaproteobacteria; Pseudomonadales; Pseudomonadaceae; Pseudomonas; Pseudomonas aeruginosa group']
2563536	Pseudomonas phage vB_Pae_CF118a	Viruses; Duplodnaviria; Heunggongvirae; Uroviricota; Caudoviricetes; unclassified Caudoviricetes	vB_Pae_CF118a	vB_Pae_CF118a_taxid_2563536	['Pseudomonas aeruginosa']	['Bacteria; Pseudomonadota; Gammaproteobacteria; Pseudomonadales; Pseudomonadaceae; Pseudomonas; Pseudomonas aeruginosa group']
2563537	Pseudomonas phage vB_Pae_CF118b	Viruses; Duplodnaviria; Heunggongvirae; Uroviricota; Caudoviricetes; Casadabanvirus; unclassified Casadabanvirus	vB_Pae_CF118b	vB_Pae_CF118b_taxid_2563537	['Pseudomonas aeruginosa']	['Bacteria; Pseudomonadota; Gammaproteobacteria; Pseudomonadales; Pseudomonadaceae; Pseudomonas; Pseudomonas aeruginosa group']
2563538	Pseudomonas phage vB_Pae_CF118c	Viruses; Duplodnaviria; Heunggongvirae; Uroviricota; Caudoviricetes; unclassified Caudoviricetes	vB_Pae_CF118c	vB_Pae_CF118c_taxid_2563538	['Pseudomonas aeruginosa']	['Bacteria; Pseudomonadota; Gammaproteobacteria; Pseudomonadales; Pseudomonadaceae; Pseudomonas; Pseudomonas aeruginosa group']
2563539	Pseudomonas phage vB_Pae_CF121a	Viruses; Duplodnaviria; Heunggongvirae; Uroviricota; Caudoviricetes; Casadabanvirus; unclassified Casadabanvirus	vB_Pae_CF121a	vB_Pae_CF121a_taxid_2563539	['Pseudomonas aeruginosa']	['Bacteria; Pseudomonadota; Gammaproteobacteria; Pseudomonadales; Pseudomonadaceae; Pseudomonas; Pseudomonas aeruginosa group']
2563540	Pseudomonas phage vB_Pae_CF121b	Viruses; Duplodnaviria; Heunggongvirae; Uroviricota; Caudoviricetes; unclassified Caudoviricetes	vB_Pae_CF121b	vB_Pae_CF121b_taxid_2563540	['Pseudomonas aeruginosa']	['Bacteria; Pseudomonadota; Gammaproteobacteria; Pseudomonadales; Pseudomonadaceae; Pseudomonas; Pseudomonas aeruginosa group']
2563541	Pseudomonas phage vB_Pae_CF121c	Viruses; Duplodnaviria; Heunggongvirae; Uroviricota; Caudoviricetes; unclassified Caudoviricetes	vB_Pae_CF121c	vB_Pae_CF121c_taxid_2563541	['Pseudomonas aeruginosa']	['Bacteria; Pseudomonadota; Gammaproteobacteria; Pseudomonadales; Pseudomonadaceae; Pseudomonas; Pseudomonas aeruginosa group']
2563542	Pseudomonas phage vB_Pae_CF124b	Viruses; Duplodnaviria; Heunggongvirae; Uroviricota; Caudoviricetes; unclassified Caudoviricetes	vB_Pae_CF124b	vB_Pae_CF124b_taxid_2563542	['Pseudomonas aeruginosa']	['Bacteria; Pseudomonadota; Gammaproteobacteria; Pseudomonadales; Pseudomonadaceae; Pseudomonas; Pseudomonas aeruginosa group']
2563543	Pseudomonas phage vB_Pae_CF125a	Viruses; Duplodnaviria; Heunggongvirae; Uroviricota; Caudoviricetes; Beetrevirus; unclassified Beetrevirus	vB_Pae_CF125a	vB_Pae_CF125a_taxid_2563543	['Pseudomonas aeruginosa']	['Bacteria; Pseudomonadota; Gammaproteobacteria; Pseudomonadales; Pseudomonadaceae; Pseudomonas; Pseudomonas aeruginosa group']
2563544	Pseudomonas phage vB_Pae_CF126a	Viruses; Duplodnaviria; Heunggongvirae; Uroviricota; Caudoviricetes; Hollowayvirus; unclassified Hollowayvirus	vB_Pae_CF126a	vB_Pae_CF126a_taxid_2563544	['Pseudomonas aeruginosa']	['Bacteria; Pseudomonadota; Gammaproteobacteria; Pseudomonadales; Pseudomonadaceae; Pseudomonas; Pseudomonas aeruginosa group']
2563546	Pseudomonas phage vB_Pae_CF127a	Viruses; Duplodnaviria; Heunggongvirae; Uroviricota; Caudoviricetes; unclassified Caudoviricetes	vB_Pae_CF127a	vB_Pae_CF127a_taxid_2563546	['Pseudomonas aeruginosa', 'Pseudomonas aeruginosa CF127']	['Bacteria; Pseudomonadota; Gammaproteobacteria; Pseudomonadales; Pseudomonadaceae; Pseudomonas; Pseudomonas aeruginosa group', 'Bacteria; Pseudomonadota; Gammaproteobacteria; Pseudomonadales; Pseudomonadaceae; Pseudomonas; Pseudomonas aeruginosa group; Pseudomonas aeruginosa']
2563548	Pseudomonas phage vB_Pae_CF136a	Viruses; Duplodnaviria; Heunggongvirae; Uroviricota; Caudoviricetes; Casadabanvirus; unclassified Casadabanvirus	vB_Pae_CF136a	vB_Pae_CF136a_taxid_2563548	['Pseudomonas aeruginosa']	['Bacteria; Pseudomonadota; Gammaproteobacteria; Pseudomonadales; Pseudomonadaceae; Pseudomonas; Pseudomonas aeruginosa group']
2563549	Pseudomonas phage vB_Pae_CF136b	Viruses; Duplodnaviria; Heunggongvirae; Uroviricota; Caudoviricetes; unclassified Caudoviricetes	vB_Pae_CF136b	vB_Pae_CF136b_taxid_2563549	['Pseudomonas aeruginosa']	['Bacteria; Pseudomonadota; Gammaproteobacteria; Pseudomonadales; Pseudomonadaceae; Pseudomonas; Pseudomonas aeruginosa group']
2563550	Pseudomonas phage vB_Pae_CF140a	Viruses; Duplodnaviria; Heunggongvirae; Uroviricota; Caudoviricetes; unclassified Caudoviricetes	vB_Pae_CF140a	vB_Pae_CF140a_taxid_2563550	['Pseudomonas aeruginosa']	['Bacteria; Pseudomonadota; Gammaproteobacteria; Pseudomonadales; Pseudomonadaceae; Pseudomonas; Pseudomonas aeruginosa group']
2563551	Pseudomonas phage vB_Pae_CF145a	Viruses; Duplodnaviria; Heunggongvirae; Uroviricota; Caudoviricetes; unclassified Caudoviricetes	vB_Pae_CF145a	vB_Pae_CF145a_taxid_2563551	['Pseudomonas aeruginosa']	['Bacteria; Pseudomonadota; Gammaproteobacteria; Pseudomonadales; Pseudomonadaceae; Pseudomonas; Pseudomonas aeruginosa group']
2563552	Pseudomonas phage vB_Pae_CF165a	Viruses; Duplodnaviria; Heunggongvirae; Uroviricota; Caudoviricetes; unclassified Caudoviricetes	vB_Pae_CF165a	vB_Pae_CF165a_taxid_2563552	['Pseudomonas aeruginosa']	['Bacteria; Pseudomonadota; Gammaproteobacteria; Pseudomonadales; Pseudomonadaceae; Pseudomonas; Pseudomonas aeruginosa group']
2563554	Pseudomonas phage vB_Pae_CF177a	Viruses; Duplodnaviria; Heunggongvirae; Uroviricota; Caudoviricetes; Beetrevirus; unclassified Beetrevirus	vB_Pae_CF177a	vB_Pae_CF177a_taxid_2563554	['Pseudomonas aeruginosa']	['Bacteria; Pseudomonadota; Gammaproteobacteria; Pseudomonadales; Pseudomonadaceae; Pseudomonas; Pseudomonas aeruginosa group']
2563555	Pseudomonas phage vB_Pae_CF177b	Viruses; Duplodnaviria; Heunggongvirae; Uroviricota; Caudoviricetes; Casadabanvirus; unclassified Casadabanvirus	vB_Pae_CF177b	vB_Pae_CF177b_taxid_2563555	['Pseudomonas aeruginosa']	['Bacteria; Pseudomonadota; Gammaproteobacteria; Pseudomonadales; Pseudomonadaceae; Pseudomonas; Pseudomonas aeruginosa group']
2563556	Pseudomonas phage vB_Pae_CF177c	Viruses; Duplodnaviria; Heunggongvirae; Uroviricota; Caudoviricetes; unclassified Caudoviricetes	vB_Pae_CF177c	vB_Pae_CF177c_taxid_2563556	['Pseudomonas aeruginosa']	['Bacteria; Pseudomonadota; Gammaproteobacteria; Pseudomonadales; Pseudomonadaceae; Pseudomonas; Pseudomonas aeruginosa group']
2563557	Pseudomonas phage vB_Pae_CF183a	Viruses; Duplodnaviria; Heunggongvirae; Uroviricota; Caudoviricetes; unclassified Caudoviricetes	vB_Pae_CF183a	vB_Pae_CF183a_taxid_2563557	['Pseudomonas aeruginosa']	['Bacteria; Pseudomonadota; Gammaproteobacteria; Pseudomonadales; Pseudomonadaceae; Pseudomonas; Pseudomonas aeruginosa group']
2563558	Pseudomonas phage vB_Pae_CF183b	Viruses; Duplodnaviria; Heunggongvirae; Uroviricota; Caudoviricetes; Casadabanvirus; unclassified Casadabanvirus	vB_Pae_CF183b	vB_Pae_CF183b_taxid_2563558	['Pseudomonas aeruginosa']	['Bacteria; Pseudomonadota; Gammaproteobacteria; Pseudomonadales; Pseudomonadaceae; Pseudomonas; Pseudomonas aeruginosa group']
2563559	Pseudomonas phage vB_Pae_CF208a	Viruses; Duplodnaviria; Heunggongvirae; Uroviricota; Caudoviricetes; unclassified Caudoviricetes	vB_Pae_CF208a	vB_Pae_CF208a_taxid_2563559	['Pseudomonas aeruginosa']	['Bacteria; Pseudomonadota; Gammaproteobacteria; Pseudomonadales; Pseudomonadaceae; Pseudomonas; Pseudomonas aeruginosa group']
2563560	Pseudomonas phage vB_Pae_CF213a	Viruses; Duplodnaviria; Heunggongvirae; Uroviricota; Caudoviricetes; unclassified Caudoviricetes	vB_Pae_CF213a	vB_Pae_CF213a_taxid_2563560	['Pseudomonas aeruginosa']	['Bacteria; Pseudomonadota; Gammaproteobacteria; Pseudomonadales; Pseudomonadaceae; Pseudomonas; Pseudomonas aeruginosa group']
2563561	Pseudomonas phage vB_Pae_CF213b	Viruses; Duplodnaviria; Heunggongvirae; Uroviricota; Caudoviricetes; Casadabanvirus; unclassified Casadabanvirus	vB_Pae_CF213b	vB_Pae_CF213b_taxid_2563561	['Pseudomonas aeruginosa']	['Bacteria; Pseudomonadota; Gammaproteobacteria; Pseudomonadales; Pseudomonadaceae; Pseudomonas; Pseudomonas aeruginosa group']
2563562	Pseudomonas phage vB_Pae_CF23a	Viruses; Duplodnaviria; Heunggongvirae; Uroviricota; Caudoviricetes; unclassified Caudoviricetes	vB_Pae_CF23a	vB_Pae_CF23a_taxid_2563562	['Pseudomonas aeruginosa']	['Bacteria; Pseudomonadota; Gammaproteobacteria; Pseudomonadales; Pseudomonadaceae; Pseudomonas; Pseudomonas aeruginosa group']
2563563	Pseudomonas phage vB_Pae_CF23b	Viruses; Duplodnaviria; Heunggongvirae; Uroviricota; Caudoviricetes; Casadabanvirus; unclassified Casadabanvirus	vB_Pae_CF23b	vB_Pae_CF23b_taxid_2563563	['Pseudomonas aeruginosa']	['Bacteria; Pseudomonadota; Gammaproteobacteria; Pseudomonadales; Pseudomonadaceae; Pseudomonas; Pseudomonas aeruginosa group']
2563564	Pseudomonas phage vB_Pae_CF24a	Viruses; Duplodnaviria; Heunggongvirae; Uroviricota; Caudoviricetes; Hollowayvirus; unclassified Hollowayvirus	vB_Pae_CF24a	vB_Pae_CF24a_taxid_2563564	['Pseudomonas aeruginosa']	['Bacteria; Pseudomonadota; Gammaproteobacteria; Pseudomonadales; Pseudomonadaceae; Pseudomonas; Pseudomonas aeruginosa group']
2563565	Pseudomonas phage vB_Pae_CF24b	Viruses; Duplodnaviria; Heunggongvirae; Uroviricota; Caudoviricetes; unclassified Caudoviricetes	vB_Pae_CF24b	vB_Pae_CF24b_taxid_2563565	['Pseudomonas aeruginosa']	['Bacteria; Pseudomonadota; Gammaproteobacteria; Pseudomonadales; Pseudomonadaceae; Pseudomonas; Pseudomonas aeruginosa group']
2563566	Pseudomonas phage vB_Pae_CF28a	Viruses; Duplodnaviria; Heunggongvirae; Uroviricota; Caudoviricetes; Casadabanvirus; unclassified Casadabanvirus	vB_Pae_CF28a	vB_Pae_CF28a_taxid_2563566	['Pseudomonas aeruginosa']	['Bacteria; Pseudomonadota; Gammaproteobacteria; Pseudomonadales; Pseudomonadaceae; Pseudomonas; Pseudomonas aeruginosa group']
2563567	Pseudomonas phage vB_Pae_CF28b	Viruses; Duplodnaviria; Heunggongvirae; Uroviricota; Caudoviricetes; unclassified Caudoviricetes	vB_Pae_CF28b	vB_Pae_CF28b_taxid_2563567	['Pseudomonas aeruginosa']	['Bacteria; Pseudomonadota; Gammaproteobacteria; Pseudomonadales; Pseudomonadaceae; Pseudomonas; Pseudomonas aeruginosa group']
2563568	Pseudomonas phage vB_Pae_CF34a	Viruses; Duplodnaviria; Heunggongvirae; Uroviricota; Caudoviricetes; unclassified Caudoviricetes	vB_Pae_CF34a	vB_Pae_CF34a_taxid_2563568	['Pseudomonas aeruginosa']	['Bacteria; Pseudomonadota; Gammaproteobacteria; Pseudomonadales; Pseudomonadaceae; Pseudomonas; Pseudomonas aeruginosa group']
2563569	Pseudomonas phage vB_Pae_CF3a	Viruses; Duplodnaviria; Heunggongvirae; Uroviricota; Caudoviricetes; unclassified Caudoviricetes	vB_Pae_CF3a	vB_Pae_CF3a_taxid_2563569	['Pseudomonas aeruginosa']	['Bacteria; Pseudomonadota; Gammaproteobacteria; Pseudomonadales; Pseudomonadaceae; Pseudomonas; Pseudomonas aeruginosa group']
2563572	Pseudomonas phage vB_Pae_CF53a	Viruses; Duplodnaviria; Heunggongvirae; Uroviricota; Caudoviricetes; unclassified Caudoviricetes	vB_Pae_CF53a	vB_Pae_CF53a_taxid_2563572	['Pseudomonas aeruginosa']	['Bacteria; Pseudomonadota; Gammaproteobacteria; Pseudomonadales; Pseudomonadaceae; Pseudomonas; Pseudomonas aeruginosa group']
2563573	Pseudomonas phage vB_Pae_CF53b	Viruses; Duplodnaviria; Heunggongvirae; Uroviricota; Caudoviricetes; unclassified Caudoviricetes	vB_Pae_CF53b	vB_Pae_CF53b_taxid_2563573	['Pseudomonas aeruginosa']	['Bacteria; Pseudomonadota; Gammaproteobacteria; Pseudomonadales; Pseudomonadaceae; Pseudomonas; Pseudomonas aeruginosa group']
2563574	Pseudomonas phage vB_Pae_CF53c	Viruses; Duplodnaviria; Heunggongvirae; Uroviricota; Caudoviricetes; Casadabanvirus; unclassified Casadabanvirus	vB_Pae_CF53c	vB_Pae_CF53c_taxid_2563574	['Pseudomonas aeruginosa']	['Bacteria; Pseudomonadota; Gammaproteobacteria; Pseudomonadales; Pseudomonadaceae; Pseudomonas; Pseudomonas aeruginosa group']
2563575	Pseudomonas phage vB_Pae_CF54a	Viruses; Duplodnaviria; Heunggongvirae; Uroviricota; Caudoviricetes; unclassified Caudoviricetes	vB_Pae_CF54a	vB_Pae_CF54a_taxid_2563575	['Pseudomonas aeruginosa']	['Bacteria; Pseudomonadota; Gammaproteobacteria; Pseudomonadales; Pseudomonadaceae; Pseudomonas; Pseudomonas aeruginosa group']
2563577	Pseudomonas phage vB_Pae_CF55b	Viruses; Duplodnaviria; Heunggongvirae; Uroviricota; Caudoviricetes; unclassified Caudoviricetes	vB_Pae_CF55b	vB_Pae_CF55b_taxid_2563577	['Pseudomonas aeruginosa']	['Bacteria; Pseudomonadota; Gammaproteobacteria; Pseudomonadales; Pseudomonadaceae; Pseudomonas; Pseudomonas aeruginosa group']
2563578	Pseudomonas phage vB_Pae_CF57a	Viruses; Duplodnaviria; Heunggongvirae; Uroviricota; Caudoviricetes; unclassified Caudoviricetes	vB_Pae_CF57a	vB_Pae_CF57a_taxid_2563578	['Pseudomonas aeruginosa']	['Bacteria; Pseudomonadota; Gammaproteobacteria; Pseudomonadales; Pseudomonadaceae; Pseudomonas; Pseudomonas aeruginosa group']
2563579	Pseudomonas phage vB_Pae_CF57b	Viruses; Duplodnaviria; Heunggongvirae; Uroviricota; Caudoviricetes; Casadabanvirus; unclassified Casadabanvirus	vB_Pae_CF57b	vB_Pae_CF57b_taxid_2563579	['Pseudomonas aeruginosa']	['Bacteria; Pseudomonadota; Gammaproteobacteria; Pseudomonadales; Pseudomonadaceae; Pseudomonas; Pseudomonas aeruginosa group']
2563580	Pseudomonas phage vB_Pae_CF5a	Viruses; Duplodnaviria; Heunggongvirae; Uroviricota; Caudoviricetes; unclassified Caudoviricetes	vB_Pae_CF5a	vB_Pae_CF5a_taxid_2563580	['Pseudomonas aeruginosa', 'Pseudomonas aeruginosa CF5']	['Bacteria; Pseudomonadota; Gammaproteobacteria; Pseudomonadales; Pseudomonadaceae; Pseudomonas; Pseudomonas aeruginosa group', 'Bacteria; Pseudomonadota; Gammaproteobacteria; Pseudomonadales; Pseudomonadaceae; Pseudomonas; Pseudomonas aeruginosa group; Pseudomonas aeruginosa']
2563581	Pseudomonas phage vB_Pae_CF60a	Viruses; Duplodnaviria; Heunggongvirae; Uroviricota; Caudoviricetes; unclassified Caudoviricetes	vB_Pae_CF60a	vB_Pae_CF60a_taxid_2563581	['Pseudomonas aeruginosa']	['Bacteria; Pseudomonadota; Gammaproteobacteria; Pseudomonadales; Pseudomonadaceae; Pseudomonas; Pseudomonas aeruginosa group']
2563582	Pseudomonas phage vB_Pae_CF63a	Viruses; Duplodnaviria; Heunggongvirae; Uroviricota; Caudoviricetes; Hollowayvirus; unclassified Hollowayvirus	vB_Pae_CF63a	vB_Pae_CF63a_taxid_2563582	['Pseudomonas aeruginosa']	['Bacteria; Pseudomonadota; Gammaproteobacteria; Pseudomonadales; Pseudomonadaceae; Pseudomonas; Pseudomonas aeruginosa group']
2563583	Pseudomonas phage vB_Pae_CF65a	Viruses; Duplodnaviria; Heunggongvirae; Uroviricota; Caudoviricetes; unclassified Caudoviricetes	vB_Pae_CF65a	vB_Pae_CF65a_taxid_2563583	['Pseudomonas aeruginosa']	['Bacteria; Pseudomonadota; Gammaproteobacteria; Pseudomonadales; Pseudomonadaceae; Pseudomonas; Pseudomonas aeruginosa group']
2563584	Pseudomonas phage vB_Pae_CF65b	Viruses; Duplodnaviria; Heunggongvirae; Uroviricota; Caudoviricetes; Casadabanvirus; unclassified Casadabanvirus	vB_Pae_CF65b	vB_Pae_CF65b_taxid_2563584	['Pseudomonas aeruginosa']	['Bacteria; Pseudomonadota; Gammaproteobacteria; Pseudomonadales; Pseudomonadaceae; Pseudomonas; Pseudomonas aeruginosa group']
2563585	Pseudomonas phage vB_Pae_CF67a	Viruses; Duplodnaviria; Heunggongvirae; Uroviricota; Caudoviricetes; unclassified Caudoviricetes	vB_Pae_CF67a	vB_Pae_CF67a_taxid_2563585	['Pseudomonas aeruginosa']	['Bacteria; Pseudomonadota; Gammaproteobacteria; Pseudomonadales; Pseudomonadaceae; Pseudomonas; Pseudomonas aeruginosa group']
2563586	Pseudomonas phage vB_Pae_CF69a	Viruses; Duplodnaviria; Heunggongvirae; Uroviricota; Caudoviricetes; Hollowayvirus; unclassified Hollowayvirus	vB_Pae_CF69a	vB_Pae_CF69a_taxid_2563586	['Pseudomonas aeruginosa']	['Bacteria; Pseudomonadota; Gammaproteobacteria; Pseudomonadales; Pseudomonadaceae; Pseudomonas; Pseudomonas aeruginosa group']
2563588	Pseudomonas phage vB_Pae_CF74a	Viruses; Duplodnaviria; Heunggongvirae; Uroviricota; Caudoviricetes; Casadabanvirus; unclassified Casadabanvirus	vB_Pae_CF74a	vB_Pae_CF74a_taxid_2563588	['Pseudomonas aeruginosa']	['Bacteria; Pseudomonadota; Gammaproteobacteria; Pseudomonadales; Pseudomonadaceae; Pseudomonas; Pseudomonas aeruginosa group']
2563589	Pseudomonas phage vB_Pae_CF74b	Viruses; Duplodnaviria; Heunggongvirae; Uroviricota; Caudoviricetes; unclassified Caudoviricetes	vB_Pae_CF74b	vB_Pae_CF74b_taxid_2563589	['Pseudomonas aeruginosa']	['Bacteria; Pseudomonadota; Gammaproteobacteria; Pseudomonadales; Pseudomonadaceae; Pseudomonas; Pseudomonas aeruginosa group']
2563591	Pseudomonas phage vB_Pae_CF77b	Viruses; Duplodnaviria; Heunggongvirae; Uroviricota; Caudoviricetes; Casadabanvirus; unclassified Casadabanvirus	vB_Pae_CF77b	vB_Pae_CF77b_taxid_2563591	['Pseudomonas aeruginosa', 'Pseudomonas aeruginosa CF77']	['Bacteria; Pseudomonadota; Gammaproteobacteria; Pseudomonadales; Pseudomonadaceae; Pseudomonas; Pseudomonas aeruginosa group', 'Bacteria; Pseudomonadota; Gammaproteobacteria; Pseudomonadales; Pseudomonadaceae; Pseudomonas; Pseudomonas aeruginosa group; Pseudomonas aeruginosa']
2563592	Pseudomonas phage vB_Pae_CF78a	Viruses; Duplodnaviria; Heunggongvirae; Uroviricota; Caudoviricetes; Beetrevirus; unclassified Beetrevirus	vB_Pae_CF78a	vB_Pae_CF78a_taxid_2563592	['Pseudomonas aeruginosa']	['Bacteria; Pseudomonadota; Gammaproteobacteria; Pseudomonadales; Pseudomonadaceae; Pseudomonas; Pseudomonas aeruginosa group']
2563593	Pseudomonas phage vB_Pae_CF79a	Viruses; Duplodnaviria; Heunggongvirae; Uroviricota; Caudoviricetes; unclassified Caudoviricetes	vB_Pae_CF79a	vB_Pae_CF79a_taxid_2563593	['Pseudomonas aeruginosa']	['Bacteria; Pseudomonadota; Gammaproteobacteria; Pseudomonadales; Pseudomonadaceae; Pseudomonas; Pseudomonas aeruginosa group']
2563594	Pseudomonas phage vB_Pae_CF81a	Viruses; Duplodnaviria; Heunggongvirae; Uroviricota; Caudoviricetes; unclassified Caudoviricetes	vB_Pae_CF81a	vB_Pae_CF81a_taxid_2563594	['Pseudomonas aeruginosa']	['Bacteria; Pseudomonadota; Gammaproteobacteria; Pseudomonadales; Pseudomonadaceae; Pseudomonas; Pseudomonas aeruginosa group']
2563595	Pseudomonas phage vB_Pae_CF81b	Viruses; Duplodnaviria; Heunggongvirae; Uroviricota; Caudoviricetes; Casadabanvirus; unclassified Casadabanvirus	vB_Pae_CF81b	vB_Pae_CF81b_taxid_2563595	['Pseudomonas aeruginosa']	['Bacteria; Pseudomonadota; Gammaproteobacteria; Pseudomonadales; Pseudomonadaceae; Pseudomonas; Pseudomonas aeruginosa group']
2961987	Pseudomonas phage vB_Pae_HB2107-3I	Viruses; Duplodnaviria; Heunggongvirae; Uroviricota; Caudoviricetes; unclassified Caudoviricetes	vB_Pae_HB2107-3I	vB_Pae_HB2107-3I_taxid_2961987	['Pseudomonas aeruginosa PA14']	['Bacteria; Pseudomonadota; Gammaproteobacteria; Pseudomonadales; Pseudomonadaceae; Pseudomonas; Pseudomonas aeruginosa group; Pseudomonas aeruginosa']
2937408	Pseudomonas phage vB_Pae_Kat	Viruses; Duplodnaviria; Heunggongvirae; Uroviricota; Caudoviricetes; Pakpunavirus; unclassified Pakpunavirus	vB_Pae_Kat	vB_Pae_Kat_taxid_2937408	['Pseudomonas aeruginosa PAO1']	['Bacteria; Pseudomonadota; Gammaproteobacteria; Pseudomonadales; Pseudomonadaceae; Pseudomonas; Pseudomonas aeruginosa group; Pseudomonas aeruginosa']
2961988	Pseudomonas phage vB_Pae_LC3I3	Viruses; Duplodnaviria; Heunggongvirae; Uroviricota; Caudoviricetes; unclassified Caudoviricetes	vB_Pae_LC3I3	vB_Pae_LC3I3_taxid_2961988	['Pseudomonas aeruginosa PA14']	['Bacteria; Pseudomonadota; Gammaproteobacteria; Pseudomonadales; Pseudomonadaceae; Pseudomonas; Pseudomonas aeruginosa group; Pseudomonas aeruginosa']
2937409	Pseudomonas phage vB_Pae_Mat	Viruses; Duplodnaviria; Heunggongvirae; Uroviricota; Caudoviricetes; Pbunavirus; unclassified Pbunavirus	vB_Pae_Mat	vB_Pae_Mat_taxid_2937409	['Pseudomonas aeruginosa PAO1']	['Bacteria; Pseudomonadota; Gammaproteobacteria; Pseudomonadales; Pseudomonadaceae; Pseudomonas; Pseudomonas aeruginosa group; Pseudomonas aeruginosa']
1542090	Pseudomonas phage vB_Pae_PS44	Viruses; Duplodnaviria; Heunggongvirae; Uroviricota; Caudoviricetes; Pbunavirus; Pbunavirus PS44	vB_Pae_PS44	vB_Pae_PS44_taxid_1542090	['Pseudomonas aeruginosa']	['Bacteria; Pseudomonadota; Gammaproteobacteria; Pseudomonadales; Pseudomonadaceae; Pseudomonas; Pseudomonas aeruginosa group']
1542091	Pseudomonas phage vB_Pae_PS9N	Viruses; Duplodnaviria; Heunggongvirae; Uroviricota; Caudoviricetes; Septimatrevirus; Septimatrevirus kakheti25	vB_Pae_PS9N	vB_Pae_PS9N_taxid_1542091	['Pseudomonas aeruginosa']	['Bacteria; Pseudomonadota; Gammaproteobacteria; Pseudomonadales; Pseudomonadaceae; Pseudomonas; Pseudomonas aeruginosa group']
2866656	Pseudomonas phage vB_Pae_QDWS	Viruses; Duplodnaviria; Heunggongvirae; Uroviricota; Caudoviricetes; Autographiviridae; Krylovirinae; Phikmvvirus; unclassified Phikmvvirus	vB_Pae_QDWS	vB_Pae_QDWS_taxid_2866656	['Pseudomonas sp.']	['Bacteria; Pseudomonadota; Gammaproteobacteria; Pseudomonadales; Pseudomonadaceae; Pseudomonas']
2914856	Pseudomonas phage vB_Pae_S1	Viruses; Duplodnaviria; Heunggongvirae; Uroviricota; Caudoviricetes; Autographiviridae; Krylovirinae; Phikmvvirus; Phikmvvirus MPK7	vB_Pae_S1	vB_Pae_S1_taxid_2914856	['Pseudomonas aeruginosa PAO1']	['Bacteria; Pseudomonadota; Gammaproteobacteria; Pseudomonadales; Pseudomonadaceae; Pseudomonas; Pseudomonas aeruginosa group; Pseudomonas aeruginosa']
2914857	Pseudomonas phage vB_Pae_TR	Viruses; Duplodnaviria; Heunggongvirae; Uroviricota; Caudoviricetes; Septimatrevirus; unclassified Septimatrevirus	vB_Pae_TR	vB_Pae_TR_taxid_2914857	['Pseudomonas']	['Bacteria; Pseudomonadota; Gammaproteobacteria; Pseudomonadales; Pseudomonadaceae']
2880892	Pseudomonas phage vB_Pae_W3	Viruses; Duplodnaviria; Heunggongvirae; Uroviricota; Caudoviricetes; Septimatrevirus; Septimatrevirus kakheti25	vB_Pae_W3	vB_Pae_W3_taxid_2880892	['Pseudomonas aeruginosa PAO1']	['Bacteria; Pseudomonadota; Gammaproteobacteria; Pseudomonadales; Pseudomonadaceae; Pseudomonas; Pseudomonas aeruginosa group; Pseudomonas aeruginosa']
2587493	Pseudomonas phage vB_PaM_EPA1	Viruses; Duplodnaviria; Heunggongvirae; Uroviricota; Caudoviricetes; Pakpunavirus; Pakpunavirus zigelbrucke	vB_PaM_EPA1	vB_PaM_EPA1_taxid_2587493	['Pseudomonas aeruginosa PAO1']	['Bacteria; Pseudomonadota; Gammaproteobacteria; Pseudomonadales; Pseudomonadaceae; Pseudomonas; Pseudomonas aeruginosa group; Pseudomonas aeruginosa']
3058969	Pseudomonas phage vB_PaM_EPA3	Viruses; Duplodnaviria; Heunggongvirae; Uroviricota; Caudoviricetes; Pakpunavirus; unclassified Pakpunavirus	vB_PaM_EPA3	vB_PaM_EPA3_taxid_3058969	['Pseudomonas aeruginosa PAO1']	['Bacteria; Pseudomonadota; Gammaproteobacteria; Pseudomonadales; Pseudomonadaceae; Pseudomonas; Pseudomonas aeruginosa group; Pseudomonas aeruginosa']
2872297	Pseudomonas phage vB_PaS-HSN4	Viruses; Duplodnaviria; Heunggongvirae; Uroviricota; Caudoviricetes; Bruynoghevirus; unclassified Bruynoghevirus	vB_PaS-HSN4	vB_PaS-HSN4_taxid_2872297	['Pseudomonas aeruginosa']	['Bacteria; Pseudomonadota; Gammaproteobacteria; Pseudomonadales; Pseudomonadaceae; Pseudomonas; Pseudomonas aeruginosa group']
2591408	Pseudomonas phage vB_PaS_IME307	Viruses; Duplodnaviria; Heunggongvirae; Uroviricota; Caudoviricetes; Detrevirus; unclassified Detrevirus	vB_PaS_IME307	vB_PaS_IME307_taxid_2591408	['Pseudomonas aeruginosa']	['Bacteria; Pseudomonadota; Gammaproteobacteria; Pseudomonadales; Pseudomonadaceae; Pseudomonas; Pseudomonas aeruginosa group']
2834275	Pseudomonas phage vB_Pci_PCMW57	Viruses; Duplodnaviria; Heunggongvirae; Uroviricota; Caudoviricetes; Autographiviridae; Studiervirinae; Ghunavirus; unclassified Ghunavirus	vB_Pci_PCMW57	vB_Pci_PCMW57_taxid_2834275	['Pseudomonas cichorii']	['Bacteria; Pseudomonadota; Gammaproteobacteria; Pseudomonadales; Pseudomonadaceae; Pseudomonas; Pseudomonas syringae group']
2928860	Pseudomonas phage vB_PcuM_ KLEP17-4	Viruses; Duplodnaviria; Heunggongvirae; Uroviricota; Caudoviricetes; unclassified Caudoviricetes	vB_PcuM__KLEP17-4	vB_PcuM__KLEP17-4_taxid_2928860	['Pseudomonas cuatrocienegasensis']	['Bacteria; Pseudomonadota; Gammaproteobacteria; Pseudomonadales; Pseudomonadaceae; Pseudomonas']
2969619	Pseudomonas phage vB_PeaS_FBPa47	Viruses; Duplodnaviria; Heunggongvirae; Uroviricota; Caudoviricetes; Detrevirus; unclassified Detrevirus	vB_PeaS_FBPa47	vB_PeaS_FBPa47_taxid_2969619	['Pseudomonas sp.']	['Bacteria; Pseudomonadota; Gammaproteobacteria; Pseudomonadales; Pseudomonadaceae; Pseudomonas']
3020390	Pseudomonas phage vB_PpS_SYP	Viruses; Duplodnaviria; Heunggongvirae; Uroviricota; Caudoviricetes; unclassified Caudoviricetes	vB_PpS_SYP	vB_PpS_SYP_taxid_3020390	['Pseudomonas plecoglossicida']	['Bacteria; Pseudomonadota; Gammaproteobacteria; Pseudomonadales; Pseudomonadaceae; Pseudomonas; Pseudomonas putida group']
2995601	Pseudomonas phage vB_PsaM_M1	Viruses; Duplodnaviria; Heunggongvirae; Uroviricota; Caudoviricetes; unclassified Caudoviricetes	vB_PsaM_M1	vB_PsaM_M1_taxid_2995601	['Pseudomonas sp.']	['Bacteria; Pseudomonadota; Gammaproteobacteria; Pseudomonadales; Pseudomonadaceae; Pseudomonas']
2996092	Pseudomonas phage vB_PseudoP-SA22	Viruses; Duplodnaviria; Heunggongvirae; Uroviricota; Caudoviricetes; Bruynoghevirus; unclassified Bruynoghevirus	vB_PseudoP-SA22	vB_PseudoP-SA22_taxid_2996092	['Pseudomonas aeruginosa']	['Bacteria; Pseudomonadota; Gammaproteobacteria; Pseudomonadales; Pseudomonadaceae; Pseudomonas; Pseudomonas aeruginosa group']
2815750	Pseudomonas phage vB_PstS-pAN	Viruses; Duplodnaviria; Heunggongvirae; Uroviricota; Caudoviricetes; unclassified Caudoviricetes	vB_PstS-pAN	vB_PstS-pAN_taxid_2815750	['Pseudomonas']	['Bacteria; Pseudomonadota; Gammaproteobacteria; Pseudomonadales; Pseudomonadaceae']
1777065	Pseudomonas phage vB_PsyM_KIL1	Viruses; Duplodnaviria; Heunggongvirae; Uroviricota; Caudoviricetes; Flaumdravirus; Flaumdravirus KIL4	vB_PsyM_KIL1	vB_PsyM_KIL1_taxid_1777065	['Pseudomonas coronafaciens pv. porri']	['Bacteria; Pseudomonadota; Gammaproteobacteria; Pseudomonadales; Pseudomonadaceae; Pseudomonas; Pseudomonas syringae group']
1777066	Pseudomonas phage vB_PsyM_KIL2	Viruses; Duplodnaviria; Heunggongvirae; Uroviricota; Caudoviricetes; Flaumdravirus; Flaumdravirus KIL4; Pseudomonas phage vB_PsyM_KIL1	vB_PsyM_KIL2	vB_PsyM_KIL2_taxid_1777066	['Pseudomonas coronafaciens pv. porri']	['Bacteria; Pseudomonadota; Gammaproteobacteria; Pseudomonadales; Pseudomonadaceae; Pseudomonas; Pseudomonas syringae group']
1777067	Pseudomonas phage vB_PsyM_KIL3	Viruses; Duplodnaviria; Heunggongvirae; Uroviricota; Caudoviricetes; Flaumdravirus; Flaumdravirus KIL4; Pseudomonas phage vB_PsyM_KIL1	vB_PsyM_KIL3	vB_PsyM_KIL3_taxid_1777067	['Pseudomonas coronafaciens pv. porri']	['Bacteria; Pseudomonadota; Gammaproteobacteria; Pseudomonadales; Pseudomonadaceae; Pseudomonas; Pseudomonas syringae group']
1777068	Pseudomonas phage vB_PsyM_KIL3b	Viruses; Duplodnaviria; Heunggongvirae; Uroviricota; Caudoviricetes; Flaumdravirus; Flaumdravirus KIL4; Pseudomonas phage vB_PsyM_KIL1	vB_PsyM_KIL3b	vB_PsyM_KIL3b_taxid_1777068	['Pseudomonas coronafaciens pv. porri']	['Bacteria; Pseudomonadota; Gammaproteobacteria; Pseudomonadales; Pseudomonadaceae; Pseudomonas; Pseudomonas syringae group']
1777069	Pseudomonas phage vB_PsyM_KIL4	Viruses; Duplodnaviria; Heunggongvirae; Uroviricota; Caudoviricetes; Flaumdravirus; Flaumdravirus KIL2	vB_PsyM_KIL4	vB_PsyM_KIL4_taxid_1777069	['Pseudomonas coronafaciens pv. porri']	['Bacteria; Pseudomonadota; Gammaproteobacteria; Pseudomonadales; Pseudomonadaceae; Pseudomonas; Pseudomonas syringae group']
1777070	Pseudomonas phage vB_PsyM_KIL5	Viruses; Duplodnaviria; Heunggongvirae; Uroviricota; Caudoviricetes; Flaumdravirus; Flaumdravirus KIL4; Pseudomonas phage vB_PsyM_KIL1	vB_PsyM_KIL5	vB_PsyM_KIL5_taxid_1777070	['Pseudomonas coronafaciens pv. porri']	['Bacteria; Pseudomonadota; Gammaproteobacteria; Pseudomonadales; Pseudomonadaceae; Pseudomonas; Pseudomonas syringae group']
2749426	Pseudomonas phage vB_PsyP_3MF5	Viruses; Duplodnaviria; Heunggongvirae; Uroviricota; Caudoviricetes; Autographiviridae; Studiervirinae; Warsawvirus; Warsawvirus 3MF5	vB_PsyP_3MF5	vB_PsyP_3MF5_taxid_2749426	['Pseudomonas syringae']	['Bacteria; Pseudomonadota; Gammaproteobacteria; Pseudomonadales; Pseudomonadaceae; Pseudomonas; Pseudomonas syringae group; Pseudomonas syringae group genomosp. 1']
3034284	Pseudomonas phage vB_VIPPAEUMC01	Viruses; Duplodnaviria; Heunggongvirae; Uroviricota; Caudoviricetes; Pakpunavirus; unclassified Pakpunavirus	vB_VIPPAEUMC01	vB_VIPPAEUMC01_taxid_3034284	['Pseudomonas aeruginosa ATCC 15442']	['Bacteria; Pseudomonadota; Gammaproteobacteria; Pseudomonadales; Pseudomonadaceae; Pseudomonas; Pseudomonas aeruginosa group; Pseudomonas aeruginosa']
1729937	Pseudomonas phage VCM	Viruses; Duplodnaviria; Heunggongvirae; Uroviricota; Caudoviricetes; Otagovirus; Otagovirus VCM	VCM	VCM_taxid_1729937	['Pseudomonas']	['Bacteria; Pseudomonadota; Gammaproteobacteria; Pseudomonadales; Pseudomonadaceae']
2048980	Pseudomonas phage ventosus	Viruses; Duplodnaviria; Heunggongvirae; Uroviricota; Caudoviricetes; unclassified Caudoviricetes	ventosus	ventosus_taxid_2048980	['Pseudomonas syringae pv. avii']	['Bacteria; Pseudomonadota; Gammaproteobacteria; Pseudomonadales; Pseudomonadaceae; Pseudomonas; Pseudomonas syringae group; Pseudomonas syringae group genomosp. 1']
3049963	Pseudomonas phage vFB297	Viruses; Duplodnaviria; Heunggongvirae; Uroviricota; Caudoviricetes; Pakpunavirus; unclassified Pakpunavirus	vFB297	vFB297_taxid_3049963	['Pseudomonas aeruginosa']	['Bacteria; Pseudomonadota; Gammaproteobacteria; Pseudomonadales; Pseudomonadaceae; Pseudomonas; Pseudomonas aeruginosa group']
1852562	Pseudomonas phage VSW-3	Viruses; Duplodnaviria; Heunggongvirae; Uroviricota; Caudoviricetes; Autographiviridae; Napahaivirus; Napahaivirus VSW3	VSW-3	VSW-3_taxid_1852562	['Pseudomonas']	['Bacteria; Pseudomonadota; Gammaproteobacteria; Pseudomonadales; Pseudomonadaceae']
2041486	Pseudomonas phage VW-6B	Viruses; Duplodnaviria; Heunggongvirae; Uroviricota; Caudoviricetes; unclassified Caudoviricetes	VW-6B	VW-6B_taxid_2041486	['Pseudomonas fluorescens']	['Bacteria; Pseudomonadota; Gammaproteobacteria; Pseudomonadales; Pseudomonadaceae; Pseudomonas; Pseudomonas fluorescens group']
2041487	Pseudomonas phage VW-6S	Viruses; Duplodnaviria; Heunggongvirae; Uroviricota; Caudoviricetes; unclassified Caudoviricetes	VW-6S	VW-6S_taxid_2041487	['Pseudomonas sivasensis']	['Bacteria; Pseudomonadota; Gammaproteobacteria; Pseudomonadales; Pseudomonadaceae; Pseudomonas']
2762290	Pseudomonas phage Waldo5	Viruses; Duplodnaviria; Heunggongvirae; Uroviricota; Caudoviricetes; Autographiviridae; Studiervirinae; unclassified Studiervirinae	Waldo5	Waldo5_taxid_2762290	['Pseudomonas putida']	['Bacteria; Pseudomonadota; Gammaproteobacteria; Pseudomonadales; Pseudomonadaceae; Pseudomonas; Pseudomonas putida group']
2719838	Pseudomonas phage willy	Viruses; Duplodnaviria; Heunggongvirae; Uroviricota; Caudoviricetes; Pbunavirus; Pbunavirus LMA2	willy	willy_taxid_2719838	['Pseudomonas aeruginosa PAO1']	['Bacteria; Pseudomonadota; Gammaproteobacteria; Pseudomonadales; Pseudomonadaceae; Pseudomonas; Pseudomonas aeruginosa group; Pseudomonas aeruginosa']
2783803	Pseudomonas phage WRT	Viruses; Duplodnaviria; Heunggongvirae; Uroviricota; Caudoviricetes; Autographiviridae; Studiervirinae; Ghunavirus; Ghunavirus WRT	WRT	WRT_taxid_2783803	['Pseudomonas fluorescens group']	['Bacteria; Pseudomonadota; Gammaproteobacteria; Pseudomonadales; Pseudomonadaceae; Pseudomonas']
2927634	Pseudomonas phage WX_01	Viruses; Duplodnaviria; Heunggongvirae; Uroviricota; Caudoviricetes; Casadabanvirus; unclassified Casadabanvirus	WX_01	WX_01_taxid_2927634	['Pseudomonas aeruginosa']	['Bacteria; Pseudomonadota; Gammaproteobacteria; Pseudomonadales; Pseudomonadaceae; Pseudomonas; Pseudomonas aeruginosa group']
3025420	Pseudomonas phage WX_Y	Viruses; Monodnaviria; Loebvirae; Hofneiviricota; Faserviricetes; Tubulavirales; Inoviridae; unclassified Inoviridae	WX_Y	WX_Y_taxid_3025420	['Pseudomonas aeruginosa']	['Bacteria; Pseudomonadota; Gammaproteobacteria; Pseudomonadales; Pseudomonadaceae; Pseudomonas; Pseudomonas aeruginosa group']
1636189	Pseudomonas phage YH30	Viruses; Duplodnaviria; Heunggongvirae; Uroviricota; Caudoviricetes; Schitoviridae; Migulavirinae; Litunavirus; Litunavirus PA26	YH30	YH30_taxid_1636189	['Pseudomonas aeruginosa']	['Bacteria; Pseudomonadota; Gammaproteobacteria; Pseudomonadales; Pseudomonadaceae; Pseudomonas; Pseudomonas aeruginosa group']
1566995	Pseudomonas phage YH6	Viruses; Duplodnaviria; Heunggongvirae; Uroviricota; Caudoviricetes; Schitoviridae; Migulavirinae; Litunavirus; unclassified Litunavirus	YH6	YH6_taxid_1566995	['Pseudomonas aeruginosa']	['Bacteria; Pseudomonadota; Gammaproteobacteria; Pseudomonadales; Pseudomonadaceae; Pseudomonas; Pseudomonas aeruginosa group']
1191380	Pseudomonas phage YMC/01/01/P52_PAE_BP	Viruses; Duplodnaviria; Heunggongvirae; Uroviricota; Caudoviricetes; unclassified Caudoviricetes	YMC/01/01/P52_PAE_BP	YMC/01/01/P52_PAE_BP_taxid_1191380	['Pseudomonas aeruginosa']	['Bacteria; Pseudomonadota; Gammaproteobacteria; Pseudomonadales; Pseudomonadaceae; Pseudomonas; Pseudomonas aeruginosa group']
1755689	Pseudomonas phage YMC11/02/R656	Viruses; Duplodnaviria; Heunggongvirae; Uroviricota; Caudoviricetes; unclassified Caudoviricetes	YMC11/02/R656	YMC11/02/R656_taxid_1755689	['Pseudomonas aeruginosa']	['Bacteria; Pseudomonadota; Gammaproteobacteria; Pseudomonadales; Pseudomonadaceae; Pseudomonas; Pseudomonas aeruginosa group']
1777063	Pseudomonas phage YMC11/06/C171_PPU_BP	Viruses; Duplodnaviria; Heunggongvirae; Uroviricota; Caudoviricetes; Autographiviridae; Corkvirinae; Kantovirus; Kantovirus C171	YMC11/06/C171_PPU_BP	YMC11/06/C171_PPU_BP_taxid_1777063	['Pseudomonas putida']	['Bacteria; Pseudomonadota; Gammaproteobacteria; Pseudomonadales; Pseudomonadaceae; Pseudomonas; Pseudomonas putida group']
1777064	Pseudomonas phage YMC11/07/P54_PAE_BP	Viruses; Duplodnaviria; Heunggongvirae; Uroviricota; Caudoviricetes; unclassified Caudoviricetes	YMC11/07/P54_PAE_BP	YMC11/07/P54_PAE_BP_taxid_1777064	['Pseudomonas']	['Bacteria; Pseudomonadota; Gammaproteobacteria; Pseudomonadales; Pseudomonadaceae']
1755690	Pseudomonas phage YMC11/11/R1836	Viruses; Duplodnaviria; Heunggongvirae; Uroviricota; Caudoviricetes; Casadabanvirus; Casadabanvirus PA1KOR	YMC11/11/R1836	YMC11/11/R1836_taxid_1755690	['Pseudomonas aeruginosa']	['Bacteria; Pseudomonadota; Gammaproteobacteria; Pseudomonadales; Pseudomonadaceae; Pseudomonas; Pseudomonas aeruginosa group']
2283028	Pseudomonas phage YMC12/01/R24	Viruses; Duplodnaviria; Heunggongvirae; Uroviricota; Caudoviricetes; Casadabanvirus; unclassified Casadabanvirus	YMC12/01/R24	YMC12/01/R24_taxid_2283028	['Pseudomonas aeruginosa']	['Bacteria; Pseudomonadota; Gammaproteobacteria; Pseudomonadales; Pseudomonadaceae; Pseudomonas; Pseudomonas aeruginosa group']
2283027	Pseudomonas phage YMC12/01/R960	Viruses; Duplodnaviria; Heunggongvirae; Uroviricota; Caudoviricetes; Casadabanvirus; unclassified Casadabanvirus	YMC12/01/R960	YMC12/01/R960_taxid_2283027	['Pseudomonas aeruginosa']	['Bacteria; Pseudomonadota; Gammaproteobacteria; Pseudomonadales; Pseudomonadaceae; Pseudomonas; Pseudomonas aeruginosa group']
2877935	Pseudomonas phage YMC17/07/R4900a	Viruses; Duplodnaviria; Heunggongvirae; Uroviricota; Caudoviricetes; Kochitakasuvirus; unclassified Kochitakasuvirus	YMC17/07/R4900a	YMC17/07/R4900a_taxid_2877935	['Pseudomonas aeruginosa']	['Bacteria; Pseudomonadota; Gammaproteobacteria; Pseudomonadales; Pseudomonadaceae; Pseudomonas; Pseudomonas aeruginosa group']
2036050	Pseudomonas phage YS35	Viruses; Duplodnaviria; Heunggongvirae; Uroviricota; Caudoviricetes; Pakpunavirus; Pakpunavirus CAb02	YS35	YS35_taxid_2036050	['Pseudomonas aeruginosa']	['Bacteria; Pseudomonadota; Gammaproteobacteria; Pseudomonadales; Pseudomonadaceae; Pseudomonas; Pseudomonas aeruginosa group']
1622114	Pseudomonas phage ZC01	Viruses; Duplodnaviria; Heunggongvirae; Uroviricota; Caudoviricetes; Mesyanzhinovviridae; Bradleyvirinae; Abidjanvirus; Abidjanvirus ZC01	ZC01	ZC01_taxid_1622114	['Pseudomonas aeruginosa']	['Bacteria; Pseudomonadota; Gammaproteobacteria; Pseudomonadales; Pseudomonadaceae; Pseudomonas; Pseudomonas aeruginosa group']
1622115	Pseudomonas phage ZC03	Viruses; Duplodnaviria; Heunggongvirae; Uroviricota; Caudoviricetes; Schitoviridae; Zicotriavirus; Zicotriavirus ZC03	ZC03	ZC03_taxid_1622115	['Pseudomonas aeruginosa']	['Bacteria; Pseudomonadota; Gammaproteobacteria; Pseudomonadales; Pseudomonadaceae; Pseudomonas; Pseudomonas aeruginosa group']
1622116	Pseudomonas phage ZC08	Viruses; Duplodnaviria; Heunggongvirae; Uroviricota; Caudoviricetes; Schitoviridae; Zicotriavirus; Zicotriavirus ZC08	ZC08	ZC08_taxid_1622116	['Pseudomonas aeruginosa']	['Bacteria; Pseudomonadota; Gammaproteobacteria; Pseudomonadales; Pseudomonadaceae; Pseudomonas; Pseudomonas aeruginosa group']
2936917	Pseudomonas phage ZCPS1	Viruses; Duplodnaviria; Heunggongvirae; Uroviricota; Caudoviricetes; Bruynoghevirus; unclassified Bruynoghevirus	ZCPS1	ZCPS1_taxid_2936917	['Pseudomonas']	['Bacteria; Pseudomonadota; Gammaproteobacteria; Pseudomonadales; Pseudomonadaceae']
1916099	Pseudomonas phage Zigelbrucke	Viruses; Duplodnaviria; Heunggongvirae; Uroviricota; Caudoviricetes; Pakpunavirus; Pakpunavirus zigelbrucke	Zigelbrucke	Zigelbrucke_taxid_1916099	['Pseudomonas aeruginosa PAO1']	['Bacteria; Pseudomonadota; Gammaproteobacteria; Pseudomonadales; Pseudomonadaceae; Pseudomonas; Pseudomonas aeruginosa group; Pseudomonas aeruginosa']
2810704	Pseudomonas phage zikora	Viruses; Duplodnaviria; Heunggongvirae; Uroviricota; Caudoviricetes; Pbunavirus; Pbunavirus PB1	zikora	zikora_taxid_2810704	['Pseudomonas aeruginosa']	['Bacteria; Pseudomonadota; Gammaproteobacteria; Pseudomonadales; Pseudomonadaceae; Pseudomonas; Pseudomonas aeruginosa group']
2996180	Pseudomonas phage zjk6	Viruses; Duplodnaviria; Heunggongvirae; Uroviricota; Caudoviricetes; unclassified Caudoviricetes	zjk6	zjk6_taxid_2996180	['Pseudomonas aeruginosa']	['Bacteria; Pseudomonadota; Gammaproteobacteria; Pseudomonadales; Pseudomonadaceae; Pseudomonas; Pseudomonas aeruginosa group']
2604899	Pseudomonas phage Zuri	Viruses; Duplodnaviria; Heunggongvirae; Uroviricota; Caudoviricetes; Schitoviridae; Zurivirus; Zurivirus zuri	Zuri	Zuri_taxid_2604899	['Pseudomonas putida']	['Bacteria; Pseudomonadota; Gammaproteobacteria; Pseudomonadales; Pseudomonadaceae; Pseudomonas; Pseudomonas putida group']
2909584	Pseudomonas phage ZY21	Viruses; Duplodnaviria; Heunggongvirae; Uroviricota; Caudoviricetes; Nickievirus; unclassified Nickievirus	ZY21	ZY21_taxid_2909584	['Pseudomonas syringae pv. actinidiae']	['Bacteria; Pseudomonadota; Gammaproteobacteria; Pseudomonadales; Pseudomonadaceae; Pseudomonas; Pseudomonas syringae group; Pseudomonas syringae group genomosp. 1']
2590837	Pseudomonas virus Pa193	Viruses; Duplodnaviria; Heunggongvirae; Uroviricota; Caudoviricetes; Pbunavirus; Pbunavirus Pa193	Pa193	Pa193_taxid_2590837	['Pseudomonas aeruginosa']	['Bacteria; Pseudomonadota; Gammaproteobacteria; Pseudomonadales; Pseudomonadaceae; Pseudomonas; Pseudomonas aeruginosa group']
2590839	Pseudomonas virus Pa222	Viruses; Duplodnaviria; Heunggongvirae; Uroviricota; Caudoviricetes; Bruynoghevirus; unclassified Bruynoghevirus	Pa222	Pa222_taxid_2590839	['Pseudomonas aeruginosa']	['Bacteria; Pseudomonadota; Gammaproteobacteria; Pseudomonadales; Pseudomonadaceae; Pseudomonas; Pseudomonas aeruginosa group']
2590840	Pseudomonas virus Pa223	Viruses; Duplodnaviria; Heunggongvirae; Uroviricota; Caudoviricetes; Bruynoghevirus; unclassified Bruynoghevirus	Pa223	Pa223_taxid_2590840	['Pseudomonas aeruginosa']	['Bacteria; Pseudomonadota; Gammaproteobacteria; Pseudomonadales; Pseudomonadaceae; Pseudomonas; Pseudomonas aeruginosa group']
2588096	Pseudomonas virus PBPA162	Viruses; Duplodnaviria; Heunggongvirae; Uroviricota; Caudoviricetes; unclassified Caudoviricetes	PBPA162	PBPA162_taxid_2588096	['Pseudomonas aeruginosa']	['Bacteria; Pseudomonadota; Gammaproteobacteria; Pseudomonadales; Pseudomonadaceae; Pseudomonas; Pseudomonas aeruginosa group']
462590	Pseudomonas virus Yua	Viruses; Duplodnaviria; Heunggongvirae; Uroviricota; Caudoviricetes; Mesyanzhinovviridae; Rabinowitzvirinae; Yuavirus	Yua	Yua_taxid_462590	['Pseudomonas aeruginosa']	['Bacteria; Pseudomonadota; Gammaproteobacteria; Pseudomonadales; Pseudomonadaceae; Pseudomonas; Pseudomonas aeruginosa group']
2848094	ssRNA phage LeviOr01	Viruses; Riboviria; Orthornavirae; Lenarviricota; Leviviricetes; Norzivirales; Fiersviridae; Pepevirus; Pepevirus spumicola	LeviOr01	LeviOr01_taxid_2848094	['Pseudomonas aeruginosa']	['Bacteria; Pseudomonadota; Gammaproteobacteria; Pseudomonadales; Pseudomonadaceae; Pseudomonas; Pseudomonas aeruginosa group']
