ion m/z	ion identifier	ion names	KEGG pathways	m/z delta	formula	log2 fold change at t=0	p-value log2 fold change at t=0	adjusted p-value log2 fold change at t=0	log2 fold change at t=15	p-value log2 fold change at t=15	adjusted p-value log2 fold change at t=15	log2 fold change at t=30	p-value log2 fold change at t=30	adjusted p-value log2 fold change at t=30	log2 fold change at t=45	p-value log2 fold change at t=45	adjusted p-value log2 fold change at t=45	log2 fold change at t=60	p-value log2 fold change at t=60	adjusted p-value log2 fold change at t=60	log2 fold change at t=90	p-value log2 fold change at t=90	adjusted p-value log2 fold change at t=90	log2 fold change at t=120	p-value log2 fold change at t=120	adjusted p-value log2 fold change at t=120
60,99448	"C00288;C01353;"	"Bicarbonate;CarbonicDihydrogen carbonate;H2CO3;"	"Nitrogen metabolism; ABC transporters; "	"-0,0013659;-0,0013659;"	"CH2O3;H2CO3;"	-0,293	0,304	0,527	-0,234	0,327	0,545	-0,189	0,535	0,73	-0,795	0,052	0,205	-0,568	0,114	0,239	-0,444	0,056	0,159	-0,024	0,901	0,955
71,048748	"C01412;"	"Butanal;Butyraldehyde;"	"Butanoate metabolism; "	"0,0014862;"	"C4H8O;"	0,65	0,081	0,233	-0,289	0,231	0,439	-0,101	0,968	0,987	0,444	0,347	0,553	0,732	0,037	0,137	-0,368	0,236	0,401	0,453	0,053	0,176
73,018159	"C18091;"	"Ethylnitronate;"		"-0,0012358;"	"C2H4NO2;"	-0,823	0,547	0,733	-1,505	0,082	0,271	-0,85	0,647	0,8	-1,772	0,274	0,493	-1,642	0,022	0,099	-1,512	0,147	0,285	-2,027	0,052	0,176
80,965494	"C00094;"	"Sulfite;"	"Cysteine and methionine metabolism; Taurine and hypotaurine metabolism; Sulfur metabolism; "	"-0,00031;"	"H2O3S;"	1,389	0,069	0,209	0,684	0,156	0,369	0,871	0,153	0,377	0,465	0,693	0,819	1,734	0	0,011	1,17	0,03	0,119	0,172	0,496	0,68
84,035375	"C02659;"	"Acetonealpha-Hydroxyisobutyronitrile;2-Hydroxy-2-methylpropanenitrile;2-Methyllactonitrile;Acetone cyanhydrin;2-Hydroxyisobutyronitrile;"	"Cyanoamino acid metabolism; "	"0,010108;"	"C4H7NO;"	0,549	0,423	0,617	0,508	0,7	0,844	0,848	0,874	0,932	0,81	0,419	0,63	0,728	0,758	0,82	1,694	0,499	0,645	0,631	0,86	0,946
89,023495	"C00256;C00186;C00577;"	"D-Lactate;L-Lactate;D-Glyceraldehyde;"	"Pyruvate metabolism; Glycolysis / Gluconeogenesis; Fructose and mannose metabolism; Pyruvate metabolism; Propanoate metabolism; Styrene degradation; Pentose phosphate pathway; Fructose and mannose metabolism; Galactose metabolism; Glycerolipid metabolism; "	"0,00091902;0,00091902;0,00091902;"	"C3H6O3;C3H6O3;C3H6O3;"	-1,064	0,023	0,117	-1,503	0	0,006	-1,341	0,018	0,126	-1,621	0,007	0,073	-0,336	0,287	0,428	-1,115	0,003	0,031	-0,929	0,002	0,037
98,059806	"C18796;"	"(2R)-2-Hydroxy-2-methylbutanenitrile;2-Hydroxy-2-methylbutanenitrile;"	"Cyanoamino acid metabolism; "	"0,0013277;"	"C5H9NO;"	1,024	0,003	0,046	0,755	0,001	0,023	0,946	0	0,008	1,213	0,002	0,032	1,014	0,004	0,038	1,084	0,004	0,035	1,116	0,103	0,244
101,022749	"C00349;C00109;C00232;C00164;C06002;"	"2-Methyl-3-oxopropanoate;2-Oxobutanoate;Succinic semialdehyde;Acetoacetate;3-Oxobutanoic acid;beta-Ketobutyric acid;Acetoacetic acid;(S)-Methylmalonate;"	"Valine, leucine and isoleucine degradation; Glycine, serine and threonine metabolism; Cysteine and methionine metabolism; Valine, leucine and isoleucine biosynthesis; Propanoate metabolism; C5-Branched dibasic acid metabolism; Alanine, aspartate and glutamate metabolism; Tyrosine metabolism; Butanoate metabolism; Vitamin B6 metabolism; Nicotinate and nicotinamide metabolism; Quorum sensing; Synthesis and degradation of ketone bodies; Valine, leucine and isoleucine degradation; Lysine degradation; Tyrosine metabolism; Propanoate metabolism; Styrene degradation; Butanoate metabolism; Two-component system; Valine, leucine and isoleucine degradation; Nitrotoluene degradation; Propanoate metabolism; "	"0,0016651;0,0016651;0,0016651;0,0016651;0,0016651;"	"C4H6O3;C4H6O3;C4H6O3;C4H6O3;C4H6O3;"	-1,6	0	0,007	-0,536	0,135	0,351	-0,468	0,206	0,451	-1,06	0,047	0,189	0,352	0,468	0,602	-0,281	0,135	0,269	-0,179	0,547	0,717
102,056242	"C00334;C01026;C03284;"	"4-Aminobutanoate;N,N-Dimethylglycine;L-3-Amino-isobutanoate;(S)-3-Amino-isobutyrate;L-3-Amino-isobutyrate;(S)-3-Amino-isobutanoate;(S)-3-Amino-2-methylpropanoate;"	"Alanine, aspartate and glutamate metabolism; Arginine and proline metabolism; beta-Alanine metabolism; Butanoate metabolism; Nicotinate and nicotinamide metabolism; Quorum sensing; Glycine, serine and threonine metabolism; Valine, leucine and isoleucine degradation; "	"-0,00019366;-0,00019366;-0,00019366;"	"C4H9NO2;C4H9NO2;C4H9NO2;"	-0,315	0,143	0,323	-0,086	0,441	0,644	-0,28	0,135	0,358	-0,128	0,753	0,858	-0,737	0,001	0,018	-0,08	0,868	0,925	0,203	0,353	0,567
103,003415	"C01146;C00168;C00383;"	"2-Hydroxy-3-oxopropanoate;Hydroxypyruvate;Malonate;"	"Ascorbate and aldarate metabolism; Glyoxylate and dicarboxylate metabolism; Glycine, serine and threonine metabolism; Glyoxylate and dicarboxylate metabolism; Methane metabolism; Pyrimidine metabolism; beta-Alanine metabolism; "	"0,0002631;0,0002631;0,0002631;"	"C3H4O4;C3H4O4;C3H4O4;"	-1,004	0,016	0,1	-0,624	0,029	0,174	-1,255	0,01	0,094	-1,166	0,005	0,054	-1,133	0,022	0,099	-0,947	0,008	0,048	0,606	0,689	0,825
104,034021	"C00740;C00065;"	"D-Serine;L-Serine;"	"Glycine, serine and threonine metabolism; Glycine, serine and threonine metabolism; Monobactam biosynthesis; Cysteine and methionine metabolism; Cyanoamino acid metabolism; Sphingolipid metabolism; Glyoxylate and dicarboxylate metabolism; Methane metabolism; Sulfur metabolism; Aminoacyl-tRNA biosynthesis; ABC transporters; "	"0,0012919;0,0012919;"	"C3H7NO3;C3H7NO3;"	0,018	0,836	0,907	-0,713	0,123	0,333	-0,402	0,278	0,518	-0,427	0,311	0,53	-0,409	0,268	0,416	-0,228	0,369	0,531	-0,373	0,358	0,573
112,039111	"C03912;"	"1-Pyrroline-5-carboxylate;"	"Alanine, aspartate and glutamate metabolism; Arginine and proline metabolism; Carbapenem biosynthesis; "	"0,0012874;"	"C5H7NO2;"	0,827	0,002	0,033	0,849	0,002	0,03	1,105	0	0,003	1,339	0	0,001	1,165	0	0,011	1,43	0	0,004	1,411	0,023	0,121
112,937919	"C00320;"	"Thiosulfate;"	"Cysteine and methionine metabolism; Sulfur metabolism; ABC transporters; "	"-0,00066393;"	"H2O3S2;"	0,341	0,195	0,399	0,239	0,189	0,402	0,175	0,452	0,679	0,35	0,493	0,687	0,277	0,299	0,441	0,249	0,25	0,414	-0,15	0,806	0,903
113,022683	"C07091;"	"cis-Acetylacrylate;"	"Chlorocyclohexane and chlorobenzene degradation; "	"0,0017304;"	"C5H6O3;"	-1,761	0	0,002	-1,377	0,001	0,015	-1,608	0	0,008	-2,279	0,001	0,012	-0,775	0,079	0,191	-1,479	0,005	0,04	-1,522	0,013	0,086
115,002893	"C00122;"	"Fumarate;"	"Citrate cycle (TCA cycle); Oxidative phosphorylation; Arginine biosynthesis; Alanine, aspartate and glutamate metabolism; Tyrosine metabolism; Phenylalanine metabolism; Pyruvate metabolism; Styrene degradation; Butanoate metabolism; Nicotinate and nicotinamide metabolism; Two-component system; "	"0,00078585;"	"C4H4O4;"	0,708	0,097	0,254	0,086	0,946	0,964	-0,094	0,75	0,867	0,099	0,686	0,819	0,201	0,69	0,774	-0,054	0,789	0,878	0,208	0,56	0,722
115,039544	"C00141;C03273;"	"3-Methyl-2-oxobutanoate;5-Oxopentanoate;Glutarate semialdehyde;"	"Valine, leucine and isoleucine degradation; Valine, leucine and isoleucine biosynthesis; Pantothenate and CoA biosynthesis; Lysine degradation; "	"0,00052018;0,00052018;"	"C5H8O3;C5H8O3;"	0,817	0,002	0,04	0,216	0,499	0,677	0,437	0,262	0,495	0,685	0,022	0,13	0,152	0,631	0,726	0,292	0,002	0,019	0,749	0,009	0,066
116,034165	"C03508;C00441;"	"L-2-Amino-3-oxobutanoate;L-Aspartate 4-semialdehyde;"	"Glycine, serine and threonine metabolism; Glycine, serine and threonine metabolism; Monobactam biosynthesis; Cysteine and methionine metabolism; Lysine biosynthesis; Arginine and proline metabolism; Phenylalanine, tyrosine and tryptophan biosynthesis; "	"0,001148;0,001148;"	"C4H7NO3;C4H7NO3;"	0,048	0,736	0,859	0,227	0,42	0,635	-0,161	0,565	0,747	0,057	0,916	0,952	-0,162	0,565	0,675	-0,236	0,098	0,218	-0,128	0,392	0,601
116,049075	"C00463;"	"Indole;2,3-Benzopyrrole;"	"Tryptophan metabolism; Phenylalanine, tyrosine and tryptophan biosynthesis; "	"0,0014942;"	"C8H7N;"	0,176	0,243	0,448	0,259	0,101	0,305	0,171	0,242	0,487	0,129	0,433	0,645	0,053	0,772	0,828	-0,029	0,979	0,983	0,352	0,013	0,086
116,069902	"C00719;C00183;C00431;"	"Glycine betaine;L-Valine;5-Aminopentanoate;5-Aminopentanoic acid;5-Aminovaleric acid;"	"Glycine, serine and threonine metabolism; ABC transporters; Valine, leucine and isoleucine degradation; Valine, leucine and isoleucine biosynthesis; Cyanoamino acid metabolism; Pantothenate and CoA biosynthesis; Aminoacyl-tRNA biosynthesis; ABC transporters; Lysine degradation; Arginine and proline metabolism; "	"0,0017964;0,0017964;0,0017964;"	"C5H11NO2;C5H11NO2;C5H11NO2;"	0,548	0,084	0,235	0,197	0,74	0,857	0,32	0,408	0,65	-0,002	0,872	0,934	-0,242	0,615	0,715	0,745	0,01	0,057	1,385	0,081	0,207
117,018654	"C00042;C02170;"	"Succinate;Methylmalonate;Methylmalonic acid;"	"Citrate cycle (TCA cycle); Oxidative phosphorylation; Alanine, aspartate and glutamate metabolism; Tyrosine metabolism; Phenylalanine metabolism; Chlorocyclohexane and chlorobenzene degradation; Pyruvate metabolism; Glyoxylate and dicarboxylate metabolism; Propanoate metabolism; Butanoate metabolism; Nicotinate and nicotinamide metabolism; Sulfur metabolism; Two-component system; Pyrimidine metabolism; Valine, leucine and isoleucine degradation; Propanoate metabolism; "	"0,00067456;0,00067456;"	"C4H6O4;C4H6O4;"	-0,936	0,014	0,094	-0,344	0,426	0,638	-1,149	0,037	0,178	-0,281	0,479	0,682	0,668	0,841	0,877	-0,741	0,095	0,215	-1,045	0,033	0,138
118,049466	"C00263;C00188;C05519;"	"L-Homoserine;L-Threonine;L-Allothreonine;L-allo-Threonine;"	"Glycine, serine and threonine metabolism; Cysteine and methionine metabolism; Lysine biosynthesis; Sulfur metabolism; Glycine, serine and threonine metabolism; Monobactam biosynthesis; Valine, leucine and isoleucine biosynthesis; Porphyrin and chlorophyll metabolism; Aminoacyl-tRNA biosynthesis; ABC transporters; Glycine, serine and threonine metabolism; "	"0,0014969;0,0014969;0,0014969;"	"C4H9NO3;C4H9NO3;C4H9NO3;"	0,455	0,205	0,413	-0,032	0,992	0,996	0,046	0,834	0,91	-0,039	0,759	0,862	-0,431	0,192	0,336	-0,359	0,232	0,401	-0,394	0,19	0,399
119,050695	"C00601;"	"Phenylacetaldehyde;alpha-Tolualdehyde;"	"Phenylalanine metabolism; Styrene degradation; "	"-0,00046079;"	"C8H8O;"	0,12	0,674	0,819	0,433	0,186	0,402	0,189	0,749	0,867	0,543	0,452	0,665	1,012	0,546	0,666	0,268	0,519	0,658	0,587	0,052	0,176
120,043799	"C09815;"	"Benzamide;"	"Aminobenzoate degradation; "	"0,0016848;"	"C7H7NO;"	0,518	0,019	0,105	0,574	0,016	0,116	0,323	0,143	0,367	0,345	0,013	0,094	0,251	0,05	0,15	0,459	0,003	0,031	0,357	0,059	0,181
120,928664	"C14870;"	"2-Bromoacetaldehyde;"		"0,00078298;"	"C2H3BrO;"	0,527	0,313	0,531	0,292	0,392	0,608	0,297	0,418	0,653	0,285	0,339	0,551	0,287	0,06	0,168	0,267	0,411	0,569	0,218	0,087	0,213
122,023627	"C00253;C06813;"	"Nicotinate;Nitrobenzene;Nitrobenzol;"	"Nicotinate and nicotinamide metabolism; Aminobenzoate degradation; "	"0,0011214;0,0011214;"	"C6H5NO2;C6H5NO2;"	0,627	0,082	0,233	0,427	0,222	0,437	0,443	0,212	0,452	0,267	0,146	0,347	0,278	0,249	0,397	0,349	0,118	0,244	0,32	0,388	0,6
123,044628	"C02923;C06730;"	"2,3-Dihydroxytoluene;3-Methylcatechol;4-Methylcatechol;3,4-Dihydroxytoluene;1,2-Dihydroxy-4-methylbenzene;4-Methyl-1,2-benzenediol;"	"Xylene degradation; Toluene degradation; Naphthalene degradation; Xylene degradation; Toluene degradation; Naphthalene degradation; "	"0,00052139;0,00052139;"	"C7H8O2;C7H8O2;"	0,327	0,223	0,424	-0,164	0,488	0,674	-0,21	0,435	0,666	-0,035	0,97	0,985	0,081	0,609	0,713	0,052	0,721	0,837	0,11	0,55	0,717
124,015931	"C03557;"	"(2-Aminoethyl)phosphonate;"	"Phosphonate and phosphinate metabolism; ABC transporters; "	"0,00096783;"	"C2H8NO3P;"	0,621	0,184	0,383	0,687	0,302	0,518	0,544	0,284	0,523	0,528	0,18	0,39	0,323	0,061	0,168	0,336	0,498	0,645	0,182	0,433	0,63
125,024497	"C02814;"	"Benzene-1,2,4-triol;Hydroxyhydroquinone;1,2,4-Benzenetriol;1,2,4-Trihydroxybenzene;Hydroxyquinol;"	"Chlorocyclohexane and chlorobenzene degradation; Benzoate degradation; Aminobenzoate degradation; "	"-8,36e-05;"	"C6H6O3;"	0,604	0,098	0,254	0,316	0,354	0,571	0,4	0,249	0,487	0,334	0,57	0,734	0,155	0,479	0,61	0,794	0,006	0,043	0,559	0,004	0,044
126,929085	"C18902;"	"MethylselenicMethylseleninate;"	"Selenocompound metabolism; "	"0,0012855;"	"CH4O2Se;"	0,711	0,38	0,593	-0,975	0,203	0,422	1,189	0,02	0,132	-0,432	0,707	0,83	0,427	0,286	0,428	-0,641	0,709	0,832	-0,328	0,738	0,855
127,019361	"C16472;C16473;"	"3-Fluorocatechol;4-Fluorocatechol;"	"Fluorobenzoate degradation; Fluorobenzoate degradation; "	"0,00071682;0,00071682;"	"C6H5FO2;C6H5FO2;"	-1,29	0,01	0,076	-1,311	0,001	0,023	-1,169	0,008	0,086	-1,589	0	0,001	-1,136	0,018	0,088	-1,472	0	0,001	-1,2	0,003	0,044
127,052465	"C00906;"	"5,6-Dihydrothymine;Dihydrothymine;5,6-Dihydro-5-methyluracil;"		"-0,0011679;"	"C5H8N2O2;"	0,005	0,946	0,969	0,037	0,861	0,909	-0,349	0,326	0,572	-0,004	0,98	0,986	-0,249	0,106	0,231	-0,128	0,806	0,889	-0,043	0,94	0,96
128,035351	"C04281;"	"L-1-Pyrroline-3-hydroxy-5-carboxylate;3-Hydroxy-L-1-pyrroline-5-carboxylate;(3R,5S)-1-Pyrroline-3-hydroxy-5-carboxylate;"	"Arginine and proline metabolism; "	"-3,8556e-05;"	"C5H7NO3;"	0,357	0,077	0,225	0,254	0,007	0,076	0,14	0,373	0,614	0,241	0,162	0,361	-0,135	0,669	0,761	0,015	0,882	0,934	0,415	0,198	0,408
128,070328	"C05936;"	"N4-Acetylaminobutanal;4-Acetamidobutanal;"	"Arginine and proline metabolism; "	"0,0013705;"	"C6H11NO2;"	0,703	0,006	0,056	1,27	0,035	0,196	0,864	0,044	0,208	0,712	0,157	0,358	-0,343	0,405	0,548	-0,236	0,074	0,186	-0,185	0,3	0,516
129,018557	"C00433;C00490;C02226;"	"2,5-Dioxopentanoate;2-Oxoglutarate semialdehyde;Itaconate;Itaconic acid;Methylenesuccinic acid;2-Methylmaleate;Citraconate;Citraconic acid;Methylmaleic acid;"	"Pentose and glucuronate interconversions; Ascorbate and aldarate metabolism; Arginine and proline metabolism; C5-Branched dibasic acid metabolism; Valine, leucine and isoleucine biosynthesis; C5-Branched dibasic acid metabolism; "	"0,00077183;0,00077183;0,00077183;"	"C5H6O4;C5H6O4;C5H6O4;"	0,308	0,411	0,611	0,127	0,716	0,856	-0,213	0,136	0,358	-0,301	0,078	0,265	0,076	0,227	0,372	-0,188	0,26	0,429	0,288	0,056	0,179
129,055116	"C06008;C00671;C00233;C03467;C06102;"	"(R)-2-Oxo-3-methylpentanoate;(S)-3-Methyl-2-oxopentanoate;4-Methyl-2-oxopentanoate;beta-Ketoisocaproate;beta-Ketoisocaproic acid;3-Oxo-4-methylpentanoic acid;3-Oxo-4-methylpentanoate;AdipateHexan-1-one-6-carboxylate;6-Oxohexanoate;6-Oxohexanoic acid;"	"Valine, leucine and isoleucine degradation; Valine, leucine and isoleucine biosynthesis; Valine, leucine and isoleucine degradation; Valine, leucine and isoleucine biosynthesis; Caprolactam degradation; "	"0,00059792;0,00059792;0,00059792;0,00059792;0,00059792;"	"C6H10O3;C6H10O3;C6H10O3;C6H10O3;C6H10O3;"	0,284	0,118	0,277	0,29	0,312	0,528	0,366	0,25	0,487	0,396	0,033	0,159	0,584	0,038	0,138	0,294	0,071	0,182	0,406	0,026	0,121
130,085966	"C00407;C00123;C02486;"	"L-Isoleucine;L-Leucine;(3R)-beta-Leucine;(3R)-3-Amino-4-methylpentanoic acid;(3R)-3-Amino-4-methylvaleric acid;"	"Valine, leucine and isoleucine degradation; Valine, leucine and isoleucine biosynthesis; Cyanoamino acid metabolism; Aminoacyl-tRNA biosynthesis; ABC transporters; Valine, leucine and isoleucine degradation; Valine, leucine and isoleucine biosynthesis; Aminoacyl-tRNA biosynthesis; ABC transporters; "	"0,0013822;0,0013822;0,0013822;"	"C6H13NO2;C6H13NO2;C6H13NO2;"	0,563	0,042	0,162	0,63	0,094	0,287	0,563	0,199	0,446	0,577	0,152	0,351	0,204	0,368	0,508	0,283	0,44	0,595	0,384	0,054	0,176
130,998498	"C00036;"	"Oxaloacetate;"	"Glycolysis / Gluconeogenesis; Citrate cycle (TCA cycle); Alanine, aspartate and glutamate metabolism; Benzoate degradation; Pyruvate metabolism; Glyoxylate and dicarboxylate metabolism; Methane metabolism; Two-component system; "	"9,4517e-05;"	"C4H4O5;"	0,152	0,687	0,822	0,014	0,948	0,964	-0,052	0,753	0,867	0,042	0,919	0,952	-0,079	0,765	0,825	-0,199	0,311	0,483	-0,024	0,955	0,963
131,033619	"C06010;C00489;C00900;C04181;"	"(S)-2-Acetolactate;Glutarate;2-Acetolactate;3-Hydroxy-3-methyl-2-oxobutanoic3-Hydroxy-3-methyl-2-oxobutanoate;2-Oxo-3-hydroxyisovalerate;"	"Valine, leucine and isoleucine biosynthesis; Butanoate metabolism; C5-Branched dibasic acid metabolism; Fatty acid degradation; Lysine degradation; Pantothenate and CoA biosynthesis; Valine, leucine and isoleucine biosynthesis; "	"0,0013592;0,0013592;0,0013592;0,0013592;"	"C5H8O4;C5H8O4;C5H8O4;C5H8O4;"	-0,013	0,82	0,901	0,093	0,838	0,906	-0,041	0,764	0,876	-0,207	0,172	0,38	-0,266	0,047	0,147	-0,235	0,174	0,325	-0,333	0,002	0,036
131,048543	"C00152;C02642;"	"L-Asparagine;N-Carbamoyl-beta-alanine;"	"Alanine, aspartate and glutamate metabolism; Cyanoamino acid metabolism; Aminoacyl-tRNA biosynthesis; Pyrimidine metabolism; beta-Alanine metabolism; Pantothenate and CoA biosynthesis; "	"-0,0023315;-0,0023315;"	"C4H8N2O3;C4H8N2O3;"	-0,038	0,756	0,877	0,255	0,293	0,515	-0,012	0,839	0,91	0,111	0,546	0,717	-0,099	0,356	0,501	-0,085	0,382	0,541	-0,042	0,687	0,825
131,081559	"C00077;"	"L-Ornithine;"	"Arginine biosynthesis; Arginine and proline metabolism; D-Arginine and D-ornithine metabolism; Glutathione metabolism; ABC transporters; "	"0,0010382;"	"C5H12N2O2;"	-0,224	0,31	0,531	-0,444	0,075	0,261	-0,341	0,233	0,48	-0,23	0,257	0,47	-0,363	0,014	0,077	-0,026	0,725	0,84	-0,125	0,553	0,718
132,031157	"C00049;"	"L-Aspartate;"	"Arginine biosynthesis; Alanine, aspartate and glutamate metabolism; Glycine, serine and threonine metabolism; Monobactam biosynthesis; Cysteine and methionine metabolism; Lysine biosynthesis; Histidine metabolism; beta-Alanine metabolism; Cyanoamino acid metabolism; Nicotinate and nicotinamide metabolism; Pantothenate and CoA biosynthesis; Aminoacyl-tRNA biosynthesis; ABC transporters; Two-component system; Bacterial chemotaxis; "	"-0,0009292;"	"C4H7NO4;"	-0,757	0,059	0,194	-1,042	0,045	0,219	-0,948	0,122	0,343	-0,576	0,222	0,437	-1,298	0,022	0,099	-0,888	0,106	0,223	-0,805	0,024	0,121
132,048676	"C00561;"	"Mandelonitrile;Benzaldehyde cyanohydrin;(R)-Mandelonitrile;"	"Cyanoamino acid metabolism; "	"-0,0031922;"	"C8H7NO;"	0,986	0,108	0,272	0,93	0,065	0,244	1,06	0,076	0,271	0,678	0,146	0,347	1,447	0,001	0,019	1,21	0,014	0,073	0,073	0,899	0,955
133,013081	"C00497;C00149;"	"D-Malate;L-Malate;"	"Butanoate metabolism; Citrate cycle (TCA cycle); Pyruvate metabolism; Glyoxylate and dicarboxylate metabolism; Methane metabolism; Two-component system; "	"0,0011622;0,0011622;"	"C4H6O5;C4H6O5;"	0,835	0,02	0,106	0,404	0,221	0,437	0,336	0,135	0,358	0,195	0,498	0,688	0,608	0,009	0,062	0,391	0,104	0,223	0,591	0,045	0,172
133,049458	"C04272;C01801;C04039;"	"(R)-2,3-Dihydroxy-3-methylbutanoate;Deoxyribose;2-Deoxy-D-erythro-pentose;Thyminose;2-Deoxy-D-ribose;2,3-Dihydroxy-3-methylbutanoate;2,3-Dihydroxy-isovalerate;2,3-Dihydroxy-isovaleric acid;"	"Valine, leucine and isoleucine biosynthesis; Pentose phosphate pathway; Pantothenate and CoA biosynthesis; "	"0,0011707;0,0011707;0,0011707;"	"C5H10O4;C5H10O4;C5H10O4;"	0,441	0,001	0,031	0,663	0,032	0,186	-0,243	0,828	0,91	-0,339	0,816	0,893	-0,573	0,566	0,675	-0,701	0,042	0,138	-0,366	0,236	0,447
134,045866	"C06056;"	"4-Hydroxy-L-threonine;"	"Vitamin B6 metabolism; "	"1,1502e-05;"	"C4H9NO4;"	2,345	0,002	0,04	2,631	0,001	0,021	3,046	0,001	0,022	3,247	0	0,005	3,392	0	0,011	4,136	0,001	0,014	3,257	0,028	0,126
135,029829	"C00262;"	"Hypoxanthine;"	"Purine metabolism; "	"0,0014015;"	"C5H4N4O;"	0,075	0,783	0,877	0,022	0,819	0,899	-0,25	0,454	0,679	-0,16	0,948	0,976	0,151	0,432	0,573	0,053	0,709	0,832	0,579	0,048	0,173
136,075269	"C00483;"	"Tyramine;2-(p-Hydroxyphenyl)ethylamine;"	"Tyrosine metabolism; Methane metabolism; "	"0,0015151;"	"C8H11NO;"	0,234	0,31	0,531	0,323	0,336	0,551	0,312	0,251	0,487	0,475	0,29	0,512	0,44	0,015	0,078	0,198	0,39	0,545	0,522	0,022	0,121
137,025267	"C00156;C00805;"	"4-Hydroxybenzoate;Salicylate;o-Hydroxybenzoic acid;Salicylic acid;"	"Ubiquinone and other terpenoid-quinone biosynthesis; Phenylalanine metabolism; Benzoate degradation; Toluene degradation; Aminobenzoate degradation; Phenylalanine metabolism; Naphthalene degradation; Biosynthesis of siderophore group nonribosomal peptides; "	"-0,00085363;-0,00085363;"	"C7H6O3;C7H6O3;"	0	NaN	NaN	0	NaN	NaN	-0,221	0,286	0,523	-0,221	0,286	0,506	-0,481	0,062	0,168	-0,481	0,062	0,172	-0,481	0,062	0,188
137,034082	"C00785;"	"Urocanate;"	"Histidine metabolism; "	"0,001565;"	"C6H6N2O2;"	0,47	0,323	0,54	0,305	0,338	0,552	0,17	0,359	0,602	0,234	0,37	0,578	0,182	0,435	0,573	-0,145	0,712	0,833	0,166	0,464	0,646
137,058196	"C13638;"	"1-(4'-Hydroxyphenyl)ethanol;4-Hydroxy-alpha-methyl-benzenemethanol;4-(1-Hydroxyethyl)phenol;"		"0,0026033;"	"C8H10O2;"	0,239	0,436	0,624	0,04	0,963	0,974	0,053	0,78	0,883	0,091	0,501	0,688	0,028	0,548	0,667	0,03	0,918	0,96	-0,037	0,651	0,794
139,020909	"C02359;C02364;C02371;"	"2-Fluorobenzoate;2-Fluorobenzoic acid;3-Fluorobenzoate;3-Fluorobenzoic acid;4-Fluorobenzoate;4-Fluorobenzoic acid;"	"Fluorobenzoate degradation; Fluorobenzoate degradation; Fluorobenzoate degradation; "	"-0,00083188;-0,00083188;-0,00083188;"	"C7H5FO2;C7H5FO2;C7H5FO2;"	0	NaN	NaN	0	NaN	NaN	0	NaN	NaN	0	NaN	NaN	0	NaN	NaN	-0,334	0,286	0,456	0	NaN	NaN
139,973131	"C00169;"	"Carbamoyl phosphate;"	"Arginine biosynthesis; Purine metabolism; Pyrimidine metabolism; Alanine, aspartate and glutamate metabolism; Nitrogen metabolism; "	"0,0022977;"	"CH4NO5P;"	0,053	0,984	0,99	-0,135	0,626	0,786	-0,069	0,489	0,706	-0,183	0,217	0,431	-0,177	0,224	0,372	-0,283	0,005	0,04	-0,211	0,001	0,034
140,010317	"C00346;"	"EthanolamineO-Phosphorylethanolamine;Phosphoethanolamine;O-Phosphoethanolamine;"	"Glycerophospholipid metabolism; Sphingolipid metabolism; "	"0,0014969;"	"C2H8NO4P;"	0,277	0,541	0,73	0,217	0,663	0,813	0,276	0,432	0,666	0,259	0,345	0,551	0,009	0,997	0,997	0,191	0,444	0,595	0,197	0,013	0,086
143,054238	"C14786;C14787;"	"(1R,2S)-Naphthalene(1R,2S)-Naphthalene epoxide;(1S,2R)-Naphthalene(1S,2R)-Naphthalene epoxide;"		"-0,0040029;-0,0040029;"	"C10H8O;C10H8O;"	0,962	0,004	0,048	1,555	0	0,004	1,699	0	0,008	2,139	0	0,003	2,03	0	0,01	2,389	0	0,007	2,221	0,046	0,172
144,065597	"C02946;"	"4-Acetamidobutanoate;N4-Acetylaminobutanoate;"	"Arginine and proline metabolism; "	"0,0010154;"	"C6H11NO3;"	0,243	0,615	0,779	0,154	0,794	0,89	-0,09	0,668	0,817	0,076	0,723	0,84	-0,049	0,628	0,725	0,022	0,879	0,933	-0,134	0,589	0,74
145,01277	"C00026;"	"2-Oxoglutarate;"	"Citrate cycle (TCA cycle); Pentose and glucuronate interconversions; Ascorbate and aldarate metabolism; Arginine biosynthesis; Alanine, aspartate and glutamate metabolism; Lysine biosynthesis; Histidine metabolism; Taurine and hypotaurine metabolism; D-Glutamine and D-glutamate metabolism; Glyoxylate and dicarboxylate metabolism; Butanoate metabolism; C5-Branched dibasic acid metabolism; "	"0,0014735;"	"C5H6O5;"	-0,66	0,388	0,596	-0,4	0,46	0,652	-0,127	0,976	0,991	-0,096	0,872	0,934	-0,153	0,948	0,96	0,081	0,661	0,789	0,398	0,342	0,557
145,050088	"C06006;C00966;C06104;C14463;"	"(S)-2-Aceto-2-hydroxybutanoate;2-Dehydropantoate;Adipate;Adipic acid;Hexanedioate;Hexan-1,6-dicarboxylate;(R)-3-Hydroxy-3-methyl-2-oxopentanoate;"	"Valine, leucine and isoleucine biosynthesis; Pantothenate and CoA biosynthesis; Caprolactam degradation; Valine, leucine and isoleucine biosynthesis; "	"0,00054007;0,00054007;0,00054007;0,00054007;"	"C6H10O4;C6H10O4;C6H10O4;C6H10O4;"	0,225	0,39	0,596	-0,128	0,616	0,78	-0,206	0,512	0,724	-0,209	0,282	0,506	0,065	0,615	0,715	-0,054	0,384	0,541	-0,089	0,337	0,552
145,062206	"C00064;C00819;C05100;"	"L-Glutamine;D-Glutamine;D-2-Aminoglutaramic acid;3-Ureidoisobutyrate;"	"Arginine biosynthesis; Purine metabolism; Pyrimidine metabolism; Alanine, aspartate and glutamate metabolism; D-Glutamine and D-glutamate metabolism; Glyoxylate and dicarboxylate metabolism; Nitrogen metabolism; Aminoacyl-tRNA biosynthesis; ABC transporters; Two-component system; D-Glutamine and D-glutamate metabolism; "	"-0,00034398;-0,00034398;-0,00034398;"	"C5H10N2O3;C5H10N2O3;C5H10N2O3;"	-0,598	0,399	0,6	-0,531	0,153	0,365	-0,79	0,209	0,451	-0,495	0,038	0,166	-0,843	0,009	0,062	-0,905	0,051	0,151	-0,419	0,223	0,432
146,046417	"C00979;C00217;C00025;C05938;"	"O-Acetyl-L-serine;D-Glutamate;L-Glutamate;L-4-Hydroxyglutamate;"	"Cysteine and methionine metabolism; Sulfur metabolism; Sulfur relay system; D-Glutamine and D-glutamate metabolism; Arginine biosynthesis; Alanine, aspartate and glutamate metabolism; Arginine and proline metabolism; Carbapenem biosynthesis; Histidine metabolism; Taurine and hypotaurine metabolism; D-Glutamine and D-glutamate metabolism; Glutathione metabolism; Glyoxylate and dicarboxylate metabolism; Butanoate metabolism; C5-Branched dibasic acid metabolism; Porphyrin and chlorophyll metabolism; Nitrogen metabolism; Aminoacyl-tRNA biosynthesis; ABC transporters; Two-component system; Arginine and proline metabolism; "	"-0,00053953;-0,00053953;-0,00053953;-0,00053953;"	"C5H9NO4;C5H9NO4;C5H9NO4;C5H9NO4;"	-0,882	0,098	0,254	-0,698	0,08	0,27	-0,985	0,011	0,102	-0,621	0,159	0,36	-1,097	0,008	0,059	-0,88	0,006	0,042	-0,272	0,256	0,465
147,028292	"C02612;C02630;C06032;"	"(R)-2-Methylmalate;(R)-2-Methylmalic acid;(3R)-Citramalate;(3R)-Citramalic acid;(3R)-alpha-Hydroxypyrotartaric acid;D-Citramalate;D-Citramalic acid;D-alpha-Hydroxypyrotartaric acid;(2R)-2-Hydroxy-2-methylbutanedioate;2-Hydroxyglutarate;alpha-Hydroxyglutarate;D-erythro-3-Methylmalate;(2R,3S)-3-Methylmalate;"	"Valine, leucine and isoleucine biosynthesis; C5-Branched dibasic acid metabolism; Butanoate metabolism; C5-Branched dibasic acid metabolism; Valine, leucine and isoleucine biosynthesis; C5-Branched dibasic acid metabolism; "	"0,0016013;0,0016013;0,0016013;"	"C5H8O5;C5H8O5;C5H8O5;"	-0,517	0,008	0,067	-0,588	0,093	0,287	-0,419	0,365	0,606	-0,902	0,064	0,231	0,067	0,818	0,859	0,467	0,553	0,684	0,36	0,673	0,813
147,065682	"C06007;C00522;"	"(R)-2,3-Dihydroxy-3-methylpentanoate;(R)-Pantoate;"	"Valine, leucine and isoleucine biosynthesis; Pantothenate and CoA biosynthesis; "	"0,00059627;0,00059627;"	"C6H12O4;C6H12O4;"	-0,058	0,566	0,749	-0,15	0,571	0,74	-0,251	0,349	0,598	-0,286	0,364	0,572	-0,461	0,181	0,323	-0,29	0,287	0,456	-0,17	0,466	0,646
148,032141	"C03742;"	"(S)-4-Hydroxymandelonitrile;"	"Cyanoamino acid metabolism; "	"0,0082568;"	"C8H7NO2;"	-0,573	0,001	0,024	-0,421	0,188	0,402	-0,55	0,26	0,495	-0,723	0,131	0,332	-0,197	0,513	0,634	0,429	0,582	0,711	0,612	0,376	0,59
148,04655	"C00855;C00073;"	"D-Methionine;L-Methionine;"	"ABC transporters; Cysteine and methionine metabolism; Aminoacyl-tRNA biosynthesis; "	"-0,0027811;-0,0027811;"	"C5H11NO2S;C5H11NO2S;"	0,277	0,388	0,596	0,465	0,141	0,357	0,138	0,609	0,774	0,602	0,245	0,461	0,37	0,061	0,168	0,851	0,004	0,033	0,818	0,076	0,198
149,023997	"C02137;"	"alpha-Oxo-benzeneaceticBenzoylformate;Benzoylformic acid;Phenylglyoxylic acid;Phenylglyoxylate;2-Oxo-2-phenylacetate;"	"Phenylalanine metabolism; Aminobenzoate degradation; "	"0,00041657;"	"C8H6O3;"	0,413	0,04	0,162	0,557	0,073	0,26	0,368	0,068	0,261	0,832	0,193	0,404	0,898	0,17	0,313	0,376	0,044	0,14	0,478	0,049	0,176
149,045438	"C00121;C00310;"	"D-Ribose;D-Xylulose;D-threo-Pentulose;D-Lyxulose;"	"Pentose phosphate pathway; ABC transporters; Bacterial chemotaxis; Pentose and glucuronate interconversions; "	"0,00010512;0,00010512;"	"C5H10O5;C5H10O5;"	-0,179	0,403	0,604	-0,35	0,209	0,424	-0,274	0,057	0,233	-0,382	0,036	0,162	0,003	0,94	0,96	-0,288	0,007	0,048	0,035	0,75	0,864
150,039845	"C00242;"	"Guanine;"	"Purine metabolism; "	"0,0022846;"	"C5H5N5O;"	0,28	0,07	0,209	0,601	0	0,015	0,183	0,079	0,275	0,481	0,134	0,333	0,284	0,046	0,147	0,386	0,067	0,179	0,348	0,05	0,176
151,007635	"C02380;"	"6-Mercaptopurine;Mercaptopurine;"		"0,00075176;"	"C5H4N4S;"	-0,063	0,651	0,802	-0,339	0,152	0,365	-0,297	0,492	0,708	-0,208	0,055	0,21	-0,134	0,423	0,566	-0,443	0,022	0,098	-0,351	0,059	0,181
151,025371	"C00385;"	"Xanthine;"	"Purine metabolism; "	"0,00077465;"	"C5H4N4O2;"	0,472	0,113	0,275	0,246	0,208	0,424	0,105	0,518	0,725	0,302	0,035	0,159	0,198	0,163	0,307	0,077	0,694	0,82	0,102	0,409	0,617
151,039397	"C00642;C04043;C05593;C05852;C13635;"	"4-Hydroxyphenylacetate;3,4-Dihydroxyphenylacetaldehyde;Protocatechuatealdehyde;3-Hydroxyphenylacetate;3-Hydroxyphenylacetic acid;2-Hydroxyphenylacetate;2-Hydroxyphenylacetic acid;4-Hydroxyphenacyl2,4'-Dihydroxyacetophenone;"	"Tyrosine metabolism; Phenylalanine metabolism; Tyrosine metabolism; Tyrosine metabolism; Phenylalanine metabolism; Styrene degradation; Phenylalanine metabolism; Styrene degradation; "	"0,00066715;0,00066715;0,00066715;0,00066715;0,00066715;"	"C8H8O3;C8H8O3;C8H8O3;C8H8O3;C8H8O3;"	0,552	0,019	0,104	0,519	0,012	0,104	0,522	0,061	0,238	0,7	0,012	0,094	0,777	0,085	0,199	0,561	0,006	0,04	0,601	0,007	0,061
151,11217	"C11938;C11941;"	"Myrtenol;2-Pinen-10-ol;Pinocarveol;"	"Limonene and pinene degradation; Limonene and pinene degradation; "	"0,00066432;0,00066432;"	"C10H16O;C10H16O;"	-0,256	0,176	0,371	-0,179	0,14	0,357	-0,093	0,641	0,799	-0,097	0,584	0,747	0,46	0,068	0,176	0,07	0,547	0,682	0,013	0,941	0,96
152,033421	"C00632;"	"3-Hydroxyanthranilate;3-Hydroxyanthranilic acid;"	"Tryptophan metabolism; Aminobenzoate degradation; "	"0,0018913;"	"C7H7NO3;"	0,445	0,082	0,233	0,376	0,293	0,515	0,329	0,413	0,65	0,267	0,239	0,456	0,309	0,063	0,168	0,21	0,371	0,531	0,09	0,662	0,805
152,071327	"C03758;"	"Dopamine;4-(2-Aminoethyl)-1,2-benzenediol;4-(2-Aminoethyl)benzene-1,2-diol;3,4-Dihydroxyphenethylamine;2-(3,4-Dihydroxyphenyl)ethylamine;"	"Tyrosine metabolism; "	"0,00037153;"	"C8H11NO2;"	0,632	0,025	0,121	0,542	0,168	0,382	0,486	0,097	0,3	0,529	0,088	0,275	0,265	0,161	0,305	0,304	0,382	0,541	0,523	0,007	0,061
153,019961	"C00196;C00230;C00628;"	"2,3-Dihydroxybenzoate;3,4-Dihydroxybenzoate;2,5-Dihydroxybenzoate;2,5-Dihydroxybenzoic acid;Gentisic acid;Hydroquinonecarboxylic acid;Gentisate;"	"Benzoate degradation; Aminobenzoate degradation; Biosynthesis of siderophore group nonribosomal peptides; Benzoate degradation; Phenylalanine, tyrosine and tryptophan biosynthesis; Toluene degradation; Aminobenzoate degradation; Tyrosine metabolism; Benzoate degradation; Naphthalene degradation; "	"-0,00063282;-0,00063282;-0,00063282;"	"C7H6O4;C7H6O4;C7H6O4;"	-0,343	0,043	0,163	-0,298	0,084	0,272	-0,345	0,272	0,509	-0,427	0,011	0,086	-0,17	0,338	0,487	-0,334	0,044	0,14	-0,304	0,084	0,21
153,128306	"C09848;C11384;"	"(R)-(+)-Citronellal;(S)-(-)-Citronellal;(S)-3,7-Dimethyloct-6-enal;"	"Geraniol degradation; Geraniol degradation; "	"0,00017845;0,00017845;"	"C10H18O;C10H18O;"	-0,021	0,781	0,877	0,23	0,262	0,474	-0,209	0,207	0,451	0,002	0,958	0,978	0,689	0,144	0,281	-0,374	0,026	0,111	-0,211	0,219	0,428
154,013555	"C02235;"	"4-Nitrocatechol;"	"Aminobenzoate degradation; "	"0,001022;"	"C6H5NO4;"	-0,006	0,85	0,914	-0,181	0,202	0,422	-0,102	0,567	0,747	-0,05	0,775	0,872	-0,301	0,08	0,191	-0,382	0,149	0,286	-0,086	0,626	0,772
154,061202	"C00135;"	"L-Histidine;"	"Histidine metabolism; beta-Alanine metabolism; Aminoacyl-tRNA biosynthesis; ABC transporters; "	"0,00099451;"	"C6H9N3O2;"	1,054	0,025	0,121	0,243	0,5	0,677	0,319	0,197	0,446	0,389	0,039	0,169	-0,206	0,309	0,455	0,345	0,017	0,08	0,503	0,005	0,05
155,034729	"C04171;C04112;C04558;C04559;C06321;"	"2,3-Dihydro-2,3-dihydroxybenzoate;3-Methyl-cis,cis-hexadienedioate;3-Methyl-cis,cis-muconate;3-Methylmuconolactone;4-Carboxymethyl-3-methylbut-2-en-1,4-olide;4-Methylmuconolactone;4-Carboxymethyl-4-methylbut-2-en-1,4-olide;(1R,6S)-1,6-Dihydroxycyclohexa-2,4-diene-1-carboxylate;cis-1,2-Dihydroxycyclohexa-3,5-diene-1-carboxylate;cis-1,6-Dihydroxy-2,4-cyclohexadiene-1-carboxylic acid;"	"Biosynthesis of siderophore group nonribosomal peptides; Toluene degradation; Toluene degradation; Toluene degradation; Benzoate degradation; "	"0,00024937;0,00024937;0,00024937;0,00024937;0,00024937;"	"C7H8O4;C7H8O4;C7H8O4;C7H8O4;C7H8O4;"	-0,284	0,391	0,596	-0,427	0,184	0,402	-0,473	0,119	0,339	-0,552	0,096	0,284	-0,354	0,234	0,377	-0,533	0,029	0,117	0,042	0,86	0,946
155,143374	"C09849;C11386;"	"beta-Citronellol;(R)-(+)-Citronellol;(-)-Citronellol;"	"Geraniol degradation; Geraniol degradation; "	"0,00076017;0,00076017;"	"C10H20O;C10H20O;"	0,617	0,006	0,056	0,667	0,165	0,382	-0,224	0,555	0,746	1,181	0,223	0,437	0,901	0,072	0,184	0,607	0,094	0,214	0,008	0,892	0,955
157,05165	"C02631;"	"2-Isopropylmaleate;"	"Valine, leucine and isoleucine biosynthesis; "	"-0,0010214;"	"C7H10O4;"	-0,109	0,638	0,796	-0,474	0,028	0,171	-0,092	0,561	0,747	-0,952	0,057	0,211	-0,547	0,091	0,205	-0,51	0,044	0,14	-0,331	0,175	0,376
157,065364	"C02909;C14089;"	"(2-Naphthyl)methanol;2-Naphthalenemethanol;2-Hydroxymethylnaphthalene;1-Hydroxymethylnaphthalene;1-Naphthalenemethanol;"	"Naphthalene degradation; Naphthalene degradation; "	"0,00052086;0,00052086;"	"C11H10O;C11H10O;"	0,064	0,689	0,822	0,086	0,734	0,856	0,063	0,646	0,8	-0,153	0,302	0,523	0,088	0,556	0,674	-0,096	0,447	0,595	0,067	0,44	0,633
159,030012	"C00846;C00322;"	"3-Oxoadipate;2-Oxoadipate;2-Oxoadipic acid;"	"Benzoate degradation; Lysine biosynthesis; Lysine degradation; Tryptophan metabolism; Methane metabolism; "	"-0,00011884;-0,00011884;"	"C6H8O5;C6H8O5;"	-0,11	0,772	0,877	0,033	0,797	0,89	-0,075	0,801	0,892	-0,315	0,125	0,323	-0,084	0,769	0,827	-0,162	0,205	0,362	0,001	0,943	0,96
159,076391	"C00993;"	"D-Alanyl-D-alanine;"	"D-Alanine metabolism; Peptidoglycan biosynthesis; "	"0,0011208;"	"C6H12N2O3;"	-0,123	0,187	0,387	0,039	0,851	0,907	0,093	0,529	0,728	0,12	0,53	0,71	0,149	0,434	0,573	0,368	0,106	0,223	0,295	0,284	0,498
160,0416	"C05637;C05639;C16716;"	"4,8-Dihydroxyquinoline;Quinoline-4,8-diol;4,6-Dihydroxyquinoline;Quinoline-4,6-diol;4-Hydroxy-2-quinolone;4-Hydroxy-2(1H)-quinolone;2,4-Dihydroxyquinoline;"	"Tryptophan metabolism; Tryptophan metabolism; "	"-0,001202;-0,001202;-0,001202;"	"C9H7NO2;C9H7NO2;C9H7NO2;"	1,505	0,005	0,052	1,361	0,009	0,09	1,449	0,028	0,157	1,007	0,087	0,275	1,766	0,012	0,069	1,426	0,046	0,143	1,381	0,072	0,197
160,060102	"C01077;"	"O-Acetyl-L-homoserine;"	"Cysteine and methionine metabolism; "	"0,0014256;"	"C6H11NO4;"	0,479	0,162	0,351	0,792	0,053	0,23	0,978	0,003	0,04	0,916	0	0,007	0,766	0,011	0,068	0,976	0,024	0,104	0,929	0,068	0,195
161,044713	"C00182;"	"glycogen;"		"0,00083015;"	"C6H10O5;"	0,227	0,415	0,612	0,551	0,006	0,073	0,623	0,001	0,03	0,028	0,99	0,99	0,909	0,001	0,018	0,762	0,099	0,219	0,833	0,221	0,43
162,04366	"C05947;"	"L-erythro-4-Hydroxyglutamate;"	"Arginine and proline metabolism; "	"-0,0028679;"	"C5H9NO5;"	-0,199	0,254	0,461	-0,139	0,223	0,437	-0,234	0,124	0,343	-0,197	0,33	0,543	-0,31	0,254	0,401	-0,389	0,309	0,483	0,009	0,972	0,974
163,039762	"C00166;C05838;"	"Phenylpyruvate;cis-2-Hydroxycinnamate;2-Coumarinate;"	"Phenylalanine metabolism; Phenylalanine, tyrosine and tryptophan biosynthesis; "	"0,00030218;0,00030218;"	"C9H8O3;C9H8O3;"	0,617	0,113	0,275	0,644	0,064	0,244	0,673	0,056	0,233	1,139	0,12	0,318	1,322	0,111	0,234	0,537	0,047	0,143	0,489	0,033	0,138
164,038799	"C02989;"	"L-Methionine S-oxide;"	"Cysteine and methionine metabolism; "	"-0,00011507;"	"C5H11NO3S;"	0,702	0,012	0,082	0,386	0,118	0,331	0,207	0,439	0,666	0,123	0,51	0,691	0,309	0,288	0,428	-0,102	0,958	0,972	-0,98	0,177	0,379
164,072243	"C00079;C02265;"	"L-Phenylalanine;D-Phenylalanine;D-alpha-Amino-beta-phenylpropionic acid;"	"Phenylalanine metabolism; Phenylalanine, tyrosine and tryptophan biosynthesis; Cyanoamino acid metabolism; Aminoacyl-tRNA biosynthesis; ABC transporters; Phenylalanine metabolism; "	"-0,00054486;-0,00054486;"	"C9H11NO2;C9H11NO2;"	0,095	0,609	0,773	0,045	0,769	0,873	-0,187	0,461	0,684	0,086	0,509	0,691	-0,442	0,018	0,088	0,143	0,16	0,302	0,458	0,038	0,149
165,019122	"C03590;"	"4-Hydroxyphenylglyoxylate;4-Hydroxybenzoylformate;4-Hydroxyphenylglyoxylic acid;"	"Monobactam biosynthesis; Aminobenzoate degradation; "	"0,00020623;"	"C8H6O4;"	0,364	0,014	0,095	0,484	0,007	0,076	0,438	0,172	0,402	0,694	0,314	0,531	0,927	0,052	0,153	0,333	0,048	0,146	0,345	0,209	0,417
165,055614	"C05581;"	"3-Methoxy-4-hydroxyphenylacetaldehyde;(4-Hydroxy-3-methoxyphenyl)acetaldehyde;Homovanillin;"	"Tyrosine metabolism; "	"9,9883e-05;"	"C9H10O3;"	0,066	0,584	0,762	0,226	0,081	0,271	0,099	0,501	0,718	0,619	0,191	0,403	1,038	0,184	0,326	0,288	0,01	0,057	0,268	0,239	0,448
166,019895	"C07648;"	"Thioguanine;"		"-0,00060967;"	"C5H5N5S;"	0,493	0,046	0,169	0,139	0,044	0,219	0,197	0,075	0,271	0,163	0,687	0,819	0,299	0,146	0,284	0,038	0,501	0,645	0,133	0,313	0,531
166,087663	"C05587;"	"3-Methoxytyramine;"	"Tyrosine metabolism; "	"-0,0003148;"	"C9H13NO2;"	0,792	0,001	0,031	0,808	0,026	0,164	0,84	0,002	0,034	0,625	0,057	0,211	1,099	0,001	0,015	0,858	0	0,001	0,755	0,008	0,061
166,97722	"C00074;"	"Phosphoenolpyruvate;"	"Glycolysis / Gluconeogenesis; Citrate cycle (TCA cycle); Phenylalanine, tyrosine and tryptophan biosynthesis; Phosphonate and phosphinate metabolism; Pyruvate metabolism; Methane metabolism; Phosphotransferase system (PTS); "	"-0,0021264;"	"C3H5O6P;"	-0,181	0,355	0,566	-0,275	0,043	0,219	-0,621	0,128	0,346	-0,403	0,139	0,338	-0,648	0,025	0,104	-0,353	0,155	0,297	-0,225	0,331	0,548
167,022601	"C00366;"	"Urate;"	"Purine metabolism; "	"-0,0015411;"	"C5H4N4O3;"	0,286	0,219	0,419	0,254	0,188	0,402	-0,058	0,741	0,867	-0,128	0,415	0,626	0,649	0,026	0,107	0,728	0,265	0,432	0,279	0,03	0,132
167,036939	"C01161;C00544;C05577;"	"3,4-Dihydroxyphenylacetate;Homogentisate;3,4-Dihydroxymandelaldehyde;3,4-Dihydroxyphenylglycolaldehyde;"	"Tyrosine metabolism; Ubiquinone and other terpenoid-quinone biosynthesis; Tyrosine metabolism; Styrene degradation; Tyrosine metabolism; "	"-0,0019608;-0,0019608;-0,0019608;"	"C8H8O4;C8H8O4;C8H8O4;"	0,746	0,005	0,052	0,377	0,006	0,073	0,406	0,222	0,467	0,249	0,008	0,075	0,359	0,01	0,065	0,347	0	0,006	0,236	0,044	0,169
167,95889	"C05688;"	"L-Selenocysteine;"	"Selenocompound metabolism; "	"-0,0019703;"	"C3H7NO2Se;"	1,31	0,002	0,037	0,856	0,383	0,603	0,842	0,078	0,275	0,521	0,448	0,664	1,541	0,044	0,146	1,327	0,207	0,362	-0,013	0,919	0,96
168,006824	"C11638;"	"3-Amino-2-oxopropyl1-Amino-3-(phosphohydroxy)propan-2-one;"	"Vitamin B6 metabolism; "	"-9,5172e-05;"	"C3H8NO5P;"	0,083	0,736	0,859	-0,284	0,249	0,462	-0,346	0,114	0,33	-0,048	0,809	0,893	-0,249	0,277	0,421	-0,195	0,42	0,578	-0,129	0,496	0,68
168,064864	"C00314;C00547;"	"Pyridoxine;Pyridoxol;L-Noradrenaline;Noradrenaline;Norepinephrine;Arterenol;4-[(1R)-2-Amino-1-hydroxyethyl]-1,2-benzenediol;"	"Vitamin B6 metabolism; Tyrosine metabolism; Two-component system; Quorum sensing; "	"0,0017486;0,0017486;"	"C8H11NO3;C8H11NO3;"	0,459	0,158	0,347	0,371	0,273	0,488	0,382	0,262	0,495	0,501	0,054	0,207	0,118	0,607	0,713	0,247	0,334	0,507	0,255	0,054	0,176
168,076118	"C01152;"	"N(pi)-Methyl-L-histidine;N-pros-Methyl-L-histidine;3-Methylhistidine;1-Methylhistidine;"	"Histidine metabolism; "	"0,0017278;"	"C7H11N3O2;"	0,259	0,227	0,424	0,15	0,633	0,79	0,243	0,171	0,402	0,046	0,954	0,978	0,042	0,688	0,774	0,238	0,038	0,13	0,025	0,954	0,963
169,017887	"C01424;"	"Gallate;Gallic acid;3,4,5-Trihydroxybenzoic acid;3,4,5-Trihydroxybenzoate;Pyrogallol-5-carboxylic acid;"	"Aminobenzoate degradation; "	"-0,0036438;"	"C7H6O5;"	0,11	0,782	0,877	-0,286	0,26	0,474	-0,144	0,533	0,73	-0,29	0,151	0,351	-0,206	0,231	0,375	-0,123	0,488	0,64	-0,214	0,335	0,551
169,049458	"C05576;C06720;C06729;C06731;"	"3,4-Dihydroxyphenylethyleneglycol;1,6-Dihydroxy-5-methylcyclohexa-2,4-dienecarboxylate;1,2-Dihydroxy-3-methylcyclohexa-3,5-dienecarboxylate;cis-1,2-Dihydroxy-4-methylcyclohexa-3,5-diene-1-carboxylate;4-Methylcyclohexa-3,5-diene-1,2-cis-diol-1-carboxylic acid;1,2-Dihydroxy-6-methylcyclohexa-3,5-dienecarboxylate;"	"Tyrosine metabolism; Xylene degradation; Xylene degradation; Xylene degradation; "	"0,0011702;0,0011702;0,0011702;0,0011702;"	"C8H10O4;C8H10O4;C8H10O4;C8H10O4;"	-0,219	0,227	0,424	-0,404	0,022	0,148	-0,219	0,217	0,46	-0,221	0,106	0,304	-0,166	0,131	0,264	-0,385	0,024	0,104	-0,116	0,403	0,613
169,122628	"C16462;"	"Citronellate;Citronellic acid;3,7-Dimethyl-6-octenoic acid;"	"Geraniol degradation; "	"0,00077164;"	"C10H18O2;"	0,278	0,491	0,685	0,521	0,123	0,333	0,474	0,004	0,045	0,535	0,01	0,086	0,39	0,056	0,162	0,186	0,55	0,683	0,484	0,023	0,121
170,045611	"C03972;"	"2,3,4,5-Tetrahydrodipicolinate;"	"Monobactam biosynthesis; Lysine biosynthesis; "	"0,00026675;"	"C7H9NO4;"	0,002	0,894	0,934	0,14	0,554	0,725	0,154	0,382	0,62	-0,004	0,814	0,893	0,179	0,227	0,372	0,187	0,206	0,362	-0,25	0,024	0,121
170,07921	"C11837;"	"N-Butyryl-L-homoserine;"	"Quorum sensing; Biofilm formation; "	"0,0030526;"	"C8H13NO3;"	-0,024	0,832	0,907	0,141	0,736	0,856	0,101	0,769	0,879	0,014	0,908	0,952	-0,207	0,346	0,496	-0,234	0,341	0,509	-0,004	0,871	0,946
170,945816	"C14839;C14840;"	"Bromobenzene-3,4-oxide;Bromobenzene-3,4-epoxide;Bromobenzene-2,3-oxide;Bromobenzene-2,3-epoxide;"		"-0,00071875;-0,00071875;"	"C6H5BrO;C6H5BrO;"	1,756	0,029	0,136	0,194	0,843	0,906	1,07	0,085	0,284	0,411	0,806	0,893	1,284	0,091	0,205	0,101	0,741	0,847	0,767	0,201	0,411
170,997741	"C00093;"	"sn-Glycerol 3-phosphate;"	"Glycerolipid metabolism; Glycerophospholipid metabolism; ABC transporters; "	"0,0086526;"	"C3H9O6P;"	1,151	0,009	0,07	0,31	0,501	0,677	0,584	0,144	0,367	0,871	0,206	0,42	1,416	0,038	0,138	0,932	0,003	0,027	0,366	0,448	0,642
171,006201	"C00093;"	"sn-Glycerol 3-phosphate;"	"Glycerolipid metabolism; Glycerophospholipid metabolism; ABC transporters; "	"0,00019347;"	"C3H9O6P;"	-1,034	0,017	0,1	-0,788	0,014	0,11	0,015	0,836	0,91	-0,278	0,343	0,551	-0,322	0,273	0,419	-0,124	0,691	0,819	-0,133	0,572	0,731
171,029796	"C02637;C03063;C05600;"	"3-Dehydroshikimate;2-Oxohept-3-enedioate;2-Oxohept-3-ene-1,7-dioate;2-Hydroxyhepta-2,4-dienedioate;2-Hydroxyhepta-2,4-diene-1,7-dioate;"	"Phenylalanine, tyrosine and tryptophan biosynthesis; Tyrosine metabolism; Tyrosine metabolism; "	"9,7457e-05;9,7457e-05;9,7457e-05;"	"C7H8O5;C7H8O5;C7H8O5;"	-0,692	0,033	0,147	-0,619	0,003	0,059	-0,59	0,052	0,222	-0,868	0,006	0,067	-0,536	0,039	0,141	-0,805	0,007	0,048	-0,603	0,004	0,044
172,070236	"C03771;"	"5-Guanidino-2-oxopentanoate;5-Guanidino-2-oxo-pentanoate;2-Oxo-5-guanidinopentanoate;2-Oxo-5-guanidino-pentanoate;2-Oxoarginine;"	"Arginine and proline metabolism; D-Arginine and D-ornithine metabolism; "	"0,0025246;"	"C6H11N3O3;"	0,609	0	0,01	0,416	0,024	0,159	0,414	0,211	0,452	0,453	0,054	0,207	0,241	0,212	0,362	0,417	0,011	0,062	0,233	0,023	0,121
173,010863	"C00417;"	"cis-Aconitate;cis-Aconitic acid;"	"Citrate cycle (TCA cycle); Glyoxylate and dicarboxylate metabolism; C5-Branched dibasic acid metabolism; "	"-0,0017051;"	"C6H6O6;"	0,051	1	1	-0,38	0,084	0,272	-0,239	0,362	0,605	-0,356	0,223	0,437	-0,341	0,021	0,097	-0,298	0,236	0,401	0,001	0,908	0,955
173,04485	"C00493;C04236;"	"Shikimate;(2S)-2-Isopropyl-3-oxosuccinate;3-Carboxy-4-methyl-2-oxopentanoate;2-Oxo-4-methyl-3-carboxypentanoate;"	"Phenylalanine, tyrosine and tryptophan biosynthesis; Valine, leucine and isoleucine biosynthesis; "	"0,00069261;0,00069261;"	"C7H10O5;C7H10O5;"	-1,292	0,004	0,048	-1,01	0,004	0,059	-0,933	0,001	0,022	-1,213	0	0,002	-0,873	0,008	0,058	-1,104	0	0,004	-1,056	0,001	0,034
174,040698	"C01045;"	"N-Formyl-L-glutamate;"	"Histidine metabolism; "	"9,3624e-05;"	"C6H9NO5;"	-0,325	0,433	0,624	-0,166	0,434	0,642	-0,145	0,433	0,666	-0,493	0,014	0,098	-0,232	0,035	0,133	-0,111	0,446	0,595	0,396	0,281	0,496
174,054457	"C00954;C05634;"	"Indole-3-acetate;Indole-3-acetic acid;(Indol-3-yl)acetate;Indoleacetate;Indoleacetic acid;IAA;5-Hydroxyindoleacetaldehyde;"	"Tryptophan metabolism; Tryptophan metabolism; "	"0,0015911;0,0015911;"	"C10H9NO2;C10H9NO2;"	-0,284	0,086	0,238	0,047	0,84	0,906	-0,152	0,412	0,65	-0,47	0,248	0,462	0,468	0,081	0,193	-0,036	0,942	0,969	0,334	0,491	0,679
174,087247	"C00327;"	"L-Citrulline;"	"Arginine biosynthesis; "	"0,0011635;"	"C6H13N3O3;"	-0,189	0,33	0,547	-0,158	0,302	0,518	-0,21	0,163	0,386	-0,16	0,245	0,461	-0,081	0,269	0,417	-0,1	0,496	0,645	-0,139	0,254	0,465
175,038874	"C00438;"	"N-Carbamoyl-L-aspartate;"	"Pyrimidine metabolism; Alanine, aspartate and glutamate metabolism; "	"-0,0028328;"	"C5H8N2O5;"	-0,242	0,155	0,346	-0,55	0,019	0,13	-0,409	0,222	0,467	-0,428	0,259	0,472	-0,609	0,003	0,034	-0,278	0,278	0,45	-0,239	0,343	0,557
175,06292	"C04411;C02504;"	"3-Carboxy-2-hydroxy-4-methylpentanoate;3-Carboxy-3-hydroxy-4-methylpentanoate;"	"Valine, leucine and isoleucine biosynthesis; Valine, leucine and isoleucine biosynthesis; Pyruvate metabolism; "	"-0,0017269;-0,0017269;"	"C7H12O5;C7H12O5;"	1,029	0,344	0,559	-1,113	0,249	0,462	0,992	0,731	0,865	-2,249	0,124	0,322	-1,116	0,161	0,305	-0,236	0,405	0,563	-0,49	0,251	0,465
175,087968	"C00780;"	"Serotonin;3-(2-Aminoethyl)-1H-indol-5-ol;5-Hydroxytryptamine;Enteramine;"	"Tryptophan metabolism; "	"-0,00028522;"	"C10H12N2O;"	0,581	0,338	0,558	-0,422	0,547	0,719	0,6	0,748	0,867	-0,824	0,493	0,687	-0,724	0,289	0,428	-0,012	0,816	0,895	-0,138	0,509	0,689
177,040258	"C03926;C00198;"	"3-Dehydro-2-deoxy-D-gluconate;D-Glucono-1,5-lactone;"	"Pentose phosphate pathway; "	"0,00019914;0,00019914;"	"C6H10O6;C6H10O6;"	-0,23	0,063	0,203	-0,225	0,16	0,373	-0,219	0,055	0,23	-0,643	0,035	0,159	-0,278	0,144	0,281	-0,31	0,075	0,186	-0,005	0,817	0,913
177,067124	"C14315;"	"Anthracene;"		"0,0038464;"	"C14H10;"	0,342	0,365	0,571	-0,341	0,489	0,674	0,224	0,93	0,967	-0,586	0,332	0,543	-0,739	0,075	0,186	-0,287	0,204	0,362	-0,078	0,456	0,643
178,049995	"C01586;"	"Hippurate;Hippuric acid;N-Benzoylglycine;Benzoylaminoacetic acid;"	"Phenylalanine metabolism; "	"0,0009682;"	"C9H9NO3;"	0,022	0,971	0,988	0,189	0,414	0,634	0,054	0,626	0,783	0	0,911	0,952	0,103	0,482	0,61	-0,071	0,599	0,728	0,148	0,547	0,717
178,074165	"C16675;"	"7-Aminomethyl-7-carbaguanine;7-Aminomethyl-7-deazaguanine;"	"Folate biosynthesis; "	"-0,00073545;"	"C7H9N5O;"	0,084	0,65	0,802	0,149	0,508	0,681	0,21	0,126	0,345	-0,072	0,628	0,777	0,087	0,878	0,906	-0,082	0,594	0,724	-0,392	0,065	0,192
179,037229	"C01179;"	"3-(4-Hydroxyphenyl)pyruvate;"	"Ubiquinone and other terpenoid-quinone biosynthesis; Monobactam biosynthesis; Tyrosine metabolism; Phenylalanine, tyrosine and tryptophan biosynthesis; Novobiocin biosynthesis; Methane metabolism; "	"-0,0022504;"	"C9H8O4;"	-0,007	0,924	0,956	-0,02	0,944	0,964	0,04	0,817	0,901	-0,048	0,814	0,893	0,116	0,56	0,675	-0,14	0,18	0,333	-0,157	0,327	0,547
179,056267	"C02782;C00031;C00095;C00137;C00221;C00267;C02336;"	"2-Deoxy-D-gluconate;D-Glucose;D-Fructose;Levulose;Fruit sugar;D-arabino-Hexulose;myo-Inositol;D-myo-Inositol;1D-myo-Inositol;L-myo-Inositol;1L-myo-Inositol;meso-Inositol;Inositol;Dambose;Cyclohexitol;Meat sugar;Bios I;beta-D-Glucose;alpha-D-Glucose;beta-D-Fructose;beta-Fruit sugar;beta-D-arabino-Hexulose;beta-Levulose;Fructose;"	"Glycolysis / Gluconeogenesis; Pentose phosphate pathway; Galactose metabolism; Starch and sucrose metabolism; Amino sugar and nucleotide sugar metabolism; Streptomycin biosynthesis; ABC transporters; Two-component system; Phosphotransferase system (PTS); Fructose and mannose metabolism; Galactose metabolism; Starch and sucrose metabolism; ABC transporters; Phosphotransferase system (PTS); Galactose metabolism; Ascorbate and aldarate metabolism; Streptomycin biosynthesis; Inositol phosphate metabolism; ABC transporters; Glycolysis / Gluconeogenesis; Pentose phosphate pathway; Glycolysis / Gluconeogenesis; Fructose and mannose metabolism; Galactose metabolism; Amino sugar and nucleotide sugar metabolism; Amino sugar and nucleotide sugar metabolism; "	"-0,0001592;-0,0001592;-0,0001592;-0,0001592;-0,0001592;-0,0001592;-0,0001592;"	"C6H12O6;C6H12O6;C6H12O6;C6H12O6;C6H12O6;C6H12O6;C6H12O6;"	-2,472	0,003	0,048	-2,11	0,007	0,076	-2,173	0,006	0,062	-3,217	0,001	0,014	-1,218	0,047	0,147	-2,246	0	0,001	-2,331	0,001	0,034
180,06713	"C00082;"	"L-Tyrosine;"	"Ubiquinone and other terpenoid-quinone biosynthesis; Monobactam biosynthesis; Tyrosine metabolism; Phenylalanine metabolism; Phenylalanine, tyrosine and tryptophan biosynthesis; Novobiocin biosynthesis; Cyanoamino acid metabolism; Methane metabolism; Thiamine metabolism; Aminoacyl-tRNA biosynthesis; "	"-0,00051737;"	"C9H11NO3;"	0,243	0,216	0,416	0,028	0,816	0,899	0,136	0,466	0,687	0,243	0,297	0,517	0,138	0,463	0,602	0,238	0,041	0,137	0,454	0,004	0,044
181,05206	"C05583;"	"3-Methoxy-4-hydroxyphenylglycolaldehyde;"	"Tyrosine metabolism; "	"-0,0014316;"	"C9H10O4;"	0,536	0,023	0,117	0,215	0,364	0,584	0,244	0,599	0,766	0,263	0,483	0,682	0,42	0,116	0,242	0,455	0,031	0,121	0,002	0,925	0,96
181,073069	"C00392;"	"Mannitol;D-Mannitol;"	"Fructose and mannose metabolism; ABC transporters; Phosphotransferase system (PTS); "	"-0,0013119;"	"C6H14O6;"	0,74	0,436	0,624	0,064	0,726	0,856	-0,146	0,79	0,89	-0,189	0,818	0,893	-0,663	0,937	0,959	-0,658	0,952	0,97	-1,162	0,97	0,974
182,971568	"C03232;"	"3-Phosphohydroxypyruvate;"	"Glycine, serine and threonine metabolism; Methane metabolism; "	"-0,0015595;"	"C3H5O7P;"	-1,008	0	0,01	-0,957	0,006	0,069	-0,988	0	0,013	-1,061	0,002	0,033	-0,662	0,007	0,056	-0,934	0,005	0,039	-0,779	0,003	0,044
182,997252	"C03671;"	"2-Pyrone-4,6-dicarboxylate;"	"Benzoate degradation; Aminobenzoate degradation; "	"-0,0037439;"	"C7H4O6;"	-0,714	0,011	0,08	-0,666	0,053	0,23	-0,577	0,027	0,152	-0,652	0,003	0,034	-0,233	0,275	0,42	-0,625	0,03	0,118	-0,77	0,004	0,044
184,000949	"C01005;"	"O-Phospho-L-serine;"	"Glycine, serine and threonine metabolism; Cysteine and methionine metabolism; Methane metabolism; Aminoacyl-tRNA biosynthesis; "	"0,00069459;"	"C3H8NO6P;"	-0,73	0,119	0,277	-0,672	0,061	0,244	-0,629	0,154	0,377	-0,475	0,112	0,308	-0,979	0,009	0,062	-0,466	0,092	0,214	-0,306	0,084	0,21
184,989267	"C00631;C00197;"	"D-Glycerate 2-phosphate;3-Phospho-D-glycerate;"	"Glycolysis / Gluconeogenesis; Pentose phosphate pathway; Glycine, serine and threonine metabolism; Glycerolipid metabolism; Glyoxylate and dicarboxylate metabolism; Methane metabolism; Glycolysis / Gluconeogenesis; Pentose phosphate pathway; Glycine, serine and threonine metabolism; Glycerolipid metabolism; Glyoxylate and dicarboxylate metabolism; Methane metabolism; "	"-0,0036084;-0,0036084;"	"C3H7O7P;C3H7O7P;"	-0,233	0,341	0,559	-0,316	0,009	0,089	-0,293	0,377	0,617	-0,202	0,524	0,705	-0,447	0,143	0,281	0,082	0,54	0,677	0,197	0,509	0,689
185,118958	"C20714;"	"3-Oxodecanoate;"		"-0,00064398;"	"C10H18O3;"	0,758	0,004	0,048	0,455	0,228	0,438	0,473	0,2	0,446	0,893	0,013	0,094	0,86	0,046	0,147	0,58	0,001	0,014	0,64	0,001	0,034
188,033909	"C14800;C14802;"	"1-Nitronaphthalene-5,6-oxide;1-Nitronaphthalene-7,8-oxide;"		"0,0014039;0,0014039;"	"C10H7NO3;C10H7NO3;"	0,291	0,681	0,822	0,013	0,993	0,996	-0,142	0,328	0,572	0,07	0,64	0,786	-0,076	0,586	0,695	-0,107	0,507	0,65	0,032	0,799	0,898
188,057121	"C00624;"	"N-Acetyl-L-glutamate;"	"Arginine biosynthesis; "	"-0,00067895;"	"C7H11NO5;"	-0,617	0,209	0,415	-0,525	0,227	0,437	-0,604	0,083	0,283	-0,675	0,076	0,263	-0,663	0,002	0,026	-0,594	0,013	0,068	-0,584	0,034	0,138
189,040835	"C00944;C05601;C06201;"	"3-Dehydroquinate;4-Hydroxy-2-oxo-heptanedioate;4-Hydroxy-2-ketopimelate;4-Hydroxy-2-oxoheptanedioic acid;4-Hydroxy-2-oxoheptanedioate;2,4-Dihydroxyhept-2-enedioate;2,4-Dihydroxyhept-2-1,7-dioate;2,4-Dihydroxyhept-2-enedioic acid;"	"Phenylalanine, tyrosine and tryptophan biosynthesis; Tyrosine metabolism; "	"-0,0003774;-0,0003774;-0,0003774;"	"C7H10O6;C7H10O6;C7H10O6;"	-0,562	0,11	0,273	-0,316	0,332	0,547	-0,335	0,356	0,6	-0,838	0,01	0,085	-0,354	0,058	0,166	-0,338	0,2	0,36	-0,425	0,059	0,181
189,090134	"C00666;C00680;"	"LL-2,6-Diaminoheptanedioate;meso-2,6-Diaminoheptanedioate;"	"Lysine biosynthesis; Lysine biosynthesis; "	"-0,0020579;-0,0020579;"	"C7H14N2O4;C7H14N2O4;"	-0,098	0,429	0,623	0,071	0,487	0,674	-0,165	0,251	0,487	0,076	0,427	0,638	0,037	0,868	0,903	0,005	0,939	0,969	-0,362	0,153	0,336
190,055022	"C05635;C16596;"	"5-Hydroxyindoleacetate;5-Phenyl-1,3-oxazinane-2,4-dione;"	"Tryptophan metabolism; "	"-0,0040594;-0,0040594;"	"C10H9NO3;C10H9NO3;"	3,637	0	0,006	4,535	0	0	4,869	0	0,001	5,311	0	0,001	5,223	0	0,001	5,528	0	0	4,997	0,052	0,176
192,066116	"C16587;C16595;"	"3-Carbamoyl-2-phenylpropionaldehyde;4-Hydroxy-5-phenyltetrahydro-1,3-oxazin-2-one;"		"0,00049666;0,00049666;"	"C10H11NO3;C10H11NO3;"	1,047	0	0,01	0,88	0,012	0,104	0,681	0,026	0,152	0,982	0,001	0,025	0,902	0,001	0,019	1,05	0	0,004	0,88	0,002	0,036
193,037648	"C20248;"	"7-Carboxy-7-carbaguanine;7-Carboxy-7-deazaguanine;"	"Folate biosynthesis; "	"-0,00093786;"	"C7H6N4O3;"	-0,334	0,214	0,416	-0,431	0,024	0,159	-0,557	0,001	0,03	-0,683	0,001	0,019	-0,669	0	0,011	-0,977	0	0,008	0,658	0,913	0,958
194,066713	"C01300;"	"2-Amino-4-hydroxy-6-hydroxymethyl-7,8-dihydropteridine;"	"Folate biosynthesis; "	"0,0016308;"	"C7H9N5O2;"	-0,038	0,998	1	-0,101	0,789	0,888	0,092	0,594	0,762	-0,187	0,734	0,844	-0,263	0,475	0,608	-0,095	0,98	0,983	0,342	0,751	0,864
194,081876	"C16586;"	"2-Phenyl-1,3-propanediol;"		"0,0003865;"	"C10H13NO3;"	0,5	0,054	0,182	0,477	0,226	0,437	0,207	0,584	0,76	0,278	0,323	0,543	0,4	0,064	0,168	0,224	0,344	0,512	0,307	0,075	0,198
196,094631	"C05588;"	"L-Metanephrine;"	"Tyrosine metabolism; "	"0,0032815;"	"C10H15NO3;"	0,001	0,981	0,99	-0,015	0,942	0,964	0	0,987	0,992	0,094	0,983	0,986	0,144	0,533	0,652	-0,175	0,24	0,404	-0,065	0,672	0,813
198,016536	"C01102;C12215;"	"O-Phospho-L-homoserine;IminoerythroseImino-D-erythrose 4-phosphate;"	"Glycine, serine and threonine metabolism; "	"0,0007575;0,0007575;"	"C4H10NO6P;C4H10NO6P;"	0,24	0,041	0,162	0,109	0,417	0,635	-0,098	0,676	0,821	-0,239	0,376	0,585	-0,403	0,091	0,205	-0,466	0,044	0,14	-0,508	0,053	0,176
199,073901	"C14298;"	"Bis(4-hydroxyphenyl)methane;4,4'-Dihydroxydiphenylmethane;Bisphenol F;"		"0,0025482;"	"C13H12O2;"	-0,033	0,638	0,796	0,205	0,426	0,638	0,341	0,109	0,324	-0,248	0,308	0,527	0,801	0,105	0,23	0,399	0,063	0,172	0,674	0,013	0,086
201,003229	"C04324;C05364;"	"(1E,3E)-4-Hydroxybuta-1,3-diene-1,2,4-tricarboxylate;2-Hydroxy-4-carboxyhexa-2,4-dienedioate;4-Carboxy-2-hydroxy-cis,cis-muconate;4-Carboxy-2-hydroxyhexa-2,4-cis,cis-dienedioate;4-Carboxy-2-oxo-3-hexenedioate;"	"Benzoate degradation; "	"0,00084345;0,00084345;"	"C7H6O7;C7H6O7;"	0,557	0,03	0,136	0,378	0,188	0,402	0,446	0,134	0,358	0,395	0,121	0,318	0,315	0,004	0,04	0,433	0,033	0,121	0,295	0,003	0,04
203,034654	"C03657;"	"1,4-Dihydroxy-2-naphthoate;"	"Ubiquinone and other terpenoid-quinone biosynthesis; "	"0,00032477;"	"C11H8O4;"	-0,441	0,011	0,082	-0,302	0,058	0,238	-0,204	0,046	0,212	-0,294	0,16	0,36	0,117	0,077	0,189	-0,299	0,033	0,121	-0,193	0,29	0,507
204,031248	"C02470;"	"XanthurenicXanthurenate;"	"Tryptophan metabolism; "	"-0,0010206;"	"C10H7NO4;"	0,265	0,053	0,182	0,08	0,329	0,546	0,064	0,878	0,932	-0,078	0,556	0,724	0,247	0,129	0,263	-0,124	0,291	0,461	-0,081	0,274	0,488
205,03934	"C02225;C04593;"	"2-Methylcitrate;2-Hydroxybutane-1,2,3-tricarboxylate;(2R,3S)-2-Hydroxybutane-1,2,3-tricarboxylate;(2S,3R)-3-Hydroxybutane-1,2,3-tricarboxylate;Methylisocitrate;Methylisocitric acid;"	"Propanoate metabolism; Propanoate metabolism; "	"-0,0039676;-0,0039676;"	"C7H10O7;C7H10O7;"	-0,576	0,215	0,416	-0,619	0,148	0,36	-1,127	0,092	0,296	-2,608	0,024	0,135	-1,664	0,045	0,147	0,669	0,912	0,956	0,525	0,857	0,946
206,069028	"C00579;"	"Dihydrolipoamide;Dihydrothioctamide;"		"-0,0011532;"	"C8H17NOS2;"	-0,898	0,017	0,1	-0,713	0,046	0,219	-0,987	0,029	0,157	-0,783	0,032	0,159	-0,771	0,005	0,048	-0,65	0,035	0,123	-0,598	0,052	0,176
207,087705	"C06487;"	"(6R)-6-(L-erythro-1,2-Dihydroxypropyl)-7,8-dihydro-6H-pterin;"		"0,0010402;"	"C9H12N4O2;"	0,576	0,011	0,08	0,803	0,113	0,328	0,268	0,291	0,53	0,204	0,201	0,416	0,164	0,227	0,372	0,612	0,103	0,223	0,04	0,713	0,846
209,028709	"C00818;"	"D-Glucarate;D-Glucaric acid;L-Gularic acid;D-Saccharic acid;D-Glucosaccharic acid;Glucaric acid;Glucarate;"	"Ascorbate and aldarate metabolism; "	"0,0015775;"	"C6H10O8;"	0,055	0,873	0,927	-0,281	0,249	0,462	-0,224	0,342	0,589	-0,293	0,215	0,429	-0,115	0,196	0,341	-0,203	0,284	0,455	-0,508	0,028	0,126
211,076696	"C16205;"	"Anthracene-9,10-dihydrodiol;"		"-0,00024712;"	"C14H12O2;"	-0,03	0,656	0,802	0,275	0,029	0,174	0,107	0,438	0,666	0,048	0,545	0,717	0,254	0,159	0,305	0,176	0,145	0,284	-0,007	0,907	0,955
212,034858	"C16392;C16393;"	"4-Hydroxylamino-2,6-dinitrotoluene;2-Hydroxylamino-4,6-dinitrotoluene;"	"Nitrotoluene degradation; Nitrotoluene degradation; "	"-0,0035683;-0,0035683;"	"C7H7N3O5;C7H7N3O5;"	0,385	0,061	0,199	0,381	0,098	0,297	0,439	0,088	0,291	0,342	0,002	0,032	0,276	0,121	0,25	0,279	0,14	0,276	0,302	0,211	0,417
212,978378	"C06054;"	"2-Oxo-3-hydroxy-4-phosphobutanoate;alpha-Keto-3-hydroxy-4-phosphobutyrate;(3R)-3-Hydroxy-2-oxo-4-phosphonooxybutanoate;"	"Vitamin B6 metabolism; "	"0,0021957;"	"C4H7O8P;"	-0,599	0,019	0,105	-0,75	0,06	0,243	-0,841	0,024	0,147	-0,451	0,182	0,391	-0,536	0,029	0,116	-0,383	0,195	0,357	-0,129	0,523	0,703
213,019264	"C11437;C00673;"	"1-deoxy-D-xylulose 5-phosphate;2-Deoxy-D-ribose;"	"Thiamine metabolism; Terpenoid backbone biosynthesis; Pentose phosphate pathway; "	"-0,0023057;-0,0023057;"	"C5H11O7P;C5H11O7P;"	-0,575	0,017	0,1	-0,862	0,005	0,069	-0,73	0,003	0,04	-0,798	0,033	0,159	-0,756	0,029	0,116	-0,6	0,042	0,138	-0,43	0,075	0,198
213,055909	"C14220;"	"4,4'-Dihydroxybenzophenone;"		"-0,0001953;"	"C13H10O3;"	0,05	0,396	0,598	0,013	0,914	0,95	0,106	0,589	0,761	-0,074	0,536	0,714	0,078	0,285	0,428	0,148	0,306	0,482	-0,076	0,643	0,79
213,12615	"C01909;"	"Dethiobiotin;"	"Biotin metabolism; "	"-0,0016882;"	"C10H18N2O3;"	0,121	0,312	0,531	-0,056	0,859	0,909	0,159	0,576	0,756	0,66	0,038	0,166	0,29	0,167	0,31	-0,045	0,569	0,699	0,477	0,055	0,178
214,049204	"C01233;"	"sn-Glycero-3-phosphoethanolamine;"	"Glycerophospholipid metabolism; Ether lipid metabolism; "	"-0,00061078;"	"C5H14NO6P;"	-0,699	0,225	0,424	0,28	0,471	0,659	0,563	0,482	0,706	1,518	0,539	0,716	0,085	0,82	0,859	0,679	0,972	0,982	1,299	0,76	0,869
215,033677	"C11434;"	"2-C-methyl-D-erythritol 4-phosphate;"	"Terpenoid backbone biosynthesis; "	"-0,0010682;"	"C5H13O7P;"	-3,021	0,005	0,052	-2,419	0,014	0,111	-2,551	0,016	0,123	-4,346	0,001	0,012	-1,226	0,11	0,234	-3,062	0	0,001	-2,815	0,002	0,037
215,102607	"C15700;"	"gamma-Glutamyl-gamma-aminobutyraldehyde;"	"Arginine and proline metabolism; "	"0,0011192;"	"C9H16N2O4;"	-0,344	0,215	0,416	-0,088	0,846	0,907	-0,192	0,588	0,761	-0,266	0,098	0,287	-0,197	0,231	0,375	-0,219	0,164	0,307	-0,259	0,127	0,287
216,095846	"C15532;"	"N-Acetyl-L-citrulline;"	"Arginine biosynthesis; "	"0,0031297;"	"C8H15N3O4;"	-0,289	0,047	0,17	-0,053	0,547	0,719	-0,133	0,401	0,644	-0,186	0,11	0,307	-0,22	0,177	0,323	-0,203	0,103	0,223	-0,274	0,035	0,144
216,133632	"C15699;"	"gamma-L-Glutamylputrescine;"	"Arginine and proline metabolism; "	"0,0017285;"	"C9H19N3O3;"	1,158	0,066	0,203	1,508	0,116	0,331	0,866	0,243	0,487	1,213	0,111	0,308	0,9	0,015	0,079	1,226	0,017	0,08	1,567	0,004	0,045
218,034325	"C04556;"	"4-Amino-2-methyl-5-phosphomethylpyrimidine;"	"Thiamine metabolism; "	"-0,00071308;"	"C6H10N3O4P;"	-2,062	0	0,01	-1,691	0	0,01	-1,675	0,003	0,041	-2,151	0	0,001	-0,951	0,034	0,13	-1,543	0	0,004	-1,578	0,007	0,061
218,068129	"C01118;"	"O-Succinyl-L-homoserine;"	"Cysteine and methionine metabolism; Sulfur metabolism; "	"-0,0011226;"	"C8H13NO6;"	-0,072	0,303	0,527	0,14	0,302	0,518	0,241	0,057	0,233	-0,028	0,797	0,89	-0,094	0,511	0,634	-0,045	0,663	0,789	-0,237	0,194	0,404
218,104065	"C00864;"	"(R)-Pantothenate;"	"beta-Alanine metabolism; Pantothenate and CoA biosynthesis; "	"-0,00067271;"	"C9H17NO5;"	-0,758	0,03	0,136	-0,526	0,087	0,274	-0,776	0,079	0,275	-1,131	0,019	0,119	-1,288	0,012	0,07	-1,263	0,062	0,172	-0,656	0,253	0,465
220,049995	"C01100;"	"L-Histidinol phosphate;"	"Histidine metabolism; "	"-0,00073349;"	"C6H12N3O4P;"	-0,011	0,98	0,99	-0,109	0,663	0,813	-0,366	0,021	0,137	-0,654	0,034	0,159	-0,156	0,502	0,628	-0,238	0,16	0,302	-0,577	0,004	0,045
220,083137	"C00140;C01132;"	"N-Acetyl-D-glucosamine;N-Acetylchitosamine;2-Acetamido-2-deoxy-D-glucose;GlcNAc;N-Acetyl-D-galactosamine;N-Acetyl-D-chondrosamine;2-Acetamido-2-deoxy-D-galactose;"	"Amino sugar and nucleotide sugar metabolism; ABC transporters; Phosphotransferase system (PTS); Galactose metabolism; Phosphotransferase system (PTS); "	"-0,00047994;-0,00047994;"	"C8H15NO6;C8H15NO6;"	-0,226	0,194	0,399	-0,02	0,893	0,934	-0,068	0,526	0,728	0,204	0,204	0,417	-0,145	0,216	0,365	0,048	0,611	0,735	0,043	0,691	0,825
221,045955	"C02730;"	"o-Succinylbenzoate;"	"Ubiquinone and other terpenoid-quinone biosynthesis; "	"-0,00041242;"	"C11H10O5;"	-0,543	0,021	0,11	-0,36	0,004	0,064	-0,325	0,072	0,266	-0,541	0,001	0,012	-0,291	0,011	0,067	-0,311	0,001	0,014	-0,356	0,023	0,121
225,087032	"C00931;"	"Porphobilinogen;"	"Porphyrin and chlorophyll metabolism; "	"0,0010447;"	"C10H14N2O4;"	0,231	0,098	0,254	0,283	0,119	0,331	0,197	0,283	0,522	0,173	0,227	0,441	0,742	0,041	0,142	0,466	0,02	0,089	0,554	0,033	0,138
226,011414	"C16391;C03287;"	"Trinitrotoluene;2,4,6-Trinitrotoluene;L-Glutamate 5-phosphate;"	"Nitrotoluene degradation; Arginine and proline metabolism; Carbapenem biosynthesis; "	"-0,00085963;0,00079347;"	"C7H5N3O6;C5H10NO7P;"	0,163	0,085	0,237	-0,058	0,517	0,688	-0,053	0,482	0,706	0,092	0,481	0,682	-0,063	0,381	0,524	-0,138	0,25	0,414	-0,157	0,048	0,173
226,071387	"C00826;"	"L-Arogenate;L-Arogenic acid;Pretyrosine;"	"Phenylalanine, tyrosine and tryptophan biosynthesis; "	"0,00070458;"	"C10H13NO5;"	0,101	0,776	0,877	0,129	0,703	0,844	0,038	0,997	0,997	0,131	0,696	0,82	0,082	0,365	0,506	-0,016	0,863	0,925	-0,063	0,65	0,794
226,08519	"C00881;"	"Deoxycytidine;2'-Deoxycytidine;"	"Pyrimidine metabolism; "	"-0,0018642;"	"C9H13N3O4;"	-0,123	0,534	0,724	0,014	0,968	0,977	-0,111	0,246	0,487	-0,053	0,692	0,819	0,1	0,445	0,584	-0,119	0,39	0,545	-0,136	0,416	0,62
227,070083	"C03582;"	"Resveratrol;3,4',5-Trihydroxystilbene;trans-Resveratrol;"		"0,0012808;"	"C14H12O3;"	-1,128	0,008	0,067	-0,854	0,004	0,059	-0,95	0,003	0,04	-0,941	0,004	0,051	-0,721	0,006	0,049	-0,809	0,001	0,014	-0,872	0,001	0,034
227,103875	"C13624;"	"Bisphenol2,2-Bis(4-Hydroxyphenyl)propane;"		"0,0038744;"	"C15H16O2;"	0,299	0,05	0,179	0,342	0,082	0,271	0,374	0,018	0,126	0,085	0,474	0,682	0,88	0,074	0,186	0,517	0,032	0,121	0,499	0,024	0,121
227,201369	"C06424;"	"Myristate; Fatty acid (n-C14:0) fa2;"	"Fatty acid biosynthesis; "	"0,00028055;"	"C14H28O2;"	0,302	0,283	0,504	0,184	0,804	0,893	0,439	0,158	0,381	0,542	0,113	0,309	0,37	0,091	0,205	0,418	0,331	0,507	0,156	0,378	0,59
229,012644	"C01112;C00117;C00199;C00231;C00620;"	"D-Arabinose 5-phosphate;alpha-D-Ribose 5-phosphate;D-Ribulose 5-phosphate;D-Xylulose 5-phosphate;alpha-D-RiboseRibose 1-phosphate;D-Ribose 1-phosphate;"	"Lipopolysaccharide biosynthesis; Pentose phosphate pathway; Purine metabolism; Phosphonate and phosphinate metabolism; Pentose phosphate pathway; Pentose and glucuronate interconversions; Lipopolysaccharide biosynthesis; Methane metabolism; Riboflavin metabolism; Vitamin B6 metabolism; Pentose phosphate pathway; Pentose and glucuronate interconversions; Ascorbate and aldarate metabolism; Methane metabolism; Pentose phosphate pathway; Purine metabolism; "	"-0,00077038;-0,00077038;-0,00077038;-0,00077038;-0,00077038;"	"C5H11O8P;C5H11O8P;C5H11O8P;C5H11O8P;C5H11O8P;"	-0,94	0,005	0,052	-1,065	0,006	0,069	-0,946	0,02	0,13	-1,027	0,023	0,13	-1,227	0,006	0,049	-0,858	0,004	0,035	-0,565	0,068	0,195
229,048956	"C18216;"	"4-Hydroxyphenyl-4-hydroxybenzoate;"		"0,0016724;"	"C13H10O4;"	0,02	0,916	0,953	0,019	0,947	0,964	0,037	0,794	0,89	0,014	0,9	0,952	0,031	0,702	0,781	0,172	0,219	0,382	0,044	0,866	0,946
230,068314	"C05932;"	"N-Succinyl-L-glutamate(2S)-2-(3-Carboxypropanoylamino)-5-oxopentanoic acid;"	"Arginine and proline metabolism; "	"-0,0013078;"	"C9H13NO6;"	0,061	0,587	0,762	0,089	0,326	0,545	0,114	0,624	0,783	-0,168	0,09	0,275	0,058	0,817	0,859	0,228	0,2	0,36	0,011	0,939	0,96
231,09921	"C03415;C15767;"	"N2-Succinyl-L-ornithine;(2S)-5-Amino-2-(3-carboxypropanoylamino)pentanoic acid;4-(L-gamma-Glutamylamino)butanoate;gamma-Glutamyl-gamma-aminobutyrate;4-(Glutamylamino)butanoate;gamma-Glutamyl-GABA;"	"Arginine and proline metabolism; Arginine and proline metabolism; "	"-0,00056853;-0,00056853;"	"C9H16N2O5;C9H16N2O5;"	0,013	0,844	0,91	0,303	0,354	0,571	0,155	0,44	0,666	0,16	0,545	0,717	-0,051	0,67	0,761	0,461	0,004	0,032	0,406	0,001	0,034
236,078504	"C03684;"	"6-Pyruvoyl-5,6,7,8-tetrahydropterin;"	"Folate biosynthesis; "	"0,00040506;"	"C9H11N5O3;"	1,261	0,058	0,194	0,764	0,015	0,111	1,623	0,016	0,123	1,858	0,084	0,274	2,089	0	0,011	1,548	0,001	0,012	0,273	0,029	0,13
237,063441	"C01187;"	"3-Deoxy-D-manno-2-octulosonate;"	"Lipopolysaccharide biosynthesis; "	"-0,0018539;"	"C8H14O8;"	-0,828	0,036	0,151	0,34	0,42	0,635	0,254	0,683	0,821	-0,039	0,902	0,952	0,891	0,064	0,168	0,59	0,033	0,121	0,588	0,122	0,281
238,092733	"C00268;"	"6,7-Dihydrobiopterin;"	"Folate biosynthesis; "	"0,0018262;"	"C9H13N5O3;"	1,049	0,325	0,541	3,167	0,013	0,107	2,627	0,013	0,115	2,44	0,033	0,159	4,632	0,002	0,027	3,76	0,002	0,017	3,19	0,027	0,124
241,083821	"C00214;"	"Thymidine;"	"Pyrimidine metabolism; "	"-0,00082953;"	"C10H14N2O5;"	-0,002	0,913	0,952	-0,013	0,83	0,904	0,269	0,102	0,312	0,049	0,654	0,797	0,067	0,59	0,698	0,033	0,771	0,87	-0,137	0,044	0,169
242,155033	"C20643;"	"2-Heptyl-4(1H)-quinolone;2-Heptyl-4-quinolone;2-Heptyl-4-hydroxyquinoline;"	"Phenazine biosynthesis; Quorum sensing; Biofilm formation; "	"3,3977e-07;"	"C16H21NO;"	0,32	0,635	0,796	0,777	0,236	0,448	0,811	0,145	0,367	0,693	0,389	0,602	0,646	0,364	0,506	0,591	0,441	0,595	0,587	0,452	0,643
243,030178	"C01099;"	"L-Fuculose 1-phosphate;"	"Fructose and mannose metabolism; "	"-0,0026543;"	"C6H13O8P;"	-1,39	0	0,006	-1,251	0	0,005	-1,303	0	0,003	-1,405	0	0,003	-0,828	0,001	0,019	-0,871	0	0,002	-0,867	0	0,028
243,062224	"C00299;"	"Uridine;"	"Pyrimidine metabolism; "	"3,1693e-05;"	"C9H12N2O6;"	-0,306	0,109	0,272	-0,117	0,445	0,647	-0,238	0,259	0,495	-0,578	0,008	0,077	0,292	0,483	0,61	-0,178	0,069	0,181	-0,057	0,717	0,847
246,017566	"C00018;"	"Pyridoxal 5'-phosphate;"	"Thiamine metabolism; Vitamin B6 metabolism; "	"-0,0002732;"	"C8H10NO6P;"	-0,342	0,244	0,448	-0,402	0,147	0,36	-0,141	0,734	0,865	0,003	0,958	0,978	-0,403	0,029	0,116	-0,213	0,196	0,357	-0,037	0,737	0,855
246,064087	"C05931;"	"N2-Succinyl-L-glutamate;"	"Arginine and proline metabolism; "	"-0,0021658;"	"C9H13NO7;"	-2,599	0,01	0,076	-1,928	0,035	0,196	-2,249	0,026	0,152	-3,176	0,003	0,044	-1,953	0,014	0,077	-2,58	0,004	0,033	-3,056	0	0,028
247,048741	"C00647;"	"Pyridoxamine 5'-phosphate;"	"Vitamin B6 metabolism; "	"0,00018674;"	"C8H13N2O5P;"	-2,171	0,005	0,052	-1,787	0,01	0,091	-1,752	0,015	0,123	-1,841	0,006	0,067	-1,701	0,009	0,062	-1,806	0,008	0,051	-2,015	0,002	0,037
250,094047	"C05198;C00559;"	"5'-Deoxyadenosine;Deoxyadenosine;2'-Deoxyadenosine;"	"Purine metabolism; "	"0,00051176;0,00051176;"	"C10H13N5O3;C10H13N5O3;"	0,061	0,802	0,89	-0,006	0,999	0,999	-0,02	0,916	0,961	0,21	0,33	0,543	0,184	0,355	0,501	0,041	0,974	0,982	0,186	0,427	0,628
253,012737	"C03175;"	"Shikimate 5-phosphate;"	"Phenylalanine, tyrosine and tryptophan biosynthesis; "	"-0,00086353;"	"C7H11O8P;"	-0,582	0,065	0,203	-0,811	0,05	0,227	-0,68	0,049	0,213	-0,595	0,017	0,11	-0,375	0,027	0,111	-0,827	0,028	0,116	-0,515	0,02	0,121
253,049898	"C05844;"	"5-L-Glutamyl-taurine;5-Glutamyl-taurine;Glutaurine;"	"Taurine and hypotaurine metabolism; "	"7,8195e-05;"	"C7H14N2O6S;"	-0,058	0,69	0,822	-0,15	0,512	0,683	-0,219	0,3	0,539	-0,116	0,598	0,756	-0,065	0,697	0,779	-0,096	0,534	0,672	-0,322	0,08	0,207
254,089823	"C04874;C03150;"	"2-Amino-4-hydroxy-6-(D-erythro-1,2,3-trihydroxypropyl)-7,8-dihydropteridine;Nicotinamide-beta-riboside;N-Ribosylnicotinamide;1-(beta-D-Ribofuranosyl)nicotinamide;"	"Folate biosynthesis; Nicotinate and nicotinamide metabolism; "	"-0,00034911;0,00099349;"	"C9H13N5O4;C11H15N2O5;"	-0,282	0,231	0,429	0,175	0,402	0,621	-0,171	0,45	0,679	0,152	0,504	0,688	-0,158	0,448	0,586	-0,086	0,745	0,848	-0,123	0,586	0,74
255,233272	"C00249;"	"hexadecanoate (n-C16:0);"	"Fatty acid biosynthesis; Fatty acid degradation; Biosynthesis of unsaturated fatty acids; "	"-0,0003225;"	"C16H32O2;"	0,262	0,498	0,691	0,15	0,735	0,856	0,019	0,969	0,987	0,223	0,404	0,618	0,248	0,388	0,53	-0,038	0,868	0,925	-0,27	0,326	0,547
256,106562	"C15522;"	"4a-Hydroxytetrahydrobiopterin;4a-Hydroxy-5,6,4,8-tetrahydrobiopterin;(6R)-6-(L-erythro-1,2-Dihydroxypropyl)-5,6,7,8-tetrahydro-4a-hydroxypterin;"		"-0,0014383;"	"C9H15N5O4;"	-0,111	0,636	0,796	0,191	0,586	0,747	-0,014	0,953	0,981	0,326	0,406	0,618	0,517	0,079	0,191	0,159	0,371	0,531	-0,001	0,937	0,96
256,90163	"C03279;C00536;"	"Inorganic triphosphate;Triphosphate;Triphosphoric acid;Tripolyphosphate;Inorganic triphosphate;"	"Oxidative phosphorylation; "	"0,00064544;0,00064544;"	"H5O10P3;H5P3O10;"	0,662	0,067	0,203	0,477	0,146	0,36	0,614	0,177	0,408	0,79	0,072	0,256	0,511	0,077	0,189	0,379	0,444	0,595	0,313	0,116	0,267
257,007619	"C04442;C01236;"	"2-Dehydro-3-deoxy-D-gluconate 6-phosphate;6-phospho-D-glucono-1,5-lactone;"	"Pentose phosphate pathway; Pentose phosphate pathway; "	"-0,00083141;-0,00083141;"	"C6H11O9P;C6H11O9P;"	0,227	0,834	0,907	0,012	0,87	0,915	0,098	0,754	0,867	0,091	0,879	0,936	-0,385	0,169	0,313	-0,019	0,866	0,925	0,348	0,454	0,643
257,10296	"C00670;"	"sn-Glycero-3-phosphocholine;"	"Glycerophospholipid metabolism; Ether lipid metabolism; "	"0,00040826;"	"C8H21NO6P;"	-0,662	0,044	0,163	-0,112	0,567	0,739	-0,069	0,793	0,89	-0,581	0,012	0,094	0,255	0,41	0,554	-0,166	0,054	0,158	-0,196	0,253	0,465
258,038976	"C06156;C00352;C12214;"	"D-Glucosamine 1-phosphate;D-Glucosamine 6-phosphate;AminofructoseAmino-D-fructose 6-phosphate;"	"Amino sugar and nucleotide sugar metabolism; Alanine, aspartate and glutamate metabolism; Amino sugar and nucleotide sugar metabolism; Phosphotransferase system (PTS); "	"-0,00055322;-0,00055322;-0,00055322;"	"C6H14NO8P;C6H14NO8P;C6H14NO8P;"	-0,106	0,544	0,732	0,057	0,748	0,861	0,129	0,301	0,539	0,471	0,016	0,103	0,289	0,26	0,409	0,814	0	0,003	0,527	0,007	0,061
258,149969	"C11848;"	"2-Heptyl-3-hydroxy-quinolone;2-Heptyl-3-hydroxy-4(1H)-quinolone;2-Heptyl-3-hydroxy-4-quinolone;"	"Phenazine biosynthesis; Quorum sensing; Biofilm formation; "	"-2,0393e-05;"	"C16H21NO2;"	-0,487	0,454	0,643	-0,482	0,466	0,656	-0,699	0,351	0,598	-0,435	0,648	0,793	-1,1	0,198	0,342	-0,364	0,5	0,645	-0,393	0,37	0,588
259,023114	"C02976;C00085;C05345;C00103;C00092;C01172;C00446;C03812;C00275;C00636;C00668;C01094;C01177;C02888;C03546;C04006;"	"D-Fructose 1-phosphate;D-Fructose 6-phosphate;beta-D-Fructose 6-phosphate;D-Glucose 1-phosphate;D-Glucose 6-phosphate;beta-D-glucose 6-phosphate;alpha-D-Galactose 1-phosphate;D-Mannose 1-phosphate;D-Mannose 6-phosphate;D-Mannosealpha-D-Mannose 1-phosphate;alpha-D-Glucose;D-Fructose;Inositolmyo-Inositol 1-phosphate;1D-myo-Inositol 1-phosphate;D-myo-Inositol 1-phosphate;1D-myo-Inositol 1-monophosphate;SorboseL-Sorbose 1P;L-xylo-Hexulose 1-phosphate;L-Sorbose 1-phosphate;myo-InositolD-myo-Inositol 4-phosphate;1D-myo-Inositol 4-phosphate;1D-myo-Inositol 4-monophosphate;Inositol 4-phosphate;1D-myo-InositolD-myo-Inositol 3-phosphate;myo-Inositol 3-phosphate;Inositol 3-phosphate;1D-myo-Inositol 3-monophosphate;D-myo-Inositol 3-monophosphate;myo-Inositol 3-monophosphate;Inositol 3-monophosphate;1L-myo-Inositol 1-phosphate;L-myo-Inositol 1-phosphate;"	"Galactose metabolism; Starch and sucrose metabolism; Methane metabolism; Glycolysis / Gluconeogenesis; Pentose phosphate pathway; Fructose and mannose metabolism; Amino sugar and nucleotide sugar metabolism; Glycolysis / Gluconeogenesis; Pentose and glucuronate interconversions; Galactose metabolism; Starch and sucrose metabolism; Amino sugar and nucleotide sugar metabolism; Streptomycin biosynthesis; Polyketide sugar unit biosynthesis; Acarbose and validamycin biosynthesis; Starch and sucrose metabolism; Streptomycin biosynthesis; Inositol phosphate metabolism; Two-component system; Phosphotransferase system (PTS); Glycolysis / Gluconeogenesis; Pentose phosphate pathway; Galactose metabolism; Amino sugar and nucleotide sugar metabolism; Fructose and mannose metabolism; Amino sugar and nucleotide sugar metabolism; Phosphotransferase system (PTS); Fructose and mannose metabolism; Amino sugar and nucleotide sugar metabolism; Glycolysis / Gluconeogenesis; Pentose phosphate pathway; Galactose metabolism; Amino sugar and nucleotide sugar metabolism; Fructose and mannose metabolism; Phenylalanine, tyrosine and tryptophan biosynthesis; Phosphotransferase system (PTS); Inositol phosphate metabolism; ABC transporters; Fructose and mannose metabolism; Phosphotransferase system (PTS); Inositol phosphate metabolism; Streptomycin biosynthesis; Inositol phosphate metabolism; "	"-0,00067561;-0,00067561;-0,00067561;-0,00067561;-0,00067561;-0,00067561;-0,00067561;-0,00067561;-0,00067561;-0,00067561;-0,00067561;-0,00067561;-0,00067561;-0,00067561;-0,00067561;-0,00067561;"	"C6H13O9P;C6H13O9P;C6H13O9P;C6H13O9P;C6H13O9P;C6H13O9P;C6H13O9P;C6H13O9P;C6H13O9P;C6H13O9P;C6H13O9P;C6H13O9P;C6H13O9P;C6H13O9P;C6H13O9P;C6H13O9P;"	-0,635	0,038	0,155	-0,836	0	0,008	-0,693	0,016	0,123	-0,965	0,026	0,142	-0,778	0,01	0,065	-0,867	0,001	0,014	-0,821	0,074	0,198
259,094542	"C13634;"	"2,3-Bis(4-hydroxyphenyl)-1,2-propanediol;"		"0,0030359;"	"C15H16O4;"	-0,669	0,016	0,1	-0,059	0,77	0,873	-0,274	0,153	0,377	-0,352	0,024	0,135	0,145	0,317	0,461	-0,031	0,737	0,845	-0,042	0,719	0,847
267,07137	"C00294;"	"Inosine;"	"Purine metabolism; "	"0,0021187;"	"C10H12N4O5;"	0,03	0,959	0,978	0,18	0,724	0,856	0,193	0,561	0,747	0,184	0,361	0,57	0,119	0,641	0,735	0,055	0,926	0,963	-0,057	0,622	0,769
269,153077	"C00468;"	"Estrone;3-Hydroxy-1,3,5(10)-estratrien-17-one;"		"0,0016221;"	"C18H22O2;"	-0,384	0,053	0,182	-0,304	0,046	0,219	-0,163	0,355	0,6	-0,093	0,771	0,871	0,148	0,741	0,806	-0,174	0,204	0,362	-0,296	0,07	0,196
275,017752	"C00345;"	"6-Phospho-D-gluconate;"	"Pentose phosphate pathway; "	"-0,00039968;"	"C6H13O10P;"	-0,088	0,603	0,772	-0,763	0,087	0,274	-0,618	0,094	0,296	-0,735	0,044	0,181	-0,634	0,068	0,176	-0,332	0,247	0,414	0,135	0,942	0,96
276,106994	"C01449;"	"Queuine;Base Q;"		"0,0032153;"	"C12H15N5O3;"	-0,052	0,842	0,91	0,302	0,153	0,365	0,093	0,541	0,735	-0,012	0,917	0,952	0,327	0,132	0,264	-0,008	0,937	0,969	-0,311	0,114	0,265
282,083064	"C00387;"	"Guanosine;"	"Purine metabolism; "	"0,0013243;"	"C10H13N5O5;"	0,158	0,141	0,319	0,3	0,074	0,26	0,088	0,663	0,814	0,267	0,088	0,275	0,305	0,021	0,097	-0,033	0,528	0,668	0,118	0,097	0,232
283,264369	"C01530;"	"octadecanoate (n-C18:0);"	"Fatty acid biosynthesis; Biosynthesis of unsaturated fatty acids; "	"-0,00011949;"	"C18H36O2;"	0,067	0,79	0,88	-0,053	0,645	0,802	0,441	0,233	0,48	0,118	0,46	0,674	0,609	0,063	0,168	-0,1	0,51	0,652	-0,226	0,431	0,63
285,046301	"C03838;"	"N1-(5-Phospho-D-ribosyl)glycinamide;"	"Purine metabolism; "	"0,0030207;"	"C7H15N2O8P;"	-0,437	0,043	0,163	-0,635	0,103	0,308	-0,473	0,389	0,627	-0,465	0,198	0,414	-0,964	0,015	0,078	-0,685	0,077	0,19	-0,839	0,019	0,121
289,033536	"C07838;C07836;C00281;C05382;C19878;C19878;C19882;"	"D-Glycero-D-manno-heptose 1-phosphate;D-Glycero-D-manno-heptose 7-phosphate;Sedoheptulose 7-phosphate;SedoheptuloseD-Sedoheptulose 7-phosphate;D-altro-Heptulose 7-phosphate;altro-Heptulose 7-phosphate;D-glycero-alpha-D-manno-Heptose;D-glycero-alpha-D-manno-Heptose;D-glycero-D-manno-Heptose;"	"Lipopolysaccharide biosynthesis; Lipopolysaccharide biosynthesis; Pentose phosphate pathway; Lipopolysaccharide biosynthesis; Lipopolysaccharide biosynthesis; Lipopolysaccharide biosynthesis; "	"-0,00053381;-0,00053381;-0,00053381;-0,00053381;-0,00053381;-0,00053381;-0,00053381;"	"C7H15O10P;C7H15O10P;C7H15O10P;C7H15O10P;C7H15O10P;C7H15O10P;C7H15O10P;"	-0,252	0,251	0,459	-0,042	0,728	0,856	-0,147	0,591	0,761	0,266	0,343	0,551	-0,036	0,822	0,859	0,359	0,026	0,111	0,344	0,05	0,176
290,967289	"C20440;"	"alpha-D-Ribose;"	"Phosphonate and phosphinate metabolism; "	"0,00035022;"	"C5H10O10P2;"	-0,405	0,116	0,277	-0,257	0,025	0,161	-0,03	0,797	0,89	0,178	0,233	0,447	-0,314	0,144	0,281	-0,142	0,279	0,45	-0,064	0,617	0,766
292,104172	"C05887;C02713;"	"N-Acetyl-D-muramoate;N-Acetylmuramate;N-Acetylmuramic acid;N-Acetyl-D-muramoate;"	"Amino sugar and nucleotide sugar metabolism; Phosphotransferase system (PTS); "	"-0,0003864;-0,0003864;"	"C11H19NO8;C11H19NO8;"	-0,406	0,015	0,1	-0,258	0,069	0,253	-0,279	0,238	0,487	-0,257	0,229	0,442	-0,492	0,062	0,168	-0,456	0,064	0,173	-0,656	0,033	0,138
293,21155	"C14765;"	"13-OxoODE;13-KODE;(9Z,11E)-13-Oxooctadeca-9,11-dienoic acid;"		"0,00066376;"	"C18H30O3;"	-0,273	0,46	0,647	-0,23	0,488	0,674	-0,006	0,868	0,932	0,324	0,468	0,68	0,243	0,05	0,15	-0,157	0,853	0,92	-0,057	0,873	0,946
294,048957	"C03373;"	"5-amino-1-(5-phospho-D-ribosyl)imidazole;"	"Purine metabolism; Thiamine metabolism; "	"0,00069874;"	"C8H14N3O7P;"	-0,787	0,067	0,203	-0,65	0,076	0,265	-0,676	0,085	0,284	-0,427	0,14	0,338	-0,429	0,021	0,097	-0,4	0,183	0,337	-0,485	0,256	0,465
294,105055	"C00844;"	"Prunasin;(R)-Prunasin;"	"Cyanoamino acid metabolism; "	"-0,0067483;"	"C14H17NO6;"	0,166	0,523	0,712	-0,057	0,732	0,856	0,153	0,485	0,706	-0,116	0,665	0,802	0,36	0,007	0,052	0,16	0,356	0,518	-0,126	0,068	0,195
295,228062	"C14762;"	"13(S)-HODE;(13S)-Hydroxyoctadecadienoic acid;(9Z,11E)-(13S)-13-Hydroxyoctadeca-9,11-dienoic acid;"		"-0,0001977;"	"C18H32O3;"	-0,62	0,267	0,479	-0,448	0,16	0,373	-0,049	0,895	0,945	0,179	0,983	0,986	-0,045	0,914	0,939	-0,492	0,263	0,43	-0,332	0,306	0,524
296,081975	"C00170;"	"5-Methylthioadenosine;"	"Cysteine and methionine metabolism; "	"0,00030419;"	"C11H15N5O3S;"	2,92	0	0,01	3,307	0	0,005	3,583	0	0,003	4,069	0	0,007	4,114	0	0,002	4,681	0	0,001	4,196	0,07	0,196
298,000925	"C04752;"	"2-Methyl-4-amino-5-hydroxymethylpyrimidine diphosphate;"	"Thiamine metabolism; "	"-0,00098281;"	"C6H11N3O7P2;"	-0,154	0,512	0,708	-0,215	0,572	0,74	-0,265	0,261	0,495	-0,294	0,075	0,263	-0,493	0,014	0,078	-0,621	0,074	0,186	-0,385	0,228	0,439
298,070222	"C03492;"	"D-4'-Phosphopantothenate;"	"beta-Alanine metabolism; Pantothenate and CoA biosynthesis; "	"-0,00050011;"	"C9H18NO8P;"	-1,238	0,016	0,1	-0,812	0,036	0,197	-1,03	0,025	0,151	-0,752	0,094	0,284	-1,551	0,002	0,025	-1,606	0,008	0,051	-0,603	0,295	0,509
300,049821	"C04256;C00357;C04501;"	"N-Acetyl-D-glucosamine 1-phosphate;N-Acetyl-D-glucosamine 6-phosphate;N-Acetyl-alpha-D-glucosamine;"	"Amino sugar and nucleotide sugar metabolism; Phosphotransferase system (PTS); Amino sugar and nucleotide sugar metabolism; "	"-0,00083385;-0,00083385;-0,00083385;"	"C8H16NO9P;C8H16NO9P;C8H16NO9P;"	-0,913	0,012	0,084	-0,482	0,104	0,308	-0,481	0,003	0,041	-0,588	0,004	0,045	-0,541	0,02	0,097	-0,617	0,038	0,13	-0,616	0,089	0,216
306,07723	"C00051;"	"Reduced glutathione;"	"Cysteine and methionine metabolism; Glutathione metabolism; ABC transporters; "	"-0,00070516;"	"C10H17N3O6S;"	-0,308	0,892	0,934	0,022	0,688	0,834	-0,214	0,807	0,896	0,07	0,514	0,693	-0,307	0,906	0,933	0,389	0,338	0,509	0,234	0,4	0,611
308,978983	"C01151;"	"D-RiboseRibose 1,5-bisphosphate;alpha-D-Ribose 1,5-bisphosphate;"	"Pentose phosphate pathway; Phosphonate and phosphinate metabolism; "	"-0,00077966;"	"C5H12O11P2;"	0,742	0,699	0,83	-0,6	0,001	0,021	-0,714	0,002	0,04	-0,369	0,137	0,338	-0,926	0	0,011	-0,752	0,015	0,075	-0,569	0,008	0,061
313,044077	"C04376;"	"N2-Formyl-N1-(5-phospho-D-ribosyl)glycinamide;"	"Purine metabolism; "	"0,00015841;"	"C8H15N2O9P;"	-1,653	0,004	0,048	-1,336	0,066	0,244	-1,048	0,054	0,229	-0,056	0,735	0,844	-0,321	0,502	0,628	-0,373	0,31	0,483	-1,256	0,023	0,121
313,107645	"C00921;"	"Dihydropteroate;"	"Folate biosynthesis; "	"-0,0021876;"	"C14H14N6O3;"	-0,025	0,835	0,907	0,248	0,012	0,104	0,252	0,153	0,377	0,404	0,21	0,423	0,3	0,008	0,059	0,14	0,07	0,181	0,058	0,728	0,855
319,227968	"C04742;C04805;"	"(15S)-15-Hydroxy-5,8,11-cis-13-trans-eicosatetraenoate;(15S)-15-Hydroxy-5,8,11-cis-13-trans-icosatetraenoate;(5Z,8Z,11Z,13E)-(15S)-15-Hydroxyicosa-5,8,11,13-tetraenoic acid;15(S)-HETE;5(S)-HETE;5-Hydroxyeicosatetraenoate;5-HETE;(6E,8Z,11Z,14Z)-(5S)-5-Hydroxyicosa-6,8,11,14-tetraenoic acid;"	"Arachidonic acid metabolism; Arachidonic acid metabolism; "	"-0,00010422;-0,00010422;"	"C20H32O3;C20H32O3;"	-0,114	0,345	0,559	0,578	0,854	0,907	0,873	0,18	0,413	0,401	0,177	0,385	1,463	0,086	0,201	0,572	0,606	0,734	0,124	0,943	0,96
321,116543	"C04079;"	"N-((R)-Pantothenoyl)-L-cysteine;D-Pantothenoyl-L-cysteine;N-Pantothenoylcysteine;"	"Pantothenate and CoA biosynthesis; "	"-0,003967;"	"C12H22N2O6S;"	-0,1	0,607	0,773	-0,019	0,878	0,921	0,16	0,549	0,74	0,07	0,737	0,844	-0,097	0,564	0,675	-0,078	0,612	0,735	-0,235	0,207	0,417
322,044467	"C00055;"	"CMP;"	"Pyrimidine metabolism; "	"0,0001038;"	"C9H14N3O8P;"	-0,235	0,27	0,482	0,005	0,95	0,964	0,015	0,878	0,932	0,017	0,859	0,93	-0,191	0,317	0,461	-0,069	0,439	0,595	-0,031	0,834	0,925
323,029155	"C01168;C00105;"	"Pseudouridine 5'-phosphate;UMP;"	"Pyrimidine metabolism; Pyrimidine metabolism; "	"-0,00056944;-0,00056944;"	"C9H13N2O9P;C9H13N2O9P;"	-0,068	0,644	0,801	-0,021	0,807	0,893	-0,066	0,78	0,883	-0,012	0,968	0,985	-0,501	0,004	0,04	-0,392	0,034	0,122	-0,365	0,164	0,354
323,169373	"C07572;"	"Citalopram;"		"-0,012862;"	"C20H21FN2O;"	0,131	0,744	0,865	0,178	0,406	0,624	0,213	0,681	0,821	0,189	0,564	0,729	0,403	0,049	0,15	0,263	0,111	0,231	-0,064	0,565	0,725
325,093252	"C05839;"	"cis-beta-D-Glucosyl-2-hydroxycinnamate;beta-D-Glucosyl-2-coumarinate;"		"-0,00036554;"	"C15H18O8;"	-0,169	0,433	0,624	0,316	0,463	0,654	0	0,923	0,962	0,706	0,581	0,746	0,924	0,264	0,413	0,035	0,901	0,95	-0,064	0,592	0,74
327,049872	"C19586;"	"Aflatoxin2,3-Epoxyaflatoxin B1;"		"0,0011499;"	"C17H12O7;"	-0,001	0,933	0,961	-0,481	0,118	0,331	-0,26	0,517	0,725	-0,434	0,307	0,527	-0,512	0,19	0,335	-0,798	0,156	0,297	-0,385	0,281	0,496
330,065959	"C00360;"	"dAMP;"	"Purine metabolism; "	"-0,0050697;"	"C10H14N5O6P;"	-0,367	0,364	0,571	-0,033	0,82	0,899	-0,252	0,426	0,664	0,147	0,739	0,844	-0,318	0,11	0,234	0,068	0,803	0,888	0,184	0,735	0,855
333,098879	"C14874;"	"Glutathione;"		"0,0011211;"	"C12H20N3O6S;"	0,418	0,125	0,287	0,344	0,062	0,244	0,448	0,125	0,344	0,223	0,484	0,682	0,388	0,098	0,217	0,373	0,015	0,073	0,123	0,324	0,546
335,223175	"C05356;C05966;"	"5(S)-HPETE;5(S)-Hydroperoxy-6-trans-8,11,14-cis-eicosatetraenoic acid;(6E,8Z,11Z,14Z)-(5S)-5-Hydroperoxyeicosa-6,8,11,14-tetraenoate;(6E,8Z,11Z,14Z)-(5S)-5-Hydroperoxyeicosa-6,8,11,14-tetraenoic acid;(5S,6E,8Z,11Z,14Z)-5-Hydroperoxyicosa-6,8,11,14-tetraenoate;15(S)-HPETE;(5Z,8Z,11Z,13E)-(15S)-15-Hydroperoxyicosa-5,8,11,13-tetraenoic acid;15-Hydroperoxyeicosatetraenoate;15-Hydroperoxyicosatetraenoate;15-Hydroperoxyeicosatetraenoic acid;15-Hydroperoxyicosatetraenoic acid;(5Z,8Z,11Z,13E)-(15S)-15-Hydroperoxyicosa-5,8,11,13-tetraenoate;"	"Arachidonic acid metabolism; Arachidonic acid metabolism; "	"-0,00039653;-0,00039653;"	"C20H32O4;C20H32O4;"	0,324	0,561	0,747	0,801	0,574	0,741	0,928	0,107	0,322	0,834	0,144	0,347	1,528	0,056	0,162	0,666	0,334	0,507	0,204	0,6	0,748
336,085929	"C14180;"	"S-(Hydroxymethyl)glutathione;"	"Methane metabolism; "	"0,0011611;"	"C11H19N3O7S;"	0,529	0,065	0,203	0,472	0,065	0,244	0,173	0,546	0,739	0,182	0,4	0,615	0,09	0,726	0,801	0,291	0,133	0,269	0,301	0,139	0,308
337,056003	"C04677;"	"5-Amino-1-(5-Phospho-D-ribosyl)imidazole-4-carboxamide;"	"Purine metabolism; Histidine metabolism; "	"-0,00053377;"	"C9H15N4O8P;"	-0,023	0,814	0,898	-0,106	0,746	0,861	-0,297	0,486	0,706	-0,303	0,61	0,763	-0,383	0,092	0,206	-0,617	0,131	0,267	-0,98	0,065	0,192
341,108887	"C00185;C01083;C00208;"	"cellobiose;Trehalose;Maltose;Malt sugar;alpha-D-Glucopyranosyl-(1->4)-D-glucopyranose;"	"Starch and sucrose metabolism; ABC transporters; Phosphotransferase system (PTS); Starch and sucrose metabolism; ABC transporters; Phosphotransferase system (PTS); Starch and sucrose metabolism; ABC transporters; Bacterial chemotaxis; Phosphotransferase system (PTS); "	"4,3305e-05;4,3305e-05;4,3305e-05;"	"C12H22O11;C12H22O11;C12H22O11;"	0,571	0,087	0,238	0,314	0,296	0,515	-0,208	0,749	0,867	0,192	0,675	0,812	0,12	0,793	0,847	-0,038	0,846	0,915	-0,624	0,541	0,717
346,056658	"C00020;C00362;"	"AMP;dGMP;"	"Purine metabolism; Purine metabolism; "	"-0,0008545;-0,0008545;"	"C10H14N5O7P;C10H14N5O7P;"	-0,391	0,156	0,346	-0,198	0,384	0,603	-0,272	0,834	0,91	-0,192	0,912	0,952	-0,346	0,435	0,573	-0,637	0,24	0,404	-0,622	0,389	0,6
347,040397	"C00130;"	"IMP;"	"Purine metabolism; "	"-0,00057811;"	"C10H13N4O8P;"	-1,141	0,017	0,1	-1,495	0,056	0,236	-1,657	0,06	0,238	-0,951	0,202	0,416	-1,407	0,006	0,049	-1,971	0,037	0,13	-1,873	0,023	0,121
349,1096	"C02538;"	"Estrone;"		"0,001914;"	"C18H22O5S;"	-0,116	0,562	0,747	-0,179	0,263	0,474	0,199	0,07	0,261	0,142	0,116	0,312	0,207	0,023	0,101	0,221	0,038	0,13	0,056	0,903	0,955
357,085977	"C04778;"	"N1-(5-Phospho-alpha-D-ribosyl)-5,6-dimethylbenzimidazole;"	"Porphyrin and chlorophyll metabolism; "	"-0,0002703;"	"C14H19N2O7P;"	-0,374	0,323	0,54	0,072	0,9	0,938	-0,378	0,527	0,728	0,333	0,504	0,688	-0,155	0,467	0,602	0,014	0,83	0,904	0,078	0,882	0,951
362,050387	"C00144;C18239;"	"GMP;PrecursorCyclic pyranopterin monophosphate;Cyclic pyranopterin phosphate;cPMP;"	"Purine metabolism; Folate biosynthesis; Sulfur relay system; "	"0,00033167;0,00033167;"	"C10H14N5O8P;C10H14N5O8P;"	0,318	0,172	0,363	0,421	0,048	0,222	0,428	0,124	0,343	0,816	0,011	0,086	0,236	0,24	0,383	0,244	0,135	0,269	0,219	0,406	0,615
378,023126	"C16619;"	"6-Thioguanosine;"		"0,0047486;"	"C10H14N5O7PS;"	-0,064	0,769	0,877	0,287	0,766	0,873	0,226	0,612	0,774	0,581	0,103	0,298	0,784	0,01	0,065	0,444	0,143	0,28	0,246	0,522	0,703
378,096525	"C03451;"	"(R)-S-Lactoylglutathione;"	"Pyruvate metabolism; "	"0,0011298;"	"C13H21N3O8S;"	-0,945	0,114	0,276	-0,908	0,085	0,272	0,011	0,67	0,817	-0,261	0,411	0,624	-0,233	0,498	0,627	-0,035	0,661	0,789	-0,564	0,31	0,528
379,011567	"C16618;"	"6-Thioxanthine;"		"0,00032305;"	"C10H13N4O8PS;"	-0,952	0,004	0,048	1,108	0,054	0,231	0,807	0,092	0,296	0,172	0,864	0,932	2,064	0,014	0,077	1,474	0,013	0,068	1,494	0,037	0,149
383,11268	"C00021;"	"S-Adenosyl-L-homocysteine;"	"Cysteine and methionine metabolism; "	"0,0016281;"	"C14H20N6O5S;"	-1,577	0,001	0,031	-1,319	0	0,015	-1,444	0,001	0,03	-1,346	0,001	0,012	-1,482	0	0,011	-1,776	0	0,001	-1,96	0	0,028
386,016304	"C00705;"	"dCDP;"	"Pyrimidine metabolism; "	"-0,00031756;"	"C9H15N3O10P2;"	-0,799	0,004	0,048	-0,619	0,045	0,219	-0,446	0,001	0,03	-0,42	0,138	0,338	-0,799	0,002	0,02	-0,773	0,014	0,072	-0,484	0,025	0,121
387,001116	"C01346;"	"dUDP;"	"Pyrimidine metabolism; "	"-0,0011149;"	"C9H14N2O11P2;"	0,423	0,523	0,712	0,619	0,207	0,424	0,923	0,093	0,296	1,161	0,043	0,18	0,659	0,118	0,244	1,539	0,027	0,111	1,455	0,006	0,056
388,94439	"C00119;"	"5-Phospho-alpha-D-ribose 1-diphosphate;"	"Pentose phosphate pathway; Purine metabolism; Pyrimidine metabolism; Histidine metabolism; Phenylalanine, tyrosine and tryptophan biosynthesis; "	"0,00014387;"	"C5H13O14P3;"	-0,675	0,005	0,052	-0,713	0,005	0,065	-0,825	0,01	0,094	-0,656	0,058	0,211	-0,837	0,004	0,04	-0,818	0,001	0,016	-0,855	0	0,028
392,046055	"C16620;"	"6-Methylthioguanosine;"		"-0,0025306;"	"C11H16N5O7PS;"	-0,796	0,007	0,058	-0,585	0,092	0,287	-0,699	0,036	0,178	-0,666	0,063	0,228	-0,757	0,053	0,155	-0,538	0,067	0,179	-0,363	0,294	0,509
397,107222	"C04425;"	"S-Adenosyl-4-methylthio-2-oxobutanoate;"		"-0,0010741;"	"C15H20N5O6S;"	-0,464	0,022	0,116	-0,331	0,133	0,351	-0,698	0,001	0,022	-0,747	0,014	0,098	-0,952	0,001	0,016	-0,897	0	0	-0,698	0,074	0,198
402,010493	"C00112;"	"CDP;"	"Pyrimidine metabolism; "	"0,00040713;"	"C9H15N3O11P2;"	-0,097	0,688	0,822	-0,161	0,455	0,651	-0,015	0,983	0,992	-0,261	0,155	0,356	-0,518	0,068	0,176	-0,218	0,094	0,214	-0,143	0,506	0,689
402,082735	"C05983;"	"Propionyladenylate;Propionyl-adenosine monophosphate;"	"Propanoate metabolism; "	"-0,00071718;"	"C13H18N5O8P;"	-1,402	0	0,006	-1,354	0	0,005	-1,315	0	0,015	-1,297	0	0,002	-1,291	0	0,001	-1,585	0	0,004	-1,639	0	0,001
402,994708	"C00015;"	"UDP;"	"Pyrimidine metabolism; "	"0,0002083;"	"C9H14N2O12P2;"	0,108	0,764	0,877	0,396	0,025	0,159	0,296	0,329	0,572	0,202	0,586	0,747	-0,302	0,216	0,365	-0,071	0,477	0,628	0,018	0,93	0,96
410,027289	"C00206;"	"dADP;"	"Purine metabolism; "	"-6,9887e-05;"	"C10H15N5O9P2;"	-0,472	0,038	0,155	-0,151	0,226	0,437	-0,364	0,155	0,377	0,086	0,658	0,797	-0,478	0,041	0,142	-0,317	0,091	0,214	-0,385	0,086	0,213
411,015023	"C01344;"	"dIDP;2'-Deoxyinosine-5'-diphosphate;2'-Deoxyinosine 5'-diphosphate;"	"Purine metabolism; "	"-0,0037878;"	"C10H14N4O10P2;"	-0,503	0,035	0,148	-0,129	0,494	0,676	0,058	0,817	0,901	0,549	0,397	0,613	0,226	0,619	0,717	0,101	0,924	0,963	-0,202	0,46	0,646
418,02507	"C14861;"	"S-(2,2-Dichloro-1-hydroxy)ethyl;"		"-0,00027499;"	"C12H19Cl2N3O7S;"	1,307	0,064	0,203	1,31	0,006	0,069	1,496	0,019	0,126	1,436	0,002	0,034	1,745	0,004	0,041	1,654	0,001	0,017	1,437	0,001	0,028
424,034521	"C00068;"	"Thiamine diphosphate;"	"Glycolysis / Gluconeogenesis; Citrate cycle (TCA cycle); Valine, leucine and isoleucine degradation; Pyruvate metabolism; Propanoate metabolism; Thiamine metabolism; "	"0,0031658;"	"C12H19N4O7P2S;"	0,135	0,296	0,521	0,307	0,456	0,651	0,273	0,232	0,48	0,604	0,032	0,159	0,127	0,737	0,805	0,41	0,107	0,224	0,617	0,076	0,198
426,022994	"C00008;C00361;C00054;"	"ADP;dGDP;Adenosine 3',5'-bisphosphate;"	"Oxidative phosphorylation; Purine metabolism; Purine metabolism; Purine metabolism; Pantothenate and CoA biosynthesis; Sulfur metabolism; "	"-0,0008598;-0,0008598;-0,0008598;"	"C10H15N5O10P2;C10H15N5O10P2;C10H15N5O10P2;"	-0,136	0,351	0,565	-0,07	0,648	0,802	-0,174	0,251	0,487	0,065	0,795	0,89	-0,31	0,192	0,336	-0,431	0,012	0,066	-0,297	0,379	0,59
433,331613	"C04554;"	"3alpha,7alpha-Dihydroxy-5beta-cholestanate;3alpha,7alpha-Dihydroxy-5beta-cholestanoate;"		"0,00071498;"	"C27H46O4;"	0,388	0,678	0,822	-0,108	0,528	0,699	-0,12	0,403	0,645	0,047	0,626	0,777	-0,287	0,023	0,101	-0,409	0,084	0,201	-0,384	0,006	0,057
442,016919	"C00035;"	"GDP;"	"Purine metabolism; "	"0,0001296;"	"C10H15N5O11P2;"	-0,021	0,946	0,969	0,216	0,168	0,382	0,234	0,507	0,721	0,425	0,09	0,275	-0,06	0,731	0,801	0,302	0,047	0,144	0,338	0,415	0,62
442,149871	"C00415;"	"7,8-Dihydrofolate;"	"One carbon pool by folate; Folate biosynthesis; "	"-0,0018208;"	"C19H21N7O6;"	-1,401	0	0,004	-1,236	0	0,005	-1,351	0	0,008	-1,179	0,022	0,13	-1,281	0	0,004	-1,203	0,01	0,057	-0,97	0,003	0,044
446,086753	"C05691;"	"Se-Adenosylselenomethionine;"		"-0,0045191;"	"C15H23N6O5Se;"	-0,358	0,026	0,124	-0,271	0,123	0,333	-0,393	0,118	0,338	-0,494	0,007	0,073	-0,169	0,166	0,31	-0,526	0,038	0,13	-0,484	0,025	0,121
450,130193	"C14791;C14792;C14793;"	"(1R)-Hydroxy-(2R)-glutathionyl-1,2-dihydronaphthalene;(1S)-Hydroxy-(2S)-glutathionyl-1,2-dihydronaphthalene;(1R)-Glutathionyl-(2R)-hydroxy-1,2-dihydronaphthalene;"		"0,0038466;0,0038466;0,0038466;"	"C20H25N3O7S;C20H25N3O7S;C20H25N3O7S;"	-1,315	0,004	0,048	-0,892	0,043	0,219	-0,971	0,018	0,126	-0,943	0,022	0,13	-0,913	0,095	0,211	-1,117	0,008	0,049	-0,965	0,009	0,069
462,067765	"C03794;"	"N6-(1,2-Dicarboxyethyl)-AMP;"	"Purine metabolism; Alanine, aspartate and glutamate metabolism; "	"-0,0010029;"	"C14H18N5O11P;"	-0,32	0,29	0,512	-0,482	0,064	0,244	-0,415	0,046	0,212	-0,408	0,133	0,333	-0,538	0,047	0,147	-0,805	0,017	0,08	-0,848	0,02	0,121
465,982463	"C00458;"	"dCTP;"	"Pyrimidine metabolism; "	"-0,00014661;"	"C9H16N3O13P3;"	-0,302	0,316	0,534	-0,113	0,603	0,765	-0,335	0,144	0,367	-0,223	0,264	0,478	-0,966	0,001	0,019	-0,635	0,002	0,018	-0,36	0,058	0,181
468,065617	"C05125;"	"2-(alpha-Hydroxyethyl)thiamine2-Hydroxyethyl-ThPP;"	"Glycolysis / Gluconeogenesis; Citrate cycle (TCA cycle); Pyruvate metabolism; "	"-0,0017153;"	"C14H23N4O8P2S;"	-0,249	0,046	0,169	-0,284	0,242	0,456	-0,118	0,686	0,823	-0,253	0,341	0,551	-0,342	0,326	0,471	-0,018	0,76	0,863	-0,038	0,898	0,955
480,982246	"C00459;"	"dTTP;"	"Pyrimidine metabolism; "	"-0,00026458;"	"C10H17N2O14P3;"	0,443	0,113	0,275	0,42	0,048	0,222	0,679	0,047	0,212	0,506	0,043	0,179	0,491	0,04	0,141	0,525	0,03	0,119	0,406	0,047	0,173
481,976621	"C00063;"	"CTP;"	"Pyrimidine metabolism; "	"0,00060984;"	"C9H16N3O14P3;"	0,436	0,125	0,287	0,331	0,266	0,477	0,272	0,367	0,607	0,3	0,327	0,543	-0,418	0,09	0,205	0,02	0,845	0,915	0,21	0,349	0,564
482,961535	"C00075;"	"UTP;"	"Pyrimidine metabolism; "	"-0,00028815;"	"C9H15N2O15P3;"	0,147	0,785	0,877	0,149	0,757	0,868	0,222	0,525	0,728	0,064	0,874	0,934	-0,782	0,005	0,047	-0,275	0,062	0,172	0,154	0,759	0,869
489,991993	"C00131;"	"dATP;"	"Purine metabolism; "	"0,0015567;"	"C10H16N5O12P3;"	-0,304	0,256	0,462	-0,323	0,012	0,104	-0,425	0,004	0,047	-0,043	0,722	0,84	-0,656	0,022	0,099	-0,416	0,052	0,151	-0,326	0,008	0,061
496,095755	"C15976;"	"2-Methyl-1-hydroxypropyl-ThPP;2-Methyl-1-hydroxypropyl-TPP;"	"Valine, leucine and isoleucine degradation; "	"-0,00055388;"	"C16H27N4O8P2S;"	-0,32	0,161	0,351	0,137	0,772	0,873	0,241	0,885	0,936	0,554	0,563	0,729	0,342	0,527	0,649	0,461	0,787	0,878	0,503	0,791	0,892
505,988296	"C00002;C00286;"	"ATP;dGTP;"	"Oxidative phosphorylation; Purine metabolism; Bacterial secretion system; Purine metabolism; "	"0,00016872;0,00016872;"	"C10H16N5O13P3;C10H16N5O13P3;"	0,166	0,581	0,762	-0,068	0,675	0,824	0,072	0,779	0,883	0,33	0,08	0,267	-0,527	0,03	0,118	-0,262	0,263	0,43	-0,053	0,77	0,874
506,969061	"C00081;"	"ITP;"	"Purine metabolism; "	"0,0034189;"	"C10H15N4O14P3;"	-0,909	0,034	0,147	-0,644	0,015	0,111	-0,678	0,027	0,153	-0,435	0,149	0,351	-0,849	0,042	0,143	-0,312	0,136	0,269	-0,151	0,418	0,62
510,110894	"C15974;C15978;"	"3-Methyl-1-hydroxybutyl-ThPP;3-Methyl-1-hydroxybutyl-TPP;2-Methyl-1-hydroxybutyl-ThPP;2-Methyl-1-hydroxybutyl-TPP;"	"Valine, leucine and isoleucine degradation; Valine, leucine and isoleucine degradation; "	"-4,2145e-05;-4,2145e-05;"	"C17H29N4O8P2S;C17H29N4O8P2S;"	-0,046	0,869	0,927	0,147	0,453	0,651	0,375	0,503	0,718	0,077	0,924	0,954	0,4	0,181	0,323	0,496	0,953	0,97	0,649	0,374	0,59
520,072992	"C11435;"	"4-(cytidine 5'-diphospho)-2-C-methyl-D-erythritol;"	"Terpenoid backbone biosynthesis; "	"0,00090252;"	"C14H25N3O14P2;"	-0,239	0,207	0,415	-0,823	0,017	0,124	-0,852	0,002	0,039	-0,69	0,008	0,073	-0,683	0,001	0,019	-0,572	0,129	0,265	-0,007	0,834	0,925
521,982832	"C00044;"	"GTP;"	"Purine metabolism; Riboflavin metabolism; Folate biosynthesis; Biofilm formation; Sulfur relay system; "	"0,00054722;"	"C10H16N5O14P3;"	0,347	0,44	0,626	0,197	0,508	0,681	0,198	0,514	0,724	0,496	0,017	0,11	-0,139	0,281	0,426	0,255	0,346	0,513	0,392	0,11	0,258
530,055843	"C04297;"	"CDP-4-dehydro-3,6-dideoxy-D-glucose;CDP-3,6-dideoxy-D-erythro-hexos-4-ulose;CDP-4-dehydro-3,6-dideoxy-alpha-D-glucose;"	"Amino sugar and nucleotide sugar metabolism; "	"0,0024009;"	"C15H23N3O14P2;"	0,66	0,39	0,596	0,424	0,179	0,401	0,913	0,096	0,3	0,864	0,035	0,159	0,944	0,039	0,141	1	0,019	0,086	0,72	0,057	0,179
546,050472	"C01219;"	"CDP-4-dehydro-6-deoxy-D-glucose;"	"Amino sugar and nucleotide sugar metabolism; "	"0,0026873;"	"C15H23N3O15P2;"	1,528	0,094	0,253	1,624	0,003	0,046	1,907	0,016	0,123	1,696	0,011	0,086	2,091	0,006	0,049	2,099	0	0,004	1,692	0,002	0,036
547,073247	"C03319;"	"dTDP-6-deoxy-L-mannose;"	"Streptomycin biosynthesis; Polyketide sugar unit biosynthesis; "	"0,00031334;"	"C16H26N2O15P2;"	-0,284	0,358	0,567	-0,013	0,834	0,905	0,279	0,16	0,383	0,245	0,121	0,318	-0,259	0,073	0,184	-0,166	0,35	0,514	-0,216	0,235	0,447
558,063387	"C02741;C00301;"	"1-(5-Phosphoribosyl)-AMP;ADP-ribose;ADP-D-ribose;Adenosine diphosphate ribose;"	"Histidine metabolism; Purine metabolism; "	"0,0010054;0,0010054;"	"C15H23N5O14P2;C15H23N5O14P2;"	0,532	0,657	0,802	0,073	0,731	0,856	0,298	0,624	0,783	-0,285	0,449	0,664	-0,25	0,748	0,812	-0,176	0,786	0,878	0,071	0,864	0,946
561,256726	"C02191;"	"Protoporphyrin;"	"Porphyrin and chlorophyll metabolism; "	"-0,0060019;"	"C34H34N4O4;"	0,206	0,3	0,524	0,502	0,033	0,191	0,541	0,033	0,169	0,419	0,014	0,099	0,251	0,179	0,323	0,116	0,088	0,209	0,186	0,042	0,165
563,068321	"C00842;C02097;"	"dTDPglucose;dTDP-galactose;dTDP-D-galactose;"	"Streptomycin biosynthesis; Polyketide sugar unit biosynthesis; Acarbose and validamycin biosynthesis; "	"0,00015349;0,00015349;"	"C16H26N2O16P2;C16H26N2O16P2;"	-1,104	0,035	0,148	-0,812	0,001	0,021	-0,911	0,011	0,098	-0,782	0,026	0,142	-1,074	0	0,011	-1,017	0,001	0,016	-0,966	0	0,028
565,047165	"C00029;C00052;"	"UDPglucose;UDPgalactose;"	"Pentose and glucuronate interconversions; Galactose metabolism; Ascorbate and aldarate metabolism; Pyrimidine metabolism; Starch and sucrose metabolism; Amino sugar and nucleotide sugar metabolism; Glycerolipid metabolism; Galactose metabolism; Amino sugar and nucleotide sugar metabolism; "	"0,00057401;0,00057401;"	"C15H24N2O17P2;C15H24N2O17P2;"	0,044	0,883	0,929	0,573	0,13	0,347	0,374	0,298	0,539	0,218	0,486	0,682	-0,344	0,11	0,234	-0,187	0,335	0,507	0,021	0,875	0,946
572,135679	"C05921;"	"Biotinyl-5'-AMP;"	"Biotin metabolism; "	"-0,0022776;"	"C20H28N7O9PS;"	-0,725	0,067	0,203	-0,877	0,037	0,197	-0,541	0,092	0,296	-0,34	0,256	0,47	-0,879	0,003	0,038	-0,628	0,042	0,138	0,173	0,543	0,717
573,199496	"C09332;"	"THF-L-glutamate;Tetrahydropteroyldiglutamate;(6S)-H4PteGlu2;"	"Folate biosynthesis; "	"0,0067976;"	"C24H30N8O9;"	-0,369	0,054	0,182	-0,051	0,702	0,844	0,084	0,66	0,813	-0,153	0,298	0,517	0,122	0,385	0,528	-0,119	0,35	0,514	-0,115	0,21	0,417
574,163235	"C14855;C14856;"	"4,5-Dihydro-4-hydroxy-5-S-glutathionyl-benzo[a]pyrene;7,8-Dihydro-7-hydroxy-8-S-glutathionyl-benzo[a]pyrene;"		"0,0021045;0,0021045;"	"C30H29N3O7S;C30H29N3O7S;"	0,021	0,86	0,922	-0,174	0,255	0,471	-0,234	0,025	0,152	-0,605	0,02	0,125	-0,245	0,042	0,143	-0,394	0,006	0,04	-0,266	0,208	0,417
576,07432	"C04896;C04916;"	"1-(5-Phosphoribosyl)-5-[(5-phosphoribosylamino)methylideneamino]imidazole-4-carboxamide;5-[(5-phospho-1-deoxyribulos-1-ylamino)methylideneamino]-1-(5-phosphoribosyl)imidazole-4-carboxamide;"	"Histidine metabolism; Histidine metabolism; "	"0,00063674;0,00063674;"	"C15H25N5O15P2;C15H25N5O15P2;"	-0,175	0,71	0,839	-0,635	0,191	0,404	-0,528	0,109	0,324	-0,17	0,596	0,756	-0,032	0,995	0,997	-0,922	0,082	0,198	-1,539	0,008	0,061
583,210644	"C03516;"	"MagnesiumMagnesium protoporphyrin IX;Mg-protoporphyrin IX;"	"Porphyrin and chlorophyll metabolism; "	"0,0094728;"	"C34H32MgN4O4;"	0,959	0,422	0,617	-0,057	0,632	0,79	-0,146	0,414	0,65	-0,08	0,636	0,784	-0,052	0,676	0,763	-0,234	0,059	0,166	-0,191	0,163	0,354
588,070556	"C00498;C03117;"	"ADPglucose;GDP-6-deoxy-D-mannose;GDP-D-rhamnose;GDP-6-deoxy-alpha-D-mannose;GDP-alpha-D-rhamnose;"	"Starch and sucrose metabolism; Amino sugar and nucleotide sugar metabolism; Fructose and mannose metabolism; Amino sugar and nucleotide sugar metabolism; "	"0,0044012;0,0044012;"	"C16H25N5O15P2;C16H25N5O15P2;"	-0,852	0,059	0,194	-0,59	0,181	0,402	-0,417	0,205	0,451	-0,111	0,612	0,763	-0,299	0,273	0,419	0,205	0,8	0,888	0,211	0,893	0,955
601,942767	"C01228;"	"Guanosine 3',5'-bis(diphosphate);"	"Purine metabolism; "	"0,0069423;"	"C10H17N5O17P4;"	-1,155	0,002	0,037	-0,85	0,008	0,08	-0,817	0,01	0,094	-0,84	0,001	0,014	-1,364	0	0,011	-1,144	0,003	0,031	-0,629	0,002	0,036
604,068223	"C00096;"	"GDP-D-mannose;"	"Fructose and mannose metabolism; Ascorbate and aldarate metabolism; Amino sugar and nucleotide sugar metabolism; "	"0,0016489;"	"C16H25N5O16P2;"	-0,092	0,601	0,772	-0,196	0,428	0,638	0,113	0,853	0,923	0,134	0,556	0,724	-0,168	0,509	0,634	0,13	0,734	0,844	0,14	0,533	0,713
606,074086	"C00203;C00043;C01170;"	"UDP-N-acetyl-D-galactosamine;UDP-N-acetyl-D-glucosamine;UDP-N-acetyl-D-mannosamine;"	"Amino sugar and nucleotide sugar metabolism; Amino sugar and nucleotide sugar metabolism; Lipopolysaccharide biosynthesis; Peptidoglycan biosynthesis; Amino sugar and nucleotide sugar metabolism; "	"0,00020196;0,00020196;0,00020196;"	"C17H27N3O17P2;C17H27N3O17P2;C17H27N3O17P2;"	-0,65	0,211	0,415	-0,845	0,051	0,23	-0,698	0,03	0,157	-0,427	0,187	0,397	-1,057	0,001	0,019	-1,184	0,005	0,039	-1,216	0,002	0,037
611,144731	"C00127;"	"Oxidized glutathione;"	"Glutathione metabolism; "	"-5,0339e-05;"	"C20H32N6O12S2;"	0,003	0,984	0,99	-0,299	0,447	0,647	-0,452	0,581	0,76	-0,434	0,353	0,56	-0,891	0,177	0,323	-1,409	0,079	0,193	-0,717	0,071	0,196
615,169355	"C00032;"	"Protoheme;"	"Porphyrin and chlorophyll metabolism; ABC transporters; "	"0,00066192;"	"C34H32FeN4O4;"	0,486	0,352	0,565	0,32	0,257	0,472	0,319	0,012	0,102	0,037	0,657	0,797	0,087	0,655	0,749	0,089	0,477	0,628	0,111	0,731	0,855
618,08467	"C06397;C06398;"	"ADP-D-glycero-beta-D-manno-heptose;ADP-L-glycero-beta-D-manno-heptose;"	"Lipopolysaccharide biosynthesis; Lipopolysaccharide biosynthesis; "	"0,00085204;0,00085204;"	"C17H27N5O16P2;C17H27N5O16P2;"	-0,047	0,724	0,854	0,084	0,804	0,893	0,091	0,73	0,865	0,387	0,109	0,307	-0,323	0,131	0,264	-0,218	0,225	0,39	-0,001	0,993	0,993
620,052107	"C04573;"	"UDP-N-acetyl-2-amino-2-deoxy-D-glucuronate;UDP-N-acetyl-D-glucosaminuronate;UDP-N-acetyl-2-amino-2-deoxy-alpha-D-glucuronate;"	"Amino sugar and nucleotide sugar metabolism; "	"0,001446;"	"C17H25N3O18P2;"	-0,029	0,595	0,77	0,635	0,441	0,644	0,856	0,016	0,123	0,555	0,033	0,159	-0,564	0,048	0,147	-0,63	0,002	0,018	-0,848	0,065	0,192
634,143304	"C11278;"	"Aflatoxin8,9-Dihydro-8-(S-glutathionyl)-9-hydroxyaflatoxin B1;"		"-0,0084761;"	"C27H29N3O13S;"	1,082	0,465	0,651	-0,793	0,046	0,219	-0,57	0,198	0,446	-0,625	0,326	0,543	-0,904	0,057	0,162	-1,224	0,052	0,151	-0,566	0,131	0,294
653,533864	"C05811;"	"2-Octaprenyl-6-hydroxyphenol;"	"Ubiquinone and other terpenoid-quinone biosynthesis; "	"-0,0035648;"	"C46H70O2;"	0,039	0,736	0,859	0,727	0,389	0,606	0,101	0,858	0,925	-0,607	0,089	0,275	-0,202	0,821	0,859	-0,004	0,951	0,97	0,333	0,262	0,472
661,079645	"C19725;C19745;"	"UDP-2,3-diacetamido-2,3-dideoxy-alpha-D-glucuronate;UDP-alpha-D-GlcNAc3NAcA;UDP-2,3-diacetamido-2,3-dideoxy-alpha-D-glucuronic acid;UDP-2,3-diacetamido-2,3-dideoxy-alpha-D-mannuronate;UDP-alpha-D-ManNAc3NAcA;UDP-2,3-diacetamido-2,3-dideoxy-alpha-D-mannuronic acid;"	"Amino sugar and nucleotide sugar metabolism; Amino sugar and nucleotide sugar metabolism; "	"0,00045724;0,00045724;"	"C19H28N4O18P2;C19H28N4O18P2;"	0,806	0,1	0,255	0,786	0,182	0,402	1,185	0,068	0,261	1,687	0,003	0,034	0,947	0,019	0,091	1,551	0,004	0,035	1,504	0,012	0,086
663,104994	"C00003;"	"Nicotinamide adenine dinucleotide;"	"Oxidative phosphorylation; Thiamine metabolism; Nicotinate and nicotinamide metabolism; "	"0,004671;"	"C21H28N7O14P2;"	-0,111	0,812	0,898	-0,304	0,367	0,586	-0,161	0,715	0,851	-0,076	0,738	0,844	-0,55	0,025	0,104	-0,397	0,07	0,181	-0,045	0,588	0,74
664,117146	"C00004;"	"Nicotinamide adenine dinucleotide - reduced;"	"Oxidative phosphorylation; "	"0,00034468;"	"C21H29N7O14P2;"	2,802	0,117	0,277	2,569	0,055	0,231	2,763	0,074	0,271	2,944	0,004	0,047	1,776	0,161	0,305	2,251	0,07	0,181	2,081	0,025	0,121
678,094563	"C01050;"	"UDP-N-acetylmuramate;"	"D-Glutamine and D-glutamate metabolism; Amino sugar and nucleotide sugar metabolism; Peptidoglycan biosynthesis; "	"0,00085439;"	"C20H31N3O19P2;"	1,179	0,21	0,415	0,412	0,171	0,386	0,243	0,323	0,572	0,601	0,033	0,159	0,155	0,355	0,501	0,705	0	0,008	0,573	0,207	0,417
681,913721	"C04494;"	"Guanosine 3'-diphosphate 5'-triphosphate;"	"Purine metabolism; "	"0,0023182;"	"C10H18N5O20P5;"	-0,372	0,166	0,359	-0,152	0,585	0,747	-0,135	0,611	0,774	0,059	0,983	0,986	-0,39	0,206	0,355	-0,13	0,382	0,541	0,156	0,787	0,89
744,08261	"C00005;"	"Nicotinamide adenine dinucleotide phosphate - reduced;"	"Glutathione metabolism; "	"0,0012106;"	"C21H30N7O17P3;"	1,917	0,031	0,138	0,89	0,134	0,351	0,764	0,379	0,617	1,281	0,096	0,284	0,143	0,609	0,713	1,268	0,085	0,203	1,056	0,102	0,241
749,132737	"C01212;"	"UDP-N-acetylmuramoyl-L-alanine;"	"D-Glutamine and D-glutamate metabolism; Peptidoglycan biosynthesis; "	"-0,00020575;"	"C23H36N4O20P2;"	0,44	0,77	0,877	-0,327	0,304	0,518	-0,449	0,177	0,408	-0,284	0,208	0,421	-0,724	0	0,011	-0,884	0,049	0,147	-0,167	0,55	0,717
766,107434	"C00010;"	"Coenzyme A;"	"Fatty acid degradation; Carbapenem biosynthesis; Pantothenate and CoA biosynthesis; "	"0,0004933;"	"C21H36N7O16P3S;"	-0,311	0,876	0,927	-0,17	0,851	0,907	-0,337	0,899	0,946	0,476	0,318	0,537	-0,885	0,009	0,062	0,021	0,718	0,836	-0,329	0,456	0,643
775,250733	"C01217;"	"5,6,7,8-Tetrahydromethanopterin;H4MPT;THMPT;Tetrahydromethanopterin;"	"Methane metabolism; Folate biosynthesis; "	"0,0049516;"	"C30H45N6O16P;"	0,237	0,204	0,413	0,516	0,107	0,314	0,045	0,682	0,821	0,155	0,484	0,682	0,098	0,803	0,855	0,399	0,105	0,223	0,18	0,426	0,628
784,149475	"C00016;"	"FAD;"	"Riboflavin metabolism; "	"0,00037762;"	"C27H33N9O15P2;"	0,798	0,041	0,162	0,636	0,146	0,36	0,75	0,08	0,275	0,788	0	0,007	0,024	0,943	0,96	0,389	0,104	0,223	0,406	0,024	0,121
786,151875	"C01352;"	"FADH2;"	"Riboflavin metabolism; "	"0,013628;"	"C27H35N9O15P2;"	1,115	0,054	0,182	0,592	0,295	0,515	0,762	0,034	0,173	0,768	0,04	0,17	-0,013	0,962	0,97	0,396	0,318	0,492	0,722	0,101	0,241
808,117755	"C00024;"	"Acetyl-CoA;"	"Glycolysis / Gluconeogenesis; Citrate cycle (TCA cycle); Fatty acid biosynthesis; Fatty acid degradation; Synthesis and degradation of ketone bodies; Valine, leucine and isoleucine degradation; Valine, leucine and isoleucine biosynthesis; Lysine biosynthesis; Lysine degradation; Phenylalanine metabolism; Benzoate degradation; Tryptophan metabolism; beta-Alanine metabolism; Taurine and hypotaurine metabolism; Glutathione metabolism; Inositol phosphate metabolism; Pyruvate metabolism; Xylene degradation; Chloroalkane and chloroalkene degradation; Glyoxylate and dicarboxylate metabolism; Propanoate metabolism; Butanoate metabolism; Methane metabolism; Terpenoid backbone biosynthesis; "	"0,00073654;"	"C23H38N7O17P3S;"	1,298	0,094	0,253	1,285	0,133	0,351	1,266	0,156	0,378	0,993	0,174	0,381	0,508	0,18	0,323	0,696	0,093	0,214	1,101	0,021	0,121
822,138286	"C00100;"	"Propanoyl-CoA;"	"Valine, leucine and isoleucine degradation; beta-Alanine metabolism; Xylene degradation; Glyoxylate and dicarboxylate metabolism; Propanoate metabolism; C5-Branched dibasic acid metabolism; "	"-0,0041444;"	"C24H40N7O17P3S;"	2,24	0,098	0,254	1,255	0,305	0,518	1,309	0,042	0,202	1,801	0,186	0,397	1,166	0,237	0,381	2,526	0,019	0,088	2,739	0,002	0,037
836,143454	"C00136;C00630;"	"Butanoyl-CoA;2-Methylpropanoyl-CoA;2-Methylpropionyl-CoA;Isobutyryl-CoA;"	"Fatty acid degradation; Lysine degradation; Glyoxylate and dicarboxylate metabolism; Butanoate metabolism; Valine, leucine and isoleucine degradation; Phenylalanine metabolism; "	"0,0063377;0,0063377;"	"C25H42N7O17P3S;C25H42N7O17P3S;"	4,211	0,071	0,209	1,915	0,059	0,239	1,563	0,006	0,067	1,536	0,079	0,267	1,944	0,04	0,141	2,121	0,066	0,178	2,137	0,005	0,049
845,659766	"C00348;C17556;"	"Undecaprenyl phosphate;di-trans,poly-cis-UndecaprenylUndecaprenyl phosphate;ditrans,octacis-Undecaprenyl phosphate;"	"Peptidoglycan biosynthesis; "	"-0,0015511;-0,0015511;"	"C55H91O4P;C55H91O4P;"	0,979	0,184	0,383	1,539	0,192	0,404	0,99	0,203	0,451	0,984	0,098	0,287	0,567	0,415	0,558	0,805	0,369	0,531	0,739	0,257	0,465
850,126463	"C00332;"	"Acetoacetyl-CoA;"	"Fatty acid degradation; Synthesis and degradation of ketone bodies; Valine, leucine and isoleucine degradation; Lysine degradation; Benzoate degradation; Tryptophan metabolism; Pyruvate metabolism; Glyoxylate and dicarboxylate metabolism; Propanoate metabolism; Butanoate metabolism; Terpenoid backbone biosynthesis; "	"0,0025933;"	"C25H40N7O18P3S;"	2,144	0,034	0,147	1,302	0,278	0,494	1,072	0,112	0,326	0,857	0,718	0,84	2,073	0,031	0,12	2,02	0,013	0,068	1,031	0,269	0,482
852,107321	"C00083;"	"Malonyl-CoA;"	"Fatty acid biosynthesis; Carbapenem biosynthesis; Phenylalanine metabolism; beta-Alanine metabolism; Pyruvate metabolism; Propanoate metabolism; "	"0,00099918;"	"C24H38N7O19P3S;"	2,043	0,126	0,288	0,375	0,495	0,676	0,176	0,877	0,932	0,379	0,604	0,761	-0,323	0,213	0,363	0,267	0,786	0,878	0,565	0,437	0,632
853,255522	"C01024;"	"Hydroxymethylbilane;"	"Porphyrin and chlorophyll metabolism; "	"0,022993;"	"C40H46N4O17;"	0,221	0,411	0,611	-0,465	0,432	0,641	-0,035	0,969	0,987	-0,684	0,015	0,101	-0,377	0,085	0,199	-0,34	0,457	0,607	-0,237	0,763	0,869
862,164635	"C05271;"	"trans-Hex-2-enoyl-CoA;(2E)-Hexenoyl-CoA;"	"Fatty acid degradation; "	"0,00080678;"	"C27H44N7O17P3S;"	0,298	0,514	0,708	0,964	0,147	0,36	0,423	0,325	0,572	0,509	0,286	0,506	0,101	0,949	0,96	0,204	0,985	0,985	0,388	0,138	0,308
866,159014	"C04405;C05998;"	"(S)-3-Hydroxy-2-methylbutyryl-CoA;3-Hydroxyisovaleryl-CoA;3-Hydroxyisovaleryl coenzyme A;"	"Valine, leucine and isoleucine degradation; Valine, leucine and isoleucine degradation; "	"0,0013424;0,0013424;"	"C26H44N7O18P3S;C26H44N7O18P3S;"	0,725	0,042	0,162	1,449	0,066	0,244	0,956	0,07	0,261	1,231	0,057	0,211	1,317	0,147	0,284	1,625	0,055	0,159	1,977	0,027	0,123
870,130819	"C00512;"	"S-BenzoateBenzoyl-CoA;"	"Phenylalanine metabolism; Benzoate degradation; Toluene degradation; Aminobenzoate degradation; "	"0,0033228;"	"C28H40N7O17P3S;"	1,087	0,081	0,233	0,75	0,459	0,652	0,996	0,03	0,157	0,783	0,116	0,312	0,55	0,225	0,372	2,237	0,015	0,075	1,041	0,011	0,078
876,184437	"C16470;"	"5-Methylhex-4-enoyl-CoA;"	"Geraniol degradation; "	"-0,0033453;"	"C28H46N7O17P3S;"	0,63	0,416	0,612	0,51	0,578	0,742	0,161	0,997	0,997	0,648	0,295	0,517	0,024	0,73	0,801	1,131	0,098	0,218	0,188	0,574	0,731
877,318354	"C05772;"	"Precorrin 3 A;"	"Porphyrin and chlorophyll metabolism; "	"-0,0034547;"	"C43H50N4O16;"	-1,383	0,012	0,082	-0,56	0,144	0,36	-1,171	0,003	0,041	-0,579	0,126	0,323	-0,4	0,4	0,543	-0,66	0,01	0,057	-0,489	0,072	0,197
879,396819	"C06399;C06408;"	"Hydrogenobyrinate;Precorrin 8;"	"Porphyrin and chlorophyll metabolism; Porphyrin and chlorophyll metabolism; "	"0,0065015;0,0065015;"	"C45H60N4O14;C45H60N4O14;"	-0,243	0,455	0,643	-0,124	0,774	0,873	-0,294	0,341	0,589	-0,262	0,611	0,763	0,333	0,532	0,652	-0,719	0,075	0,186	-0,794	0,069	0,196
880,164683	"C05268;"	"(S)-Hydroxyhexanoyl-CoA;(S)-3-Hydroxyhexanoyl-CoA;"	"Fatty acid degradation; "	"0,011323;"	"C27H46N7O18P3S;"	1,06	0,118	0,277	0,915	0,115	0,331	0,7	0,103	0,312	0,593	0,047	0,189	0,719	0,043	0,143	0,71	0,082	0,198	0,863	0,195	0,404
885,145952	"C02247;"	"Anthraniloyl-CoA;2-Aminobenzoyl-CoA;"	"Phenazine biosynthesis; Aminobenzoate degradation; "	"-0,00091168;"	"C28H41N8O17P3S;"	1,314	0,227	0,424	1,909	0,079	0,27	1,64	0,06	0,238	1,111	0,085	0,274	0,691	0,567	0,675	1,621	0,189	0,347	0,992	0,434	0,63
890,157531	"C16471;"	"5-Methyl-3-oxo-4-hexenoyl-CoA;"	"Geraniol degradation; "	"0,0028253;"	"C28H44N7O18P3S;"	0,38	0,359	0,567	0,934	0,372	0,59	0,044	0,982	0,992	0,57	0,13	0,331	1,097	0,064	0,168	0,876	0,236	0,401	0,344	0,331	0,548
892,179176	"C16469;"	"3-Hydroxy-5-methylhex-4-enoyl-CoA;"	"Geraniol degradation; "	"-0,0031704;"	"C28H46N7O18P3S;"	0,126	0,876	0,927	0,154	0,625	0,786	0,54	0,31	0,552	0,636	0,248	0,462	-0,779	0,351	0,501	-0,62	0,333	0,507	-0,977	0,181	0,385
896,134141	"C01011;C03058;"	"(3S)-Citramalyl-CoA;L-Citramalyl-CoA;(S)-Citramalyl-CoA;2-Hydroxyglutaryl-CoA;"	"C5-Branched dibasic acid metabolism; Butanoate metabolism; "	"0,00039467;0,00039467;"	"C26H42N7O20P3S;C26H42N7O20P3S;"	0,881	0,169	0,36	0,919	0,167	0,382	0,628	0,139	0,362	0,612	0,087	0,275	0,749	0,224	0,372	0,913	0,136	0,269	0,835	0,084	0,21
907,328789	"C06407;"	"Precorrin 4;"	"Porphyrin and chlorophyll metabolism; "	"-0,0033245;"	"C44H52N4O17;"	-0,873	0,024	0,117	-0,549	0,222	0,437	-1,047	0,035	0,173	-0,744	0,109	0,307	-0,178	0,469	0,602	-0,387	0,339	0,509	-1,038	0,009	0,066
908,132869	"C02232;"	"3-Oxoadipyl-CoA;"	"Phenylalanine metabolism; Benzoate degradation; Caprolactam degradation; "	"0,0016667;"	"C27H42N7O20P3S;"	1,19	0,153	0,343	0,645	0,209	0,424	-0,121	0,951	0,981	0,533	0,166	0,369	0,753	0,05	0,15	-0,28	0,42	0,578	0,16	0,587	0,74
908,181573	"C01063;"	"Pimeloyl-CoA;"	"Benzoate degradation; Biotin metabolism; "	"-0,010652;"	"C28H46N7O19P3S;"	0,065	0,776	0,877	-0,317	0,658	0,811	0,472	0,005	0,062	0,091	0,773	0,871	-0,294	0,466	0,602	0,285	0,422	0,578	0,901	0,184	0,388
916,208108	"C01920;C11945;C11946;"	"Geranoyl-CoA;cis-Geranyl-CoA;trans-2-Methyl-5-isopropylhexa-2,5-dienoyl-CoA;cis-2-Methyl-5-isopropylhexa-2,5-dienoyl-CoA;"	"Geraniol degradation; Limonene and pinene degradation; Limonene and pinene degradation; "	"0,0042831;0,0042831;0,0042831;"	"C31H50N7O17P3S;C31H50N7O17P3S;C31H50N7O17P3S;"	0,47	0,653	0,802	0,949	0,387	0,606	1,238	0,048	0,213	0,982	0,027	0,144	0,108	0,729	0,801	0,396	0,566	0,698	0,579	0,56	0,722
917,23517	"C00748;"	"Siroheme;"	"Porphyrin and chlorophyll metabolism; "	"-0,016628;"	"C42H46FeN4O16;"	0,197	0,519	0,712	-0,083	0,931	0,964	0,136	0,564	0,747	0,448	0,076	0,263	-0,105	0,821	0,859	0,561	0,095	0,214	0,207	0,462	0,646
918,198206	"C16466;"	"7-Methyl-3-oxo-6-octenoyl-CoA;"	"Geraniol degradation; "	"-0,0065499;"	"C30H48N7O18P3S;"	1,035	0,587	0,762	1,147	0,139	0,357	0,916	0,951	0,981	0,853	0,24	0,456	-0,116	0,97	0,976	1,598	0,031	0,12	1,521	0,413	0,62
918,233126	"C05275;C16464;"	"trans-Dec-2-enoyl-CoA;(2E)-Decenoyl-CoA;Citronellyl-CoA;"	"Fatty acid degradation; Geraniol degradation; "	"-0,0050851;-0,0050851;"	"C31H52N7O17P3S;C31H52N7O17P3S;"	0,191	0,781	0,877	0,045	0,831	0,904	0,408	0,243	0,487	0,345	0,479	0,682	0,123	0,708	0,785	-0,188	0,819	0,895	0,037	0,95	0,963
920,238566	"C05274;"	"Decanoyl-CoA;"	"Fatty acid degradation; "	"0,0051251;"	"C31H54N7O17P3S;"	-0,937	0,089	0,243	-0,313	0,344	0,56	-0,15	0,699	0,835	-0,825	0,081	0,269	-0,556	0,076	0,189	-0,163	0,82	0,895	-0,754	0,02	0,121
921,336367	"C06416;"	"Precorrin 5;"	"Porphyrin and chlorophyll metabolism; "	"0,0047476;"	"C45H54N4O17;"	0,009	0,881	0,929	-0,29	0,216	0,433	-0,057	0,955	0,981	-0,287	0,498	0,688	-0,257	0,317	0,461	-0,02	0,907	0,954	-0,288	0,125	0,285
932,216106	"C17401;"	"Cobalt-factor;"	"Porphyrin and chlorophyll metabolism; "	"0,00069371;"	"C43H46CoN4O16;"	-0,345	0,105	0,266	0,512	0,12	0,331	-0,502	0,002	0,034	-0,324	0,252	0,466	-0,716	0,015	0,078	-0,111	0,943	0,969	-0,31	0,536	0,715
936,242014	"C05264;"	"(S)-3-Hydroxydecanoyl-CoA;"	"Fatty acid degradation; "	"-0,0034079;"	"C31H54N7O18P3S;"	0,192	0,925	0,956	0,24	0,437	0,643	0,273	0,457	0,68	-0,14	0,854	0,926	-0,696	0,109	0,234	-0,148	0,731	0,843	0,631	0,081	0,207
944,252192	"C05279;C05280;"	"trans,cis-Lauro-2,6-dienoyl-CoA;cis,cis-3,6-Dodecadienoyl-CoA;"	"Fatty acid degradation; Fatty acid degradation; "	"-0,0085004;-0,0085004;"	"C33H54N7O17P3S;C33H54N7O17P3S;"	-0,358	0,345	0,559	-0,462	0,32	0,538	-0,647	0,049	0,213	0,101	0,91	0,952	-0,291	0,875	0,906	0,213	0,105	0,223	0,674	0,234	0,447
948,282648	"C01832;"	"Lauroyl-CoA;Lauroyl coenzyme A;Dodecanoyl-CoA;"	"Fatty acid degradation; "	"-0,0076563;"	"C33H58N7O17P3S;"	0,096	0,602	0,772	-0,047	0,678	0,825	-1,951	0,018	0,126	-0,378	0,465	0,677	-0,521	0,253	0,401	-0,432	0,517	0,658	-0,551	0,216	0,424
958,21656	"C16339;"	"(+)-7-Isojasmonic;"	"alpha-Linolenic acid metabolism; "	"0,0063961;"	"C33H52N7O18P3S;"	0,428	0,393	0,596	0,355	0,216	0,433	0,361	0,111	0,325	0,09	0,829	0,902	-0,179	0,357	0,501	0,383	0,548	0,682	0,243	0,371	0,588
976,728716	"C16157;"	"Undecaprenyl4-Amino-4-deoxy-alpha-L-arabinopyranosyl ditrans,octacis-undecaprenyl phosphate;"	"Amino sugar and nucleotide sugar metabolism; "	"-0,012259;"	"C60H100NO7P;"	-1,306	0,001	0,031	-0,63	0,053	0,23	-0,642	0,031	0,16	-0,501	0,152	0,351	-0,594	0,123	0,251	-0,978	0,033	0,121	-0,892	0,093	0,226
978,215869	"C04675;"	"3-Hydroxy-3-(4-methylpent-3-en-1-yl)glutaryl-CoA;3-Hydroxy-3-isohexeneylglutaryl-CoA;"	"Geraniol degradation; "	"-0,0030837;"	"C32H52N7O20P3S;"	-0,807	0,169	0,36	-0,333	0,073	0,26	-0,348	0,265	0,498	-0,458	0,69	0,819	-0,367	0,363	0,506	-0,074	0,77	0,87	-0,623	0,153	0,336
992,305686	"C05260;"	"(S)-3-Hydroxytetradecanoyl-CoA;"	"Fatty acid degradation; "	"-0,0044802;"	"C35H62N7O18P3S;"	0,34	0,585	0,762	0,028	0,941	0,964	0,002	0,923	0,962	-0,032	0,817	0,893	0,089	0,676	0,763	-0,236	0,352	0,515	-0,031	0,705	0,839
