ion m/z	ion identifier	ion names	KEGG pathways	m/z delta	formula	normalized intensity control at t=0 (replicate A)	normalized intensity control at t=0 (replicate B)	normalized intensity control at t=0 (replicate C)	normalized intensity control at t=0 (replicate D)	normalized intensity control at t=15 (replicate A)	normalized intensity control at t=15 (replicate B)	normalized intensity control at t=15 (replicate C)	normalized intensity control at t=15 (replicate D)	normalized intensity control at t=30 (replicate A)	normalized intensity control at t=30 (replicate B)	normalized intensity control at t=30 (replicate C)	normalized intensity control at t=30 (replicate D)	normalized intensity control at t=45 (replicate A)	normalized intensity control at t=45 (replicate B)	normalized intensity control at t=45 (replicate C)	normalized intensity control at t=45 (replicate D)	normalized intensity control at t=60 (replicate A)	normalized intensity control at t=60 (replicate B)	normalized intensity control at t=60 (replicate C)	normalized intensity control at t=60 (replicate D)	normalized intensity control at t=90 (replicate A)	normalized intensity control at t=90 (replicate B)	normalized intensity control at t=90 (replicate C)	normalized intensity control at t=90 (replicate D)	normalized intensity control at t=120 (replicate A)	normalized intensity control at t=120 (replicate B)	normalized intensity control at t=120 (replicate C)	normalized intensity control at t=120 (replicate D)	normalized intensity Map condition at t=0 (replicate A)	normalized intensity Map condition at t=0 (replicate B)	normalized intensity Map condition at t=0 (replicate C)	normalized intensity Map condition at t=15 (replicate A)	normalized intensity Map condition at t=15 (replicate B)	normalized intensity Map condition at t=15 (replicate C)	normalized intensity Map condition at t=30 (replicate A)	normalized intensity Map condition at t=30 (replicate B)	normalized intensity Map condition at t=30 (replicate C)	normalized intensity Map condition at t=45 (replicate A)	normalized intensity Map condition at t=45 (replicate B)	normalized intensity Map condition at t=45 (replicate C)	normalized intensity Map condition at t=60 (replicate A)	normalized intensity Map condition at t=60 (replicate B)	normalized intensity Map condition at t=60 (replicate C)	normalized intensity Map condition at t=90 (replicate A)	normalized intensity Map condition at t=90 (replicate B)	normalized intensity Map condition at t=90 (replicate C)	normalized intensity Map condition at t=120 (replicate A)	normalized intensity Map condition at t=120 (replicate B)	normalized intensity Map condition at t=120 (replicate C)
60,99448	"C00288;C01353;"	"Bicarbonate;CarbonicDihydrogen carbonate;H2CO3;"	"Nitrogen metabolism; ABC transporters; "	"-0,0013659;-0,0013659;"	"CH2O3;H2CO3;"	5265,146	5479,703	8687,593	6383,775	6008,64	8759,339	5793,285	5743,024	6606,72	6170,27	6008,64	10194,26	5850,368	6331,236	8532,627	11710,076	6170,27	10910,558	6060,281	8857,778	6956,283	7505,789	6899,331	9519,89	6784,146	8759,339	6008,64	4524,713	6547,782	4099,259	5153,345	6221,166	4646,607	5903,547	5534,838	4472,211	9053,155	3905,258	4524,713	5585,042	5743,024	4224,542	6221,166	6487,74	4583,734	5954,75	5204,805	4883,859	9150,73
71,048748	"C01412;"	"Butanal;Butyraldehyde;"	"Butanoate metabolism; "	"0,0014862;"	"C4H8O;"	1090,849	1645,874	1981,903	1315,732	2060,492	2419,272	1867,742	1867,742	3016,164	2101,151	1573,613	1090,849	1411,597	2368,072	1055,874	1157,231	1476,779	1224,518	913,091	785,327	1347,497	1714,424	1090,849	1510,972	1252,495	1347,497	913,091	1378,471	1749,51	3076,797	2276,128	2060,492	1157,231	1826,456	2186,359	1645,874	1609,073	2101,151	2786,581	1224,518	1510,972	2101,151	1867,742	1347,497	1252,495	692,339	1826,456	1445,852	1749,51
73,018159	"C18091;"	"Ethylnitronate;"		"-0,0012358;"	"C2H4NO2;"	1749,51	1157,231	204,945	2570,057	487,946	1055,874	1573,613	2019,415	295,727	2019,415	204,945	986,079	1510,972	204,945	3268,716	913,091	2468,957	1124,477	2276,128	1124,477	487,946	913,091	3076,797	1541,257	827,83	544,963	1714,424	2895,158	1510,972	204,945	692,339	367,432	204,945	785,327	426,015	204,945	827,83	204,945	544,963	544,963	295,727	644,737	740,812	426,015	204,945	951,594	295,727	204,945	599,883
80,965494	"C00094;"	"Sulfite;"	"Cysteine and methionine metabolism; Taurine and hypotaurine metabolism; Sulfur metabolism; "	"-0,00031;"	"H2O3S;"	1190,065	986,079	2726,287	1680,267	1680,267	1090,849	2228,98	1510,972	1788,828	1904,165	2228,98	2019,415	1714,424	1826,456	1714,424	2786,581	1022,926	1347,497	1680,267	1411,597	740,812	1411,597	1680,267	2228,98	1645,874	1090,849	1943,728	1252,495	1867,742	5265,146	5793,285	1573,613	2621,185	3650,445	5427,675	3784,446	1680,267	5265,146	1680,267	1378,471	5153,345	3650,445	4821,525	3529,499	3972,678	2726,287	1476,779	1476,779	2060,492
84,035375	"C02659;"	"Acetonealpha-Hydroxyisobutyronitrile;2-Hydroxy-2-methylpropanenitrile;2-Methyllactonitrile;Acetone cyanhydrin;2-Hydroxyisobutyronitrile;"	"Cyanoamino acid metabolism; "	"0,010108;"	"C4H7NO;"	295,727	599,883	100,852	692,339	204,945	487,946	913,091	487,946	599,883	544,963	487,946	599,883	367,432	785,327	544,963	204,945	487,946	692,339	599,883	544,963	827,83	100,852	644,737	295,727	295,727	295,727	426,015	740,812	913,091	295,727	644,737	295,727	426,015	1510,972	204,945	487,946	2320,272	487,946	367,432	1645,874	100,852	367,432	2419,272	204,945	426,015	3905,258	204,945	295,727	1541,257
89,023495	"C00256;C00186;C00577;"	"D-Lactate;L-Lactate;D-Glyceraldehyde;"	"Pyruvate metabolism; Glycolysis / Gluconeogenesis; Fructose and mannose metabolism; Pyruvate metabolism; Propanoate metabolism; Styrene degradation; Pentose phosphate pathway; Fructose and mannose metabolism; Galactose metabolism; Glycerolipid metabolism; "	"0,00091902;0,00091902;0,00091902;"	"C3H6O3;C3H6O3;C3H6O3;"	35722,016	32203,252	40298,794	25275,422	37059,876	35722,016	37778,723	31696,752	40298,794	30261,908	40298,794	28476,175	33909,423	45425,129	21465,657	31205,466	26869,418	31205,466	21175,657	30708,154	28476,175	34463,509	21175,657	24125,481	31696,752	32203,252	28476,175	24401,844	11824,371	11119,409	24943,198	10101,574	13848,05	13699,069	7647,967	10301,013	23303,629	6725,551	14464,787	11007,798	33909,423	13699,069	17732,538	14464,787	12418,66	10602,959	18534,377	13162,691	14316,423
98,059806	"C18796;"	"(2R)-2-Hydroxy-2-methylbutanenitrile;2-Hydroxy-2-methylbutanenitrile;"	"Cyanoamino acid metabolism; "	"0,0013277;"	"C5H9NO;"	2955,287	2570,057	2368,072	1943,728	2621,185	2468,957	2368,072	3129,838	2842,579	2514,257	2621,185	2368,072	2468,957	2842,579	2228,98	2019,415	2621,185	2468,957	2419,272	2468,957	2726,287	2570,057	2621,185	2895,158	2895,158	2468,957	2468,957	2570,057	6008,64	4583,734	4410,701	4646,607	4167,492	4583,734	4765,777	4646,607	5534,838	4224,542	5793,285	6606,72	4037,444	4410,701	6669,24	4938,635	4472,211	7784,482	2419,272	5534,838	8961,017
101,022749	"C00349;C00109;C00232;C00164;C06002;"	"2-Methyl-3-oxopropanoate;2-Oxobutanoate;Succinic semialdehyde;Acetoacetate;3-Oxobutanoic acid;beta-Ketobutyric acid;Acetoacetic acid;(S)-Methylmalonate;"	"Valine, leucine and isoleucine degradation; Glycine, serine and threonine metabolism; Cysteine and methionine metabolism; Valine, leucine and isoleucine biosynthesis; Propanoate metabolism; C5-Branched dibasic acid metabolism; Alanine, aspartate and glutamate metabolism; Tyrosine metabolism; Butanoate metabolism; Vitamin B6 metabolism; Nicotinate and nicotinamide metabolism; Quorum sensing; Synthesis and degradation of ketone bodies; Valine, leucine and isoleucine degradation; Lysine degradation; Tyrosine metabolism; Propanoate metabolism; Styrene degradation; Butanoate metabolism; Two-component system; Valine, leucine and isoleucine degradation; Nitrotoluene degradation; Propanoate metabolism; "	"0,0016651;0,0016651;0,0016651;0,0016651;0,0016651;"	"C4H6O3;C4H6O3;C4H6O3;C4H6O3;C4H6O3;"	22275,203	29326,215	20889,51	21175,657	19429,782	23036,673	18961,066	18961,066	21465,657	24125,481	18143,239	18143,239	21175,657	29326,215	15135,679	16588,741	20372,858	24657,653	14464,787	17945,935	20372,858	20372,858	16005,385	16005,385	20889,51	24401,844	15135,679	15279,027	7137,774	7580,358	8455,93	7256,085	18728,925	15605,152	7381,784	13162,691	23844,57	5204,805	12899,375	11470,152	36390,623	14980,585	22781,13	16005,385	16375,671	12536,373	22781,13	16775,321	10602,959
102,056242	"C00334;C01026;C03284;"	"4-Aminobutanoate;N,N-Dimethylglycine;L-3-Amino-isobutanoate;(S)-3-Amino-isobutyrate;L-3-Amino-isobutyrate;(S)-3-Amino-isobutanoate;(S)-3-Amino-2-methylpropanoate;"	"Alanine, aspartate and glutamate metabolism; Arginine and proline metabolism; beta-Alanine metabolism; Butanoate metabolism; Nicotinate and nicotinamide metabolism; Quorum sensing; Glycine, serine and threonine metabolism; Valine, leucine and isoleucine degradation; "	"-0,00019366;-0,00019366;-0,00019366;"	"C4H9NO2;C4H9NO2;C4H9NO2;"	11594,325	13293,728	10602,959	9898,467	9999,509	9722,271	11007,798	9243,609	10703,245	14804,855	10407,412	12899,375	14156,772	6725,551	11007,798	12068,386	14632,005	11824,371	12418,66	11119,409	10101,574	8961,017	15135,679	15135,679	13848,05	9243,609	12899,375	13699,069	7256,085	11347,143	8759,339	10703,245	9243,609	8294,922	9243,609	10407,412	10505,874	7505,789	12658,182	9999,509	7381,784	7188,258	7924,65	11229,814	11824,371	11952,761	16375,671	11710,076	14804,855
103,003415	"C01146;C00168;C00383;"	"2-Hydroxy-3-oxopropanoate;Hydroxypyruvate;Malonate;"	"Ascorbate and aldarate metabolism; Glyoxylate and dicarboxylate metabolism; Glycine, serine and threonine metabolism; Glyoxylate and dicarboxylate metabolism; Methane metabolism; Pyrimidine metabolism; beta-Alanine metabolism; "	"0,0002631;0,0002631;0,0002631;"	"C3H4O4;C3H4O4;C3H4O4;"	1252,495	1609,073	1157,231	1826,456	1157,231	1411,597	1378,471	1541,257	951,594	1645,874	1826,456	1680,267	1476,779	1867,742	1190,065	1788,828	1867,742	2621,185	1826,456	2514,257	1826,456	2320,272	2101,151	2570,057	1680,267	3590,452	3016,164	4037,444	487,946	869,954	827,83	740,812	740,812	1190,065	827,83	544,963	544,963	599,883	913,091	599,883	1285,491	544,963	1190,065	1378,471	827,83	1224,518	12288,663	1090,849	692,339
104,034021	"C00740;C00065;"	"D-Serine;L-Serine;"	"Glycine, serine and threonine metabolism; Glycine, serine and threonine metabolism; Monobactam biosynthesis; Cysteine and methionine metabolism; Cyanoamino acid metabolism; Sphingolipid metabolism; Glyoxylate and dicarboxylate metabolism; Methane metabolism; Sulfur metabolism; Aminoacyl-tRNA biosynthesis; ABC transporters; "	"0,0012919;0,0012919;"	"C3H7NO3;C3H7NO3;"	869,954	1022,926	1252,495	1124,477	1285,491	2186,359	1124,477	1285,491	1157,231	1541,257	1378,471	1445,852	1645,874	986,079	1224,518	2060,492	1645,874	1378,471	1285,491	1055,874	1157,231	1541,257	1285,491	1573,613	2368,072	1224,518	1224,518	1714,424	869,954	692,339	1680,267	644,737	599,883	1445,852	367,432	785,327	1981,903	426,015	644,737	2228,98	599,883	487,946	1943,728	544,963	544,963	2468,957	869,954	544,963	2368,072
112,039111	"C03912;"	"1-Pyrroline-5-carboxylate;"	"Alanine, aspartate and glutamate metabolism; Arginine and proline metabolism; Carbapenem biosynthesis; "	"0,0012874;"	"C5H7NO2;"	12899,375	10824,496	10703,245	11470,152	11594,325	10407,412	10910,558	11229,814	9519,89	10101,574	9814,399	10505,874	9999,509	10703,245	11229,814	9519,89	9999,509	10602,959	9336,569	10407,412	9814,399	10407,412	10194,26	10407,412	10194,26	9898,467	8759,339	8455,93	23548,513	20372,858	17131,574	23303,629	16179,584	20131,453	23548,513	21465,657	19429,782	25275,422	25275,422	28078,326	19667,392	20889,51	27273,603	23303,629	25275,422	33909,423	12418,66	24943,198	37059,876
112,937919	"C00320;"	"Thiosulfate;"	"Cysteine and methionine metabolism; Sulfur metabolism; ABC transporters; "	"-0,00066393;"	"H2O3S2;"	120280,496	113353,365	102261,677	80046,667	107477,23	93625,847	89940,981	68083,188	80046,667	137274,629	102261,677	73770,686	113353,365	107477,23	63046,749	63046,749	120280,496	102261,677	60874,233	76758,604	97564,373	80046,667	65238,105	63046,749	128031,552	97564,373	58867,047	60874,233	107477,23	120280,496	167327,673	102261,677	113353,365	102261,677	128031,552	97564,373	107477,23	113353,365	63046,749	155322,021	113353,365	93625,847	120280,496	76758,604	102261,677	93625,847	76758,604	63046,749	93625,847
113,022683	"C07091;"	"cis-Acetylacrylate;"	"Chlorocyclohexane and chlorobenzene degradation; "	"0,0017304;"	"C5H6O3;"	363549,095	363549,095	363549,095	406123,146	363549,095	307961,697	307961,697	406123,146	260072,251	307961,697	283339,771	363549,095	363549,095	456315,526	307961,697	283339,771	307961,697	363549,095	208589,096	260072,251	335682,082	335682,082	335682,082	335682,082	307961,697	406123,146	283339,771	307961,697	113353,365	97564,373	120280,496	137274,629	155322,021	107477,23	83303,119	102261,677	113353,365	58867,047	102261,677	56916,467	260072,251	102261,677	137274,629	179830,904	113353,365	68083,188	179830,904	107477,23	53481,724
115,002893	"C00122;"	"Fumarate;"	"Citrate cycle (TCA cycle); Oxidative phosphorylation; Arginine biosynthesis; Alanine, aspartate and glutamate metabolism; Tyrosine metabolism; Phenylalanine metabolism; Pyruvate metabolism; Styrene degradation; Butanoate metabolism; Nicotinate and nicotinamide metabolism; Two-component system; "	"0,00078585;"	"C4H4O4;"	5427,675	6956,283	6899,331	9519,89	7924,65	7647,967	7784,482	8532,627	5153,345	7256,085	8857,778	8218,267	6899,331	7137,774	7137,774	6784,146	7924,65	8073,111	6669,24	6606,72	6487,74	5370,191	8294,922	7994,953	6116,18	6547,782	7505,789	8073,111	14464,787	7256,085	13567,485	5479,703	6606,72	13293,728	6383,775	5954,75	8378,568	7188,258	5850,368	9423,929	5314,068	7853,365	12068,386	4883,859	6487,74	8961,017	5314,068	9053,155	10101,574
115,039544	"C00141;C03273;"	"3-Methyl-2-oxobutanoate;5-Oxopentanoate;Glutarate semialdehyde;"	"Valine, leucine and isoleucine degradation; Valine, leucine and isoleucine biosynthesis; Pantothenate and CoA biosynthesis; Lysine degradation; "	"0,00052018;0,00052018;"	"C5H8O3;C5H8O3;"	23844,57	21175,657	25581	30708,154	20639,57	33284,592	49337,269	25581	27662,243	22275,203	60874,233	21976,279	21733,577	24657,653	36390,623	28078,326	21175,657	21733,577	21733,577	44239,66	22781,13	23844,57	21976,279	21976,279	22781,13	19429,782	21465,657	19667,392	46788,649	46788,649	40298,794	40298,794	44239,66	27662,243	39390,762	38560,131	56916,467	40298,794	41155,247	52261,882	21465,657	38560,131	30708,154	28916,369	28078,326	26198,097	28078,326	32751,551	44239,66
116,034165	"C03508;C00441;"	"L-2-Amino-3-oxobutanoate;L-Aspartate 4-semialdehyde;"	"Glycine, serine and threonine metabolism; Glycine, serine and threonine metabolism; Monobactam biosynthesis; Cysteine and methionine metabolism; Lysine biosynthesis; Arginine and proline metabolism; Phenylalanine, tyrosine and tryptophan biosynthesis; "	"0,001148;0,001148;"	"C4H7NO3;C4H7NO3;"	13029,719	16005,385	10301,013	7188,258	13411,368	7853,365	9053,155	7381,784	12658,182	7784,482	9150,73	7716,232	14001,699	6383,775	9150,73	7716,232	11229,814	6669,24	8614,016	7256,085	6899,331	6383,775	7505,789	7647,967	7381,784	5793,285	7019,252	8142,539	12899,375	12173,498	11007,798	12899,375	8378,568	11824,371	6116,18	6838,178	12068,386	6899,331	7853,365	14316,423	7323,259	5585,042	9722,271	6838,178	5204,805	6060,281	6331,236	6838,178	6275,184
116,049075	"C00463;"	"Indole;2,3-Benzopyrrole;"	"Tryptophan metabolism; Phenylalanine, tyrosine and tryptophan biosynthesis; "	"0,0014942;"	"C8H7N;"	3529,499	3590,452	4286,414	3016,164	4037,444	3838,795	4167,492	3200,719	4410,701	3838,795	4037,444	3399,303	3346,171	3650,445	4583,734	3838,795	3905,258	3346,171	4037,444	3838,795	4765,777	2895,158	3268,716	3714,873	3650,445	2895,158	3346,171	3016,164	4286,414	4286,414	3650,445	4765,777	4938,635	3972,678	4472,211	3838,795	4938,635	3590,452	4286,414	4765,777	4472,211	3200,719	4099,259	3838,795	3463,951	3463,951	4286,414	3905,258	4167,492
116,069902	"C00719;C00183;C00431;"	"Glycine betaine;L-Valine;5-Aminopentanoate;5-Aminopentanoic acid;5-Aminovaleric acid;"	"Glycine, serine and threonine metabolism; ABC transporters; Valine, leucine and isoleucine degradation; Valine, leucine and isoleucine biosynthesis; Cyanoamino acid metabolism; Pantothenate and CoA biosynthesis; Aminoacyl-tRNA biosynthesis; ABC transporters; Lysine degradation; Arginine and proline metabolism; "	"0,0017964;0,0017964;0,0017964;"	"C5H11NO2;C5H11NO2;C5H11NO2;"	155322,021	167327,673	120280,496	93625,847	179830,904	208589,096	120280,496	107477,23	192994,105	76758,604	113353,365	107477,23	97564,373	89940,981	208589,096	102261,677	107477,23	76758,604	63046,749	146543,177	86508,976	83303,119	73770,686	70766,598	73770,686	56916,467	65238,105	76758,604	179830,904	167327,673	241234,48	167327,673	102261,677	260072,251	137274,629	113353,365	208589,096	155322,021	120280,496	97564,373	76758,604	70766,598	102261,677	107477,23	120280,496	167327,673	70766,598	155322,021	307961,697
117,018654	"C00042;C02170;"	"Succinate;Methylmalonate;Methylmalonic acid;"	"Citrate cycle (TCA cycle); Oxidative phosphorylation; Alanine, aspartate and glutamate metabolism; Tyrosine metabolism; Phenylalanine metabolism; Chlorocyclohexane and chlorobenzene degradation; Pyruvate metabolism; Glyoxylate and dicarboxylate metabolism; Propanoate metabolism; Butanoate metabolism; Nicotinate and nicotinamide metabolism; Sulfur metabolism; Two-component system; Pyrimidine metabolism; Valine, leucine and isoleucine degradation; Propanoate metabolism; "	"0,00067456;0,00067456;"	"C4H6O4;C4H6O4;"	70766,598	55250,989	58867,047	89940,981	80046,667	38560,131	73770,686	83303,119	42161,797	102261,677	76758,604	97564,373	107477,23	46788,649	73770,686	107477,23	65238,105	55250,989	80046,667	55250,989	44239,66	42161,797	76758,604	76758,604	45425,129	33284,592	73770,686	70766,598	30708,154	30261,908	46788,649	32751,551	83303,119	46788,649	29326,215	31696,752	46788,649	128031,552	29764,071	49337,269	32203,252	224591,987	48066,173	28078,326	30261,908	49337,269	23303,629	28078,326	29764,071
118,049466	"C00263;C00188;C05519;"	"L-Homoserine;L-Threonine;L-Allothreonine;L-allo-Threonine;"	"Glycine, serine and threonine metabolism; Cysteine and methionine metabolism; Lysine biosynthesis; Sulfur metabolism; Glycine, serine and threonine metabolism; Monobactam biosynthesis; Valine, leucine and isoleucine biosynthesis; Porphyrin and chlorophyll metabolism; Aminoacyl-tRNA biosynthesis; ABC transporters; Glycine, serine and threonine metabolism; "	"0,0014969;0,0014969;0,0014969;"	"C4H9NO3;C4H9NO3;C4H9NO3;"	10505,874	14316,423	10407,412	7381,784	11470,152	19429,782	9243,609	12899,375	16375,671	16005,385	9423,929	9619,861	15443,458	14464,787	18342,471	11229,814	14464,787	19429,782	11952,761	14804,855	14804,855	19188,413	14980,585	14316,423	21175,657	20639,57	14464,787	16179,584	11952,761	11952,761	19890,342	10194,26	12536,373	16179,584	11470,152	11229,814	17131,574	8532,627	13411,368	21465,657	8218,267	8759,339	16775,321	7647,967	11229,814	18143,239	10101,574	11824,371	19429,782
119,050695	"C00601;"	"Phenylacetaldehyde;alpha-Tolualdehyde;"	"Phenylalanine metabolism; Styrene degradation; "	"-0,00046079;"	"C8H8O;"	12068,386	15135,679	12777,624	18961,066	12173,498	13848,05	10602,959	16939,173	8961,017	19188,413	14632,005	22781,13	10407,412	21175,657	11119,409	28476,175	11119,409	16375,671	10910,558	18961,066	9243,609	13567,485	11824,371	19188,413	10301,013	11007,798	12068,386	10703,245	17131,574	19188,413	11710,076	20639,57	21175,657	12418,66	15806,441	28916,369	11347,143	42161,797	23548,513	12068,386	11119,409	65238,105	10407,412	12418,66	23548,513	12658,182	11824,371	21465,657	16375,671
120,043799	"C09815;"	"Benzamide;"	"Aminobenzoate degradation; "	"0,0016848;"	"C7H7NO;"	7188,258	5793,285	6956,283	6432,934	5479,703	5743,024	6331,236	6221,166	5265,146	5427,675	7853,365	5265,146	5954,75	5793,285	6432,934	5479,703	5793,285	6221,166	5314,068	5692,41	5692,41	5903,547	5479,703	4993,251	6547,782	5638,371	4883,859	4646,607	9423,929	7784,482	11119,409	10910,558	7256,085	8378,568	8294,922	7716,232	6331,236	8378,568	6899,331	7256,085	6899,331	6060,281	7580,358	8294,922	7505,789	6956,283	7188,258	6170,27	7505,789
120,928664	"C14870;"	"2-Bromoacetaldehyde;"		"0,00078298;"	"C2H3BrO;"	32751,551	31205,466	36390,623	37059,876	32751,551	32751,551	29326,215	35094,197	29764,071	28476,175	29326,215	31205,466	26506,474	35722,016	29764,071	23036,673	26198,097	27662,243	26506,474	27662,243	28916,369	27662,243	28078,326	26198,097	27662,243	27662,243	24657,653	22275,203	80046,667	37778,723	30708,154	56916,467	31205,466	31205,466	50856,24	34463,509	24125,481	43140,783	37059,876	24943,198	38560,131	32203,252	28078,326	44239,66	33284,592	22525,628	29326,215	32203,252	27662,243
122,023627	"C00253;C06813;"	"Nicotinate;Nitrobenzene;Nitrobenzol;"	"Nicotinate and nicotinamide metabolism; Aminobenzoate degradation; "	"0,0011214;0,0011214;"	"C6H5NO2;C6H5NO2;"	25871,016	23844,57	17131,574	30261,908	26506,474	20639,57	18143,239	33284,592	15605,152	20131,453	15443,458	34463,509	22525,628	17131,574	25275,422	17534,452	23036,673	23036,673	16179,584	16588,741	15806,441	21175,657	18728,925	21733,577	23548,513	21976,279	14632,005	22781,13	35094,197	28078,326	49337,269	38560,131	23036,673	37778,723	28078,326	23548,513	35722,016	24401,844	26198,097	23844,57	20372,858	21976,279	29326,215	29764,071	20372,858	23844,57	18961,066	22275,203	36390,623
123,044628	"C02923;C06730;"	"2,3-Dihydroxytoluene;3-Methylcatechol;4-Methylcatechol;3,4-Dihydroxytoluene;1,2-Dihydroxy-4-methylbenzene;4-Methyl-1,2-benzenediol;"	"Xylene degradation; Toluene degradation; Naphthalene degradation; Xylene degradation; Toluene degradation; Naphthalene degradation; "	"0,00052139;0,00052139;"	"C7H8O2;C7H8O2;"	1090193,603	1090193,603	1360272,306	1860671,259	1360272,306	1860671,259	1360272,306	1860671,259	895965,315	1360272,306	1360272,306	1360272,306	1360272,306	1860671,259	1090193,603	895965,315	1360272,306	1090193,603	895965,315	777002,219	1090193,603	1090193,603	1360272,306	1360272,306	1360272,306	1090193,603	895965,315	1360272,306	1860671,259	1860671,259	1360272,306	1860671,259	1090193,603	1360272,306	1360272,306	1090193,603	777002,219	1360272,306	1360272,306	1090193,603	1090193,603	1090193,603	1090193,603	1360272,306	1360272,306	1090193,603	1360272,306	1360272,306	1090193,603
124,015931	"C03557;"	"(2-Aminoethyl)phosphonate;"	"Phosphonate and phosphinate metabolism; ABC transporters; "	"0,00096783;"	"C2H8NO3P;"	31696,752	32751,551	28476,175	28078,326	29764,071	31205,466	31205,466	30261,908	31696,752	29764,071	25275,422	27662,243	28916,369	31205,466	28078,326	21733,577	25275,422	28078,326	22781,13	24657,653	30708,154	29764,071	25871,016	22525,628	29764,071	28476,175	21976,279	21465,657	70766,598	41155,247	27662,243	86508,976	34463,509	26869,418	58867,047	44239,66	21976,279	49337,269	45425,129	24125,481	35094,197	33284,592	26198,097	46788,649	37059,876	19188,413	27273,603	35722,016	23548,513
125,024497	"C02814;"	"Benzene-1,2,4-triol;Hydroxyhydroquinone;1,2,4-Benzenetriol;1,2,4-Trihydroxybenzene;Hydroxyquinol;"	"Chlorocyclohexane and chlorobenzene degradation; Benzoate degradation; Aminobenzoate degradation; "	"-8,36e-05;"	"C6H6O3;"	128031,552	120280,496	107477,23	113353,365	113353,365	102261,677	93625,847	80046,667	97564,373	70766,598	107477,23	102261,677	68083,188	56916,467	102261,677	83303,119	76758,604	68083,188	68083,188	107477,23	50856,24	45425,129	58867,047	65238,105	50856,24	65238,105	60874,233	52261,882	260072,251	137274,629	137274,629	155322,021	80046,667	128031,552	167327,673	86508,976	120280,496	146543,177	93625,847	53481,724	107477,23	80046,667	80046,667	113353,365	83303,119	89940,981	83303,119	89940,981	80046,667
126,929085	"C18902;"	"MethylselenicMethylseleninate;"	"Selenocompound metabolism; "	"0,0012855;"	"CH4O2Se;"	100,852	100,852	426,015	100,852	100,852	100,852	295,727	295,727	204,945	100,852	100,852	100,852	204,945	100,852	487,946	100,852	100,852	100,852	100,852	100,852	295,727	644,737	100,852	100,852	100,852	426,015	100,852	204,945	367,432	100,852	426,015	100,852	100,852	100,852	295,727	367,432	204,945	295,727	100,852	100,852	204,945	100,852	100,852	295,727	100,852	152,898	100,852	100,852	295,727
127,019361	"C16472;C16473;"	"3-Fluorocatechol;4-Fluorocatechol;"	"Fluorobenzoate degradation; Fluorobenzoate degradation; "	"0,00071682;0,00071682;"	"C6H5FO2;C6H5FO2;"	4099,259	5048,268	6669,24	5692,41	4993,251	4993,251	3529,499	4646,607	4286,414	3714,873	4993,251	4821,525	4099,259	4883,859	4993,251	4883,859	5692,41	4286,414	4524,713	3590,452	4472,211	4883,859	4099,259	4583,734	4883,859	3784,446	4583,734	3529,499	2143,424	1378,471	3076,797	1476,779	1826,456	2186,359	1252,495	2019,415	2670,202	1510,972	1510,972	1680,267	1252,495	1904,165	3016,164	1541,257	1510,972	1826,456	1411,597	2419,272	1645,874
127,052465	"C00906;"	"5,6-Dihydrothymine;Dihydrothymine;5,6-Dihydro-5-methyluracil;"		"-0,0011679;"	"C5H8N2O2;"	15279,027	19429,782	23303,629	23303,629	18534,377	13699,069	23548,513	23548,513	13029,719	23844,57	23303,629	25581	20131,453	14632,005	23303,629	22275,203	23548,513	17131,574	20639,57	20889,51	14632,005	14156,772	26869,418	23548,513	17131,574	14156,772	22525,628	23036,673	18342,471	18728,925	24125,481	18143,239	17329,056	25581	18143,239	18342,471	14001,699	16375,671	21976,279	21733,577	16005,385	18534,377	17329,056	16939,173	17534,452	19890,342	19429,782	17329,056	19188,413
128,035351	"C04281;"	"L-1-Pyrroline-3-hydroxy-5-carboxylate;3-Hydroxy-L-1-pyrroline-5-carboxylate;(3R,5S)-1-Pyrroline-3-hydroxy-5-carboxylate;"	"Arginine and proline metabolism; "	"-3,8556e-05;"	"C5H7NO3;"	335682,082	335682,082	335682,082	363549,095	335682,082	335682,082	335682,082	307961,697	283339,771	363549,095	335682,082	406123,146	406123,146	283339,771	335682,082	406123,146	546847,997	307961,697	406123,146	335682,082	307961,697	283339,771	406123,146	546847,997	406123,146	260072,251	456315,526	406123,146	546847,997	406123,146	363549,095	406123,146	406123,146	363549,095	406123,146	406123,146	335682,082	456315,526	406123,146	406123,146	363549,095	363549,095	363549,095	456315,526	406123,146	307961,697	665668,203	456315,526	406123,146
128,070328	"C05936;"	"N4-Acetylaminobutanal;4-Acetamidobutanal;"	"Arginine and proline metabolism; "	"0,0013705;"	"C6H11NO2;"	6116,18	7074,562	5793,285	5954,75	6221,166	6669,24	7019,252	6060,281	6669,24	9814,399	6725,551	4583,734	10194,26	7994,953	6725,551	5427,675	11470,152	9243,609	8294,922	5048,268	8142,539	6725,551	7994,953	6725,551	7994,953	7580,358	6547,782	6383,775	11470,152	10910,558	8073,111	17732,538	21733,577	7505,789	11347,143	16775,321	9814,399	7994,953	10101,574	19188,413	5534,838	5850,368	8759,339	6669,24	5793,285	6383,775	7853,365	5479,703	5479,703
129,018557	"C00433;C00490;C02226;"	"2,5-Dioxopentanoate;2-Oxoglutarate semialdehyde;Itaconate;Itaconic acid;Methylenesuccinic acid;2-Methylmaleate;Citraconate;Citraconic acid;Methylmaleic acid;"	"Pentose and glucuronate interconversions; Ascorbate and aldarate metabolism; Arginine and proline metabolism; C5-Branched dibasic acid metabolism; Valine, leucine and isoleucine biosynthesis; C5-Branched dibasic acid metabolism; "	"0,00077183;0,00077183;0,00077183;"	"C5H6O4;C5H6O4;C5H6O4;"	52261,882	52261,882	63046,749	55250,989	60874,233	55250,989	58867,047	58867,047	65238,105	50856,24	58867,047	52261,882	56916,467	65238,105	60874,233	53481,724	60874,233	56916,467	55250,989	60874,233	65238,105	68083,188	55250,989	52261,882	63046,749	60874,233	55250,989	55250,989	73770,686	43140,783	89940,981	48066,173	56916,467	86508,976	44239,66	49337,269	53481,724	39390,762	49337,269	55250,989	60874,233	58867,047	65238,105	45425,129	52261,882	60874,233	80046,667	73770,686	60874,233
129,055116	"C06008;C00671;C00233;C03467;C06102;"	"(R)-2-Oxo-3-methylpentanoate;(S)-3-Methyl-2-oxopentanoate;4-Methyl-2-oxopentanoate;beta-Ketoisocaproate;beta-Ketoisocaproic acid;3-Oxo-4-methylpentanoic acid;3-Oxo-4-methylpentanoate;AdipateHexan-1-one-6-carboxylate;6-Oxohexanoate;6-Oxohexanoic acid;"	"Valine, leucine and isoleucine degradation; Valine, leucine and isoleucine biosynthesis; Valine, leucine and isoleucine degradation; Valine, leucine and isoleucine biosynthesis; Caprolactam degradation; "	"0,00059792;0,00059792;0,00059792;0,00059792;0,00059792;"	"C6H10O3;C6H10O3;C6H10O3;C6H10O3;C6H10O3;"	28078,326	22525,628	31696,752	34463,509	22525,628	19188,413	43140,783	28476,175	17131,574	24657,653	41155,247	29764,071	24657,653	23844,57	26869,418	31696,752	24401,844	19188,413	24657,653	26869,418	20639,57	20889,51	26198,097	27662,243	23844,57	18961,066	22781,13	20131,453	34463,509	37059,876	35094,197	37778,723	36390,623	29764,071	42161,797	35094,197	31696,752	38560,131	30708,154	36390,623	29326,215	45425,129	32203,252	30261,908	29764,071	27662,243	25581	26869,418	32751,551
130,085966	"C00407;C00123;C02486;"	"L-Isoleucine;L-Leucine;(3R)-beta-Leucine;(3R)-3-Amino-4-methylpentanoic acid;(3R)-3-Amino-4-methylvaleric acid;"	"Valine, leucine and isoleucine degradation; Valine, leucine and isoleucine biosynthesis; Cyanoamino acid metabolism; Aminoacyl-tRNA biosynthesis; ABC transporters; Valine, leucine and isoleucine degradation; Valine, leucine and isoleucine biosynthesis; Aminoacyl-tRNA biosynthesis; ABC transporters; "	"0,0013822;0,0013822;0,0013822;"	"C6H13NO2;C6H13NO2;C6H13NO2;"	137274,629	102261,677	128031,552	107477,23	137274,629	120280,496	102261,677	97564,373	128031,552	128031,552	83303,119	93625,847	137274,629	128031,552	89940,981	76758,604	137274,629	128031,552	93625,847	83303,119	137274,629	146543,177	97564,373	97564,373	137274,629	120280,496	93625,847	97564,373	224591,987	155322,021	146543,177	224591,987	192994,105	113353,365	192994,105	192994,105	93625,847	208589,096	167327,673	107477,23	137274,629	137274,629	107477,23	192994,105	146543,177	97564,373	155322,021	146543,177	137274,629
130,998498	"C00036;"	"Oxaloacetate;"	"Glycolysis / Gluconeogenesis; Citrate cycle (TCA cycle); Alanine, aspartate and glutamate metabolism; Benzoate degradation; Pyruvate metabolism; Glyoxylate and dicarboxylate metabolism; Methane metabolism; Two-component system; "	"9,4517e-05;"	"C4H4O5;"	4646,607	4883,859	6432,934	6838,178	4646,607	4883,859	6838,178	6487,74	4883,859	4993,251	6331,236	6221,166	4883,859	4583,734	6060,281	5204,805	4356,912	3905,258	5427,675	6170,27	4938,635	4583,734	6008,64	5954,75	4410,701	4037,444	6060,281	4707,098	8857,778	5204,805	4938,635	8073,111	4410,701	4821,525	6669,24	4356,912	5204,805	5370,191	6606,72	4037,444	4993,251	4583,734	4524,713	5793,285	4410,701	3838,795	4410,701	4993,251	4765,777
131,033619	"C06010;C00489;C00900;C04181;"	"(S)-2-Acetolactate;Glutarate;2-Acetolactate;3-Hydroxy-3-methyl-2-oxobutanoic3-Hydroxy-3-methyl-2-oxobutanoate;2-Oxo-3-hydroxyisovalerate;"	"Valine, leucine and isoleucine biosynthesis; Butanoate metabolism; C5-Branched dibasic acid metabolism; Fatty acid degradation; Lysine degradation; Pantothenate and CoA biosynthesis; Valine, leucine and isoleucine biosynthesis; "	"0,0013592;0,0013592;0,0013592;0,0013592;"	"C5H8O4;C5H8O4;C5H8O4;C5H8O4;"	68083,188	58867,047	73770,686	60874,233	58867,047	50856,24	68083,188	65238,105	50856,24	49337,269	65238,105	56916,467	60874,233	53481,724	55250,989	56916,467	53481,724	46788,649	53481,724	58867,047	55250,989	49337,269	50856,24	46788,649	49337,269	46788,649	43140,783	45425,129	89940,981	52261,882	52261,882	89940,981	52261,882	52261,882	68083,188	56916,467	37059,876	56916,467	50856,24	39390,762	48066,173	44239,66	40298,794	53481,724	35094,197	40298,794	37059,876	37778,723	35094,197
131,048543	"C00152;C02642;"	"L-Asparagine;N-Carbamoyl-beta-alanine;"	"Alanine, aspartate and glutamate metabolism; Cyanoamino acid metabolism; Aminoacyl-tRNA biosynthesis; Pyrimidine metabolism; beta-Alanine metabolism; Pantothenate and CoA biosynthesis; "	"-0,0023315;-0,0023315;"	"C4H8N2O3;C4H8N2O3;"	8961,017	7994,953	9999,509	9053,155	7446,03	7381,784	8142,539	9150,73	7381,784	8294,922	8455,93	9519,89	8294,922	7381,784	7256,085	8218,267	8218,267	7019,252	7853,365	7853,365	7924,65	7256,085	8073,111	8142,539	7853,365	6331,236	7647,967	7580,358	10101,574	9243,609	6956,283	12536,373	8073,111	8142,539	11229,814	6899,331	6899,331	8073,111	10194,26	6956,283	8142,539	7137,774	6383,775	8455,93	6838,178	6899,331	7446,03	7137,774	6838,178
131,081559	"C00077;"	"L-Ornithine;"	"Arginine biosynthesis; Arginine and proline metabolism; D-Arginine and D-ornithine metabolism; Glutathione metabolism; ABC transporters; "	"0,0010382;"	"C5H12N2O2;"	41155,247	53481,724	42161,797	32203,252	45425,129	52261,882	36390,623	40298,794	53481,724	31696,752	39390,762	39390,762	32751,551	30708,154	43140,783	42161,797	35094,197	34463,509	30708,154	34463,509	34463,509	30708,154	30261,908	29764,071	40298,794	30708,154	33909,423	28916,369	36390,623	35094,197	37059,876	26506,474	29326,215	40298,794	25581	29326,215	42161,797	27273,603	32751,551	35094,197	23548,513	25275,422	29764,071	29326,215	30708,154	32203,252	21465,657	31205,466	39390,762
132,031157	"C00049;"	"L-Aspartate;"	"Arginine biosynthesis; Alanine, aspartate and glutamate metabolism; Glycine, serine and threonine metabolism; Monobactam biosynthesis; Cysteine and methionine metabolism; Lysine biosynthesis; Histidine metabolism; beta-Alanine metabolism; Cyanoamino acid metabolism; Nicotinate and nicotinamide metabolism; Pantothenate and CoA biosynthesis; Aminoacyl-tRNA biosynthesis; ABC transporters; Two-component system; Bacterial chemotaxis; "	"-0,0009292;"	"C4H7NO4;"	38560,131	42161,797	37059,876	39390,762	41155,247	35094,197	39390,762	42161,797	23036,673	56916,467	37059,876	48066,173	40298,794	23548,513	37778,723	49337,269	52261,882	45425,129	56916,467	43140,783	41155,247	24125,481	53481,724	56916,467	37059,876	43140,783	56916,467	58867,047	15605,152	15605,152	38560,131	10407,412	11347,143	35722,016	9999,509	13029,719	41155,247	12418,66	15443,458	48066,173	11952,761	11952,761	36390,623	15279,027	18143,239	37778,723	35094,197	21733,577	27273,603
132,048676	"C00561;"	"Mandelonitrile;Benzaldehyde cyanohydrin;(R)-Mandelonitrile;"	"Cyanoamino acid metabolism; "	"-0,0031922;"	"C8H7NO;"	4286,414	4224,542	3714,873	4286,414	3399,303	3268,716	4646,607	3650,445	3129,838	5793,285	4524,713	4646,607	4646,607	2670,202	3650,445	4356,912	5204,805	4167,492	4472,211	4037,444	3129,838	3529,499	4938,635	5153,345	3784,446	4099,259	4765,777	6008,64	3905,258	12899,375	7716,232	4472,211	11119,409	5793,285	14632,005	8614,016	5048,268	9336,569	4410,701	4646,607	15806,441	11710,076	9053,155	10505,874	12288,663	6275,184	6669,24	4707,098	3346,171
133,013081	"C00497;C00149;"	"D-Malate;L-Malate;"	"Butanoate metabolism; Citrate cycle (TCA cycle); Pyruvate metabolism; Glyoxylate and dicarboxylate metabolism; Methane metabolism; Two-component system; "	"0,0011622;0,0011622;"	"C4H6O5;C4H6O5;"	19890,342	15279,027	22275,203	24401,844	18728,925	16375,671	23844,57	25871,016	18728,925	15443,458	23548,513	24125,481	17945,935	16179,584	21733,577	27662,243	18961,066	17945,935	18728,925	18534,377	19667,392	16375,671	21465,657	18728,925	16775,321	14980,585	20889,51	16775,321	45425,129	27662,243	36390,623	19429,782	30261,908	34463,509	22525,628	26506,474	28476,175	20131,453	20372,858	31205,466	25581	24125,481	35094,197	19667,392	24125,481	31205,466	19890,342	25275,422	33284,592
133,049458	"C04272;C01801;C04039;"	"(R)-2,3-Dihydroxy-3-methylbutanoate;Deoxyribose;2-Deoxy-D-erythro-pentose;Thyminose;2-Deoxy-D-ribose;2,3-Dihydroxy-3-methylbutanoate;2,3-Dihydroxy-isovalerate;2,3-Dihydroxy-isovaleric acid;"	"Valine, leucine and isoleucine biosynthesis; Pentose phosphate pathway; Pantothenate and CoA biosynthesis; "	"0,0011707;0,0011707;0,0011707;"	"C5H10O4;C5H10O4;C5H10O4;"	16588,741	14804,855	15605,152	15279,027	14464,787	20131,453	16375,671	17945,935	17534,452	83303,119	16179,584	15806,441	89940,981	73770,686	33909,423	11824,371	70766,598	70766,598	76758,604	16775,321	63046,749	56916,467	68083,188	58867,047	58867,047	63046,749	50856,24	50856,24	22525,628	21465,657	19429,782	25871,016	35094,197	20889,51	21976,279	33284,592	28916,369	18143,239	29326,215	76758,604	26869,418	36390,623	55250,989	27662,243	29326,215	56916,467	27662,243	31696,752	70766,598
134,045866	"C06056;"	"4-Hydroxy-L-threonine;"	"Vitamin B6 metabolism; "	"1,1502e-05;"	"C4H9NO4;"	283339,771	192994,105	283339,771	260072,251	283339,771	167327,673	260072,251	283339,771	307961,697	208589,096	241234,48	241234,48	335682,082	192994,105	224591,987	224591,987	283339,771	179830,904	307961,697	224591,987	241234,48	224591,987	283339,771	283339,771	260072,251	192994,105	260072,251	241234,48	665668,203	1360272,306	1860671,259	895965,315	1860671,259	1860671,259	1090193,603	1860671,259	3239487,756	1860671,259	1860671,259	3239487,756	1360272,306	3239487,756	3239487,756	1860671,259	3239487,756	8518348,531	363549,095	3239487,756	3239487,756
135,029829	"C00262;"	"Hypoxanthine;"	"Purine metabolism; "	"0,0014015;"	"C5H4N4O;"	7784,482	8142,539	11007,798	11594,325	7019,252	8294,922	9999,509	13162,691	7716,232	6784,146	11229,814	12536,373	7323,259	8294,922	8759,339	21175,657	7074,562	6899,331	9619,861	10505,874	7074,562	7323,259	11229,814	11470,152	7019,252	6899,331	9423,929	9519,89	12418,66	7716,232	10301,013	8961,017	10824,496	9519,89	7853,365	8142,539	8142,539	12288,663	9053,155	9243,609	8294,922	10194,26	9898,467	9243,609	9619,861	9999,509	15279,027	9722,271	11824,371
136,075269	"C00483;"	"Tyramine;2-(p-Hydroxyphenyl)ethylamine;"	"Tyrosine metabolism; Methane metabolism; "	"0,0015151;"	"C8H11NO;"	7994,953	5153,345	6784,146	6221,166	7994,953	6170,27	5370,191	8455,93	6170,27	4224,542	5954,75	6547,782	6275,184	6784,146	7647,967	4765,777	5370,191	5102,518	4583,734	5153,345	6331,236	6899,331	6432,934	5692,41	5534,838	5204,805	5204,805	5102,518	8961,017	7994,953	6116,18	11470,152	8614,016	6170,27	7924,65	8073,111	5314,068	11007,798	10505,874	5048,268	6221,166	8073,111	6275,184	8378,568	8073,111	5370,191	7019,252	9423,929	6221,166
137,025267	"C00156;C00805;"	"4-Hydroxybenzoate;Salicylate;o-Hydroxybenzoic acid;Salicylic acid;"	"Ubiquinone and other terpenoid-quinone biosynthesis; Phenylalanine metabolism; Benzoate degradation; Toluene degradation; Aminobenzoate degradation; Phenylalanine metabolism; Naphthalene degradation; Biosynthesis of siderophore group nonribosomal peptides; "	"-0,00085363;-0,00085363;"	"C7H6O3;C7H6O3;"	3239487,756	3239487,756	3239487,756	3239487,756	3239487,756	3239487,756	3239487,756	3239487,756	3239487,756	3239487,756	3239487,756	3239487,756	3239487,756	3239487,756	3239487,756	3239487,756	3239487,756	3239487,756	3239487,756	3239487,756	3239487,756	3239487,756	3239487,756	3239487,756	3239487,756	3239487,756	3239487,756	3239487,756	3239487,756	3239487,756	3239487,756	3239487,756	3239487,756	3239487,756	3239487,756	3239487,756	1860671,259	3239487,756	3239487,756	1860671,259	3239487,756	1860671,259	1860671,259	3239487,756	1860671,259	1860671,259	3239487,756	1860671,259	1860671,259
137,034082	"C00785;"	"Urocanate;"	"Histidine metabolism; "	"0,001565;"	"C6H6N2O2;"	406123,146	283339,771	456315,526	546847,997	456315,526	363549,095	546847,997	456315,526	363549,095	456315,526	363549,095	546847,997	665668,203	363549,095	406123,146	456315,526	665668,203	335682,082	456315,526	363549,095	363549,095	456315,526	665668,203	665668,203	363549,095	307961,697	546847,997	456315,526	895965,315	456315,526	406123,146	777002,219	456315,526	456315,526	546847,997	456315,526	456315,526	665668,203	456315,526	546847,997	546847,997	456315,526	546847,997	546847,997	456315,526	456315,526	546847,997	406123,146	456315,526
137,058196	"C13638;"	"1-(4'-Hydroxyphenyl)ethanol;4-Hydroxy-alpha-methyl-benzenemethanol;4-(1-Hydroxyethyl)phenol;"		"0,0026033;"	"C8H10O2;"	30708,154	28078,326	35094,197	31696,752	31696,752	31696,752	35094,197	32751,551	32751,551	27273,603	27662,243	28916,369	29326,215	28476,175	30261,908	27273,603	26506,474	24401,844	24125,481	26506,474	29326,215	30261,908	25275,422	23303,629	26506,474	26869,418	26198,097	23303,629	50856,24	32203,252	28078,326	44239,66	27662,243	29326,215	36390,623	28476,175	25871,016	33284,592	33284,592	25581	26506,474	25581	25581	33284,592	27273,603	22275,203	23548,513	27273,603	24401,844
139,020909	"C02359;C02364;C02371;"	"2-Fluorobenzoate;2-Fluorobenzoic acid;3-Fluorobenzoate;3-Fluorobenzoic acid;4-Fluorobenzoate;4-Fluorobenzoic acid;"	"Fluorobenzoate degradation; Fluorobenzoate degradation; Fluorobenzoate degradation; "	"-0,00083188;-0,00083188;-0,00083188;"	"C7H5FO2;C7H5FO2;C7H5FO2;"	8518348,531	8518348,531	8518348,531	8518348,531	8518348,531	8518348,531	8518348,531	8518348,531	8518348,531	8518348,531	8518348,531	8518348,531	8518348,531	8518348,531	8518348,531	8518348,531	8518348,531	8518348,531	8518348,531	8518348,531	8518348,531	8518348,531	8518348,531	8518348,531	8518348,531	8518348,531	8518348,531	8518348,531	8518348,531	8518348,531	8518348,531	8518348,531	8518348,531	8518348,531	8518348,531	8518348,531	8518348,531	8518348,531	8518348,531	8518348,531	8518348,531	8518348,531	8518348,531	8518348,531	8518348,531	3239487,756	8518348,531	8518348,531	8518348,531
139,973131	"C00169;"	"Carbamoyl phosphate;"	"Arginine biosynthesis; Purine metabolism; Pyrimidine metabolism; Alanine, aspartate and glutamate metabolism; Nitrogen metabolism; "	"0,0022977;"	"CH4NO5P;"	7853,365	8218,267	7924,65	9243,609	8532,627	6275,184	7188,258	10824,496	7074,562	7019,252	6606,72	6838,178	7994,953	7323,259	7853,365	6060,281	7381,784	6725,551	6170,27	7580,358	7323,259	6669,24	7716,232	7446,03	7505,789	7323,259	7381,784	7019,252	12288,663	6383,775	7188,258	10301,013	5153,345	6956,283	7716,232	6116,18	5850,368	7074,562	6383,775	5850,368	6784,146	5153,345	6547,782	5850,368	6275,184	5850,368	6116,18	6331,236	6487,74
140,010317	"C00346;"	"EthanolamineO-Phosphorylethanolamine;Phosphoethanolamine;O-Phosphoethanolamine;"	"Glycerophospholipid metabolism; Sphingolipid metabolism; "	"0,0014969;"	"C2H8NO4P;"	24125,481	21976,279	24125,481	24125,481	23303,629	20889,51	21733,577	23844,57	18342,471	20639,57	19429,782	22525,628	23036,673	19188,413	19890,342	19188,413	21733,577	19890,342	18961,066	19667,392	19188,413	19429,782	19188,413	18534,377	19667,392	17732,538	18728,925	17131,574	41155,247	26869,418	17732,538	39390,762	19667,392	19188,413	33284,592	23844,57	16375,671	30708,154	24943,198	17329,056	23303,629	20131,453	17131,574	28476,175	20131,453	16775,321	21175,657	21175,657	20639,57
143,054238	"C14786;C14787;"	"(1R,2S)-Naphthalene(1R,2S)-Naphthalene epoxide;(1S,2R)-Naphthalene(1S,2R)-Naphthalene epoxide;"		"-0,0040029;-0,0040029;"	"C10H8O;C10H8O;"	7256,085	8378,568	8455,93	9423,929	7137,774	6432,934	7381,784	6669,24	5692,41	9150,73	6838,178	7505,789	7019,252	6432,934	6899,331	6669,24	8073,111	6956,283	6383,775	6784,146	5638,371	6432,934	7784,482	7784,482	6838,178	7074,562	6784,146	7137,774	12658,182	20131,453	16179,584	17945,935	19890,342	23036,673	24125,481	24657,653	22275,203	23303,629	28916,369	37059,876	22781,13	26506,474	37059,876	24125,481	36390,623	48066,173	7994,953	37059,876	52261,882
144,065597	"C02946;"	"4-Acetamidobutanoate;N4-Acetylaminobutanoate;"	"Arginine and proline metabolism; "	"0,0010154;"	"C6H11NO3;"	55250,989	60874,233	56916,467	45425,129	56916,467	63046,749	53481,724	52261,882	68083,188	53481,724	48066,173	46788,649	63046,749	49337,269	50856,24	52261,882	49337,269	53481,724	45425,129	53481,724	56916,467	63046,749	40298,794	39390,762	68083,188	55250,989	46788,649	41155,247	97564,373	50856,24	45425,129	93625,847	49337,269	45425,129	63046,749	50856,24	38560,131	68083,188	56916,467	45425,129	50856,24	52261,882	43140,783	60874,233	48066,173	43140,783	46788,649	50856,24	46788,649
145,01277	"C00026;"	"2-Oxoglutarate;"	"Citrate cycle (TCA cycle); Pentose and glucuronate interconversions; Ascorbate and aldarate metabolism; Arginine biosynthesis; Alanine, aspartate and glutamate metabolism; Lysine biosynthesis; Histidine metabolism; Taurine and hypotaurine metabolism; D-Glutamine and D-glutamate metabolism; Glyoxylate and dicarboxylate metabolism; Butanoate metabolism; C5-Branched dibasic acid metabolism; "	"0,0014735;"	"C5H6O5;"	21976,279	27273,603	30261,908	7924,65	24943,198	24943,198	17329,056	9619,861	26198,097	18961,066	13848,05	5692,41	24401,844	20131,453	6275,184	6170,27	20889,51	25581	5370,191	12899,375	22275,203	21733,577	5793,285	5427,675	21976,279	16588,741	6116,18	6116,18	10407,412	15279,027	15806,441	7019,252	20639,57	16005,385	8614,016	21175,657	14632,005	8218,267	17131,574	14632,005	12777,624	18728,925	12173,498	10407,412	20639,57	12777,624	13293,728	19188,413	17732,538
145,050088	"C06006;C00966;C06104;C14463;"	"(S)-2-Aceto-2-hydroxybutanoate;2-Dehydropantoate;Adipate;Adipic acid;Hexanedioate;Hexan-1,6-dicarboxylate;(R)-3-Hydroxy-3-methyl-2-oxopentanoate;"	"Valine, leucine and isoleucine biosynthesis; Pantothenate and CoA biosynthesis; Caprolactam degradation; Valine, leucine and isoleucine biosynthesis; "	"0,00054007;0,00054007;0,00054007;0,00054007;"	"C6H10O4;C6H10O4;C6H10O4;C6H10O4;"	37059,876	29764,071	44239,66	41155,247	34463,509	32203,252	50856,24	45425,129	26869,418	32751,551	49337,269	42161,797	34463,509	36390,623	33284,592	48066,173	28476,175	29326,215	32751,551	42161,797	29764,071	31205,466	32751,551	34463,509	32751,551	28078,326	30261,908	26869,418	55250,989	33909,423	44239,66	36390,623	33284,592	42161,797	33909,423	37059,876	27273,603	37778,723	30261,908	30708,154	34463,509	35722,016	33909,423	30708,154	31205,466	30708,154	26198,097	28476,175	28476,175
145,062206	"C00064;C00819;C05100;"	"L-Glutamine;D-Glutamine;D-2-Aminoglutaramic acid;3-Ureidoisobutyrate;"	"Arginine biosynthesis; Purine metabolism; Pyrimidine metabolism; Alanine, aspartate and glutamate metabolism; D-Glutamine and D-glutamate metabolism; Glyoxylate and dicarboxylate metabolism; Nitrogen metabolism; Aminoacyl-tRNA biosynthesis; ABC transporters; Two-component system; D-Glutamine and D-glutamate metabolism; "	"-0,00034398;-0,00034398;-0,00034398;"	"C5H10N2O3;C5H10N2O3;C5H10N2O3;"	29326,215	97564,373	97564,373	86508,976	120280,496	70766,598	83303,119	120280,496	43140,783	113353,365	86508,976	113353,365	120280,496	97564,373	97564,373	97564,373	128031,552	113353,365	83303,119	113353,365	76758,604	107477,23	155322,021	167327,673	120280,496	86508,976	146543,177	155322,021	32203,252	48066,173	73770,686	46788,649	68083,188	89940,981	56916,467	76758,604	20889,51	60874,233	65238,105	93625,847	49337,269	63046,749	70766,598	58867,047	60874,233	83303,119	128031,552	70766,598	86508,976
146,046417	"C00979;C00217;C00025;C05938;"	"O-Acetyl-L-serine;D-Glutamate;L-Glutamate;L-4-Hydroxyglutamate;"	"Cysteine and methionine metabolism; Sulfur metabolism; Sulfur relay system; D-Glutamine and D-glutamate metabolism; Arginine biosynthesis; Alanine, aspartate and glutamate metabolism; Arginine and proline metabolism; Carbapenem biosynthesis; Histidine metabolism; Taurine and hypotaurine metabolism; D-Glutamine and D-glutamate metabolism; Glutathione metabolism; Glyoxylate and dicarboxylate metabolism; Butanoate metabolism; C5-Branched dibasic acid metabolism; Porphyrin and chlorophyll metabolism; Nitrogen metabolism; Aminoacyl-tRNA biosynthesis; ABC transporters; Two-component system; Arginine and proline metabolism; "	"-0,00053953;-0,00053953;-0,00053953;-0,00053953;"	"C5H9NO4;C5H9NO4;C5H9NO4;C5H9NO4;"	1860671,259	1860671,259	1090193,603	895965,315	1860671,259	1360272,306	895965,315	1360272,306	1360272,306	1860671,259	1090193,603	1860671,259	1860671,259	895965,315	1860671,259	1360272,306	1860671,259	1860671,259	1860671,259	1090193,603	1860671,259	1860671,259	1860671,259	1860671,259	1860671,259	1360272,306	1860671,259	1860671,259	456315,526	777002,219	1090193,603	665668,203	777002,219	1090193,603	665668,203	777002,219	895965,315	777002,219	777002,219	1360272,306	665668,203	777002,219	895965,315	777002,219	895965,315	1360272,306	1860671,259	1090193,603	1360272,306
147,028292	"C02612;C02630;C06032;"	"(R)-2-Methylmalate;(R)-2-Methylmalic acid;(3R)-Citramalate;(3R)-Citramalic acid;(3R)-alpha-Hydroxypyrotartaric acid;D-Citramalate;D-Citramalic acid;D-alpha-Hydroxypyrotartaric acid;(2R)-2-Hydroxy-2-methylbutanedioate;2-Hydroxyglutarate;alpha-Hydroxyglutarate;D-erythro-3-Methylmalate;(2R,3S)-3-Methylmalate;"	"Valine, leucine and isoleucine biosynthesis; C5-Branched dibasic acid metabolism; Butanoate metabolism; C5-Branched dibasic acid metabolism; Valine, leucine and isoleucine biosynthesis; C5-Branched dibasic acid metabolism; "	"0,0016013;0,0016013;0,0016013;"	"C5H8O5;C5H8O5;C5H8O5;"	58867,047	68083,188	70766,598	58867,047	63046,749	83303,119	70766,598	60874,233	73770,686	120280,496	68083,188	49337,269	102261,677	83303,119	128031,552	58867,047	68083,188	86508,976	58867,047	65238,105	120280,496	128031,552	60874,233	50856,24	86508,976	89940,981	70766,598	65238,105	39390,762	44239,66	50856,24	28078,326	45425,129	65238,105	31696,752	45425,129	97564,373	31205,466	55250,989	63046,749	55250,989	89940,981	73770,686	52261,882	128031,552	192994,105	43140,783	137274,629	120280,496
147,065682	"C06007;C00522;"	"(R)-2,3-Dihydroxy-3-methylpentanoate;(R)-Pantoate;"	"Valine, leucine and isoleucine biosynthesis; Pantothenate and CoA biosynthesis; "	"0,00059627;0,00059627;"	"C6H12O4;C6H12O4;"	32203,252	33909,423	34463,509	28476,175	37778,723	48066,173	33284,592	28078,326	41155,247	52261,882	33284,592	30708,154	53481,724	50856,24	45425,129	30708,154	55250,989	60874,233	46788,649	32751,551	60874,233	58867,047	45425,129	40298,794	60874,233	58867,047	49337,269	44239,66	29326,215	29764,071	33909,423	31205,466	29764,071	38560,131	30708,154	30708,154	37778,723	28916,369	31205,466	50856,24	27273,603	33909,423	45425,129	32203,252	38560,131	55250,989	32751,551	44239,66	65238,105
148,032141	"C03742;"	"(S)-4-Hydroxymandelonitrile;"	"Cyanoamino acid metabolism; "	"0,0082568;"	"C8H7NO2;"	4765,777	5427,675	4883,859	4646,607	5048,268	6547,782	3838,795	4765,777	6116,18	9519,89	4410,701	4286,414	6669,24	5585,042	8073,111	3590,452	5585,042	7647,967	5265,146	4472,211	7256,085	7716,232	5585,042	4707,098	5954,75	7019,252	4472,211	4821,525	3463,951	3016,164	3463,951	2570,057	4037,444	4707,098	2842,579	2842,579	6784,146	2186,359	3972,678	4707,098	2955,287	6331,236	5743,024	3784,446	8687,593	13029,719	3650,445	12068,386	9814,399
148,04655	"C00855;C00073;"	"D-Methionine;L-Methionine;"	"ABC transporters; Cysteine and methionine metabolism; Aminoacyl-tRNA biosynthesis; "	"-0,0027811;-0,0027811;"	"C5H11NO2S;C5H11NO2S;"	17131,574	20131,453	16588,741	10824,496	19667,392	17732,538	14632,005	11710,076	19429,782	34463,509	15135,679	11470,152	29764,071	14804,855	13162,691	8961,017	20639,57	21175,657	20131,453	15443,458	14316,423	16588,741	11347,143	12173,498	15443,458	13699,069	10824,496	11229,814	14001,699	23036,673	21733,577	16179,584	26506,474	23303,629	17732,538	20639,57	28078,326	15605,152	25871,016	34463,509	27662,243	21465,657	25871,016	21175,657	25581	26869,418	13162,691	23844,57	30708,154
149,023997	"C02137;"	"alpha-Oxo-benzeneaceticBenzoylformate;Benzoylformic acid;Phenylglyoxylic acid;Phenylglyoxylate;2-Oxo-2-phenylacetate;"	"Phenylalanine metabolism; Aminobenzoate degradation; "	"0,00041657;"	"C8H6O3;"	8378,568	7716,232	8073,111	7716,232	9053,155	8455,93	8073,111	8614,016	8294,922	6838,178	7137,774	7256,085	7853,365	8455,93	8614,016	8759,339	7137,774	7924,65	7924,65	8614,016	7784,482	8687,593	7256,085	7019,252	8294,922	7647,967	6899,331	7256,085	13162,691	9150,73	9519,89	15279,027	14001,699	8455,93	11594,325	9053,155	7924,65	26506,474	9423,929	9053,155	9519,89	26198,097	8455,93	10703,245	11007,798	8218,267	8687,593	13411,368	9336,569
149,045438	"C00121;C00310;"	"D-Ribose;D-Xylulose;D-threo-Pentulose;D-Lyxulose;"	"Pentose phosphate pathway; ABC transporters; Bacterial chemotaxis; Pentose and glucuronate interconversions; "	"0,00010512;0,00010512;"	"C5H10O5;C5H10O5;"	10602,959	10301,013	9898,467	13567,485	12068,386	9814,399	13162,691	16005,385	10407,412	10505,874	13411,368	11594,325	12658,182	11824,371	9722,271	13567,485	9519,89	10101,574	11710,076	10194,26	10194,26	10824,496	11594,325	12068,386	9898,467	11229,814	11470,152	9619,861	8294,922	8073,111	13029,719	7323,259	11007,798	11710,076	8961,017	10101,574	9423,929	9519,89	8455,93	9519,89	10910,558	9999,509	10301,013	9150,73	8961,017	9336,569	11594,325	11229,814	9619,861
150,039845	"C00242;"	"Guanine;"	"Purine metabolism; "	"0,0022846;"	"C5H5N5O;"	4583,734	5850,368	4707,098	4356,912	5153,345	4583,734	5102,518	4583,734	5204,805	5265,146	5427,675	4524,713	5427,675	4993,251	4646,607	2514,257	4707,098	4765,777	5903,547	4356,912	5314,068	5048,268	3905,258	3972,678	4993,251	5314,068	4037,444	4224,542	6170,27	6221,166	5370,191	7994,953	7019,252	7074,562	6221,166	5743,024	5427,675	5850,368	6432,934	6116,18	5954,75	6008,64	6060,281	6275,184	6547,782	5048,268	5692,41	6669,24	5370,191
151,007635	"C02380;"	"6-Mercaptopurine;Mercaptopurine;"		"0,00075176;"	"C5H4N4S;"	8294,922	8073,111	8961,017	9619,861	8142,539	6221,166	10194,26	8961,017	5370,191	7853,365	12536,373	9722,271	7716,232	8532,627	8857,778	8857,778	7505,789	6170,27	8961,017	7446,03	7188,258	6956,283	8532,627	8857,778	8073,111	7853,365	7853,365	7323,259	7074,562	6784,146	11229,814	6383,775	6170,27	7323,259	7074,562	6060,281	8532,627	7381,784	6669,24	7994,953	6331,236	6725,551	7505,789	5153,345	5638,371	6606,72	5534,838	5102,518	7647,967
151,025371	"C00385;"	"Xanthine;"	"Purine metabolism; "	"0,00077465;"	"C5H4N4O2;"	4821,525	6060,281	5692,41	5534,838	5954,75	7323,259	5850,368	5954,75	6956,283	6725,551	5903,547	4883,859	5743,024	5743,024	5850,368	5692,41	6008,64	5534,838	4646,607	4646,607	5954,75	5314,068	6116,18	4938,635	6487,74	5585,042	5314,068	5153,345	10505,874	6331,236	6170,27	9150,73	6725,551	6432,934	7505,789	6008,64	6221,166	8294,922	6725,551	6275,184	6116,18	6383,775	5427,675	6784,146	6170,27	4707,098	6606,72	5370,191	6170,27
151,039397	"C00642;C04043;C05593;C05852;C13635;"	"4-Hydroxyphenylacetate;3,4-Dihydroxyphenylacetaldehyde;Protocatechuatealdehyde;3-Hydroxyphenylacetate;3-Hydroxyphenylacetic acid;2-Hydroxyphenylacetate;2-Hydroxyphenylacetic acid;4-Hydroxyphenacyl2,4'-Dihydroxyacetophenone;"	"Tyrosine metabolism; Phenylalanine metabolism; Tyrosine metabolism; Tyrosine metabolism; Phenylalanine metabolism; Styrene degradation; Phenylalanine metabolism; Styrene degradation; "	"0,00066715;0,00066715;0,00066715;0,00066715;0,00066715;"	"C8H8O3;C8H8O3;C8H8O3;C8H8O3;C8H8O3;"	17329,056	13162,691	20372,858	18342,471	18342,471	16005,385	21175,657	17732,538	14804,855	12658,182	20372,858	16005,385	13411,368	15806,441	16005,385	17329,056	13567,485	12899,375	14632,005	15605,152	14001,699	15135,679	14316,423	13162,691	13699,069	13293,728	14156,772	11470,152	27273,603	24401,844	24401,844	29764,071	26198,097	22781,13	26506,474	24125,481	18143,239	32203,252	21733,577	22275,203	17131,574	37778,723	17945,935	22781,13	22525,628	17329,056	17329,056	23548,513	18961,066
151,11217	"C11938;C11941;"	"Myrtenol;2-Pinen-10-ol;Pinocarveol;"	"Limonene and pinene degradation; Limonene and pinene degradation; "	"0,00066432;0,00066432;"	"C10H16O;C10H16O;"	7137,774	5102,518	5479,703	5850,368	6899,331	5793,285	5903,547	5793,285	4821,525	4707,098	6899,331	5793,285	5204,805	6008,64	5743,024	5585,042	4524,713	4356,912	4286,414	4883,859	5204,805	5638,371	5265,146	4286,414	5153,345	4410,701	5153,345	4167,492	4167,492	4993,251	5638,371	6008,64	5265,146	4883,859	5204,805	5153,345	5265,146	7256,085	3016,164	5534,838	4524,713	7256,085	6838,178	5479,703	5692,41	4883,859	4993,251	4037,444	5265,146
152,033421	"C00632;"	"3-Hydroxyanthranilate;3-Hydroxyanthranilic acid;"	"Tryptophan metabolism; Aminobenzoate degradation; "	"0,0018913;"	"C7H7NO3;"	16939,173	14001,699	17732,538	18728,925	17329,056	18728,925	16179,584	16588,741	17732,538	13699,069	14001,699	14316,423	15279,027	18143,239	16939,173	13029,719	14001,699	14804,855	12288,663	14464,787	17329,056	17945,935	12777,624	12536,373	15806,441	16375,671	16939,173	13162,691	28916,369	21733,577	18143,239	32203,252	18961,066	15806,441	25871,016	18728,925	11710,076	22781,13	19429,782	14980,585	17732,538	19429,782	14464,787	20372,858	18342,471	13848,05	17131,574	19429,782	13162,691
152,071327	"C03758;"	"Dopamine;4-(2-Aminoethyl)-1,2-benzenediol;4-(2-Aminoethyl)benzene-1,2-diol;3,4-Dihydroxyphenethylamine;2-(3,4-Dihydroxyphenyl)ethylamine;"	"Tyrosine metabolism; "	"0,00037153;"	"C8H11NO2;"	5479,703	5534,838	6606,72	5585,042	5850,368	6331,236	5534,838	6331,236	6547,782	5479,703	4938,635	5585,042	6170,27	6275,184	5370,191	5314,068	4883,859	5692,41	4883,859	5265,146	7137,774	5479,703	5903,547	5265,146	5850,368	5903,547	5048,268	5048,268	11594,325	8294,922	7074,562	13162,691	6432,934	6669,24	10407,412	7381,784	5903,547	10602,959	8687,593	5743,024	5427,675	7716,232	5534,838	9898,467	7188,258	4938,635	8142,539	8687,593	6725,551
153,019961	"C00196;C00230;C00628;"	"2,3-Dihydroxybenzoate;3,4-Dihydroxybenzoate;2,5-Dihydroxybenzoate;2,5-Dihydroxybenzoic acid;Gentisic acid;Hydroquinonecarboxylic acid;Gentisate;"	"Benzoate degradation; Aminobenzoate degradation; Biosynthesis of siderophore group nonribosomal peptides; Benzoate degradation; Phenylalanine, tyrosine and tryptophan biosynthesis; Toluene degradation; Aminobenzoate degradation; Tyrosine metabolism; Benzoate degradation; Naphthalene degradation; "	"-0,00063282;-0,00063282;-0,00063282;"	"C7H6O4;C7H6O4;C7H6O4;"	39390,762	34463,509	45425,129	44239,66	33909,423	27662,243	38560,131	37059,876	23844,57	30708,154	44239,66	41155,247	31205,466	33284,592	30708,154	37059,876	32203,252	24125,481	35094,197	31696,752	26869,418	24943,198	32203,252	32203,252	28916,369	25871,016	31205,466	26198,097	33284,592	28916,369	34463,509	28916,369	25871,016	28916,369	29764,071	27273,603	25581	27662,243	24125,481	21976,279	28916,369	24657,653	28476,175	24657,653	23303,629	21175,657	20372,858	27662,243	20131,453
153,128306	"C09848;C11384;"	"(R)-(+)-Citronellal;(S)-(-)-Citronellal;(S)-3,7-Dimethyloct-6-enal;"	"Geraniol degradation; Geraniol degradation; "	"0,00017845;0,00017845;"	"C10H18O;C10H18O;"	2368,072	1788,828	2419,272	2186,359	2019,415	2320,272	2143,424	2419,272	1904,165	2726,287	2419,272	2186,359	2368,072	2570,057	2842,579	2143,424	1573,613	1573,613	2101,151	1378,471	2514,257	2368,072	1981,903	2368,072	2019,415	2101,151	2186,359	1609,073	3016,164	1315,732	2143,424	3268,716	2143,424	2419,272	2143,424	1943,728	1904,165	2955,287	1981,903	2514,257	1826,456	4167,492	2019,415	1609,073	2019,415	1714,424	1573,613	1981,903	1573,613
154,013555	"C02235;"	"4-Nitrocatechol;"	"Aminobenzoate degradation; "	"0,001022;"	"C6H5NO4;"	10703,245	11007,798	11594,325	10301,013	10910,558	11119,409	9814,399	12288,663	8687,593	12068,386	9519,89	11952,761	11119,409	8687,593	12288,663	11007,798	12068,386	11594,325	13162,691	10602,959	8759,339	10602,959	12536,373	13848,05	11347,143	9722,271	13848,05	12418,66	11229,814	7924,65	13411,368	8455,93	9519,89	11229,814	9898,467	9423,929	10194,26	11710,076	8294,922	11229,814	7853,365	10824,496	10194,26	6899,331	10194,26	9243,609	9423,929	11952,761	12068,386
154,061202	"C00135;"	"L-Histidine;"	"Histidine metabolism; beta-Alanine metabolism; Aminoacyl-tRNA biosynthesis; ABC transporters; "	"0,00099451;"	"C6H9N3O2;"	7505,789	16588,741	7580,358	11229,814	9243,609	17534,452	8378,568	8378,568	15806,441	12777,624	9722,271	10101,574	13162,691	10407,412	12899,375	12418,66	12777,624	11347,143	9243,609	13848,05	10407,412	12536,373	9619,861	10194,26	11470,152	12536,373	9619,861	11119,409	26869,418	17945,935	21976,279	15806,441	14156,772	8687,593	13029,719	14316,423	17945,935	15279,027	18728,925	14001,699	8857,778	11347,143	10505,874	13567,485	14001,699	13162,691	14980,585	15443,458	17131,574
155,034729	"C04171;C04112;C04558;C04559;C06321;"	"2,3-Dihydro-2,3-dihydroxybenzoate;3-Methyl-cis,cis-hexadienedioate;3-Methyl-cis,cis-muconate;3-Methylmuconolactone;4-Carboxymethyl-3-methylbut-2-en-1,4-olide;4-Methylmuconolactone;4-Carboxymethyl-4-methylbut-2-en-1,4-olide;(1R,6S)-1,6-Dihydroxycyclohexa-2,4-diene-1-carboxylate;cis-1,2-Dihydroxycyclohexa-3,5-diene-1-carboxylate;cis-1,6-Dihydroxy-2,4-cyclohexadiene-1-carboxylic acid;"	"Biosynthesis of siderophore group nonribosomal peptides; Toluene degradation; Toluene degradation; Toluene degradation; Benzoate degradation; "	"0,00024937;0,00024937;0,00024937;0,00024937;0,00024937;"	"C7H8O4;C7H8O4;C7H8O4;C7H8O4;C7H8O4;"	5638,371	5370,191	8614,016	8961,017	6331,236	5204,805	7137,774	9519,89	5102,518	5370,191	6669,24	8455,93	5153,345	6547,782	9619,861	7994,953	5048,268	4707,098	7505,789	6432,934	5153,345	6170,27	7446,03	6956,283	4524,713	5534,838	6956,283	6606,72	7505,789	4410,701	5692,41	3972,678	5479,703	6275,184	3590,452	4765,777	5479,703	4099,259	5204,805	5692,41	3268,716	5265,146	5370,191	3972,678	4099,259	5265,146	4938,635	7446,03	5850,368
155,143374	"C09849;C11386;"	"beta-Citronellol;(R)-(+)-Citronellol;(-)-Citronellol;"	"Geraniol degradation; Geraniol degradation; "	"0,00076017;0,00076017;"	"C10H20O;C10H20O;"	2228,98	2320,272	2320,272	2019,415	2514,257	2276,128	3463,951	1981,903	2570,057	1943,728	3838,795	2060,492	2320,272	2621,185	1867,742	1573,613	2320,272	2514,257	1445,852	1904,165	2320,272	2419,272	2468,957	1315,732	2320,272	2368,072	1981,903	1749,51	3529,499	2786,581	3905,258	4286,414	2320,272	5585,042	2786,581	2186,359	1714,424	9619,861	2570,057	2060,492	2186,359	5048,268	4224,542	4099,259	2621,185	3016,164	2019,415	2143,424	2186,359
157,05165	"C02631;"	"2-Isopropylmaleate;"	"Valine, leucine and isoleucine biosynthesis; "	"-0,0010214;"	"C7H10O4;"	20372,858	18534,377	27273,603	26198,097	19890,342	26869,418	22275,203	22525,628	22781,13	19890,342	27273,603	26506,474	19188,413	22275,203	46788,649	26506,474	21465,657	20372,858	27662,243	37059,876	25871,016	18728,925	25581	26506,474	23036,673	16005,385	22275,203	22525,628	22275,203	26506,474	15443,458	14001,699	16005,385	19429,782	12288,663	15279,027	40298,794	12536,373	14001,699	17945,935	16775,321	17534,452	20372,858	13848,05	16939,173	20131,453	13029,719	16588,741	20372,858
157,065364	"C02909;C14089;"	"(2-Naphthyl)methanol;2-Naphthalenemethanol;2-Hydroxymethylnaphthalene;1-Hydroxymethylnaphthalene;1-Naphthalenemethanol;"	"Naphthalene degradation; Naphthalene degradation; "	"0,00052086;0,00052086;"	"C11H10O;C11H10O;"	7381,784	7188,258	7994,953	7784,482	8294,922	8073,111	8857,778	7137,774	8532,627	7323,259	7256,085	7446,03	7924,65	9243,609	10505,874	8378,568	8294,922	7784,482	7256,085	8961,017	8073,111	7924,65	7853,365	7188,258	7074,562	6838,178	7716,232	7924,65	8687,593	8614,016	6487,74	11007,798	7381,784	7381,784	6784,146	8294,922	8857,778	9150,73	7784,482	7381,784	9898,467	8532,627	7323,259	8759,339	6899,331	6116,18	8073,111	8073,111	7074,562
159,030012	"C00846;C00322;"	"3-Oxoadipate;2-Oxoadipate;2-Oxoadipic acid;"	"Benzoate degradation; Lysine biosynthesis; Lysine degradation; Tryptophan metabolism; Methane metabolism; "	"-0,00011884;-0,00011884;"	"C6H8O5;C6H8O5;"	23303,629	21465,657	33909,423	37778,723	25275,422	24657,653	30261,908	36390,623	28916,369	19429,782	29764,071	31696,752	22781,13	31696,752	31696,752	29764,071	20131,453	25275,422	33909,423	28916,369	30261,908	28916,369	26506,474	23844,57	25275,422	23548,513	29326,215	25275,422	31205,466	24125,481	25581	33284,592	28916,369	27273,603	27662,243	25871,016	24657,653	22275,203	27273,603	20372,858	28078,326	24401,844	24125,481	25581	25871,016	21976,279	31205,466	24657,653	21733,577
159,076391	"C00993;"	"D-Alanyl-D-alanine;"	"D-Alanine metabolism; Peptidoglycan biosynthesis; "	"0,0011208;"	"C6H12N2O3;"	24401,844	28916,369	28078,326	27273,603	24401,844	28916,369	25581	23036,673	25871,016	24401,844	22275,203	20639,57	23303,629	26869,418	22525,628	20889,51	16588,741	25871,016	17329,056	20639,57	20131,453	28078,326	19890,342	17534,452	22275,203	26198,097	20131,453	18534,377	26506,474	25275,422	23036,673	31696,752	23303,629	23548,513	25275,422	28078,326	21175,657	28476,175	27662,243	20131,453	23844,57	23844,57	19188,413	26506,474	31696,752	24657,653	20131,453	34463,509	25581
160,0416	"C05637;C05639;C16716;"	"4,8-Dihydroxyquinoline;Quinoline-4,8-diol;4,6-Dihydroxyquinoline;Quinoline-4,6-diol;4-Hydroxy-2-quinolone;4-Hydroxy-2(1H)-quinolone;2,4-Dihydroxyquinoline;"	"Tryptophan metabolism; Tryptophan metabolism; "	"-0,001202;-0,001202;-0,001202;"	"C9H7NO2;C9H7NO2;C9H7NO2;"	9423,929	7853,365	9423,929	6956,283	10407,412	9336,569	9423,929	7505,789	9999,509	8142,539	8687,593	8614,016	8073,111	12068,386	8961,017	9053,155	11594,325	10505,874	9898,467	9519,89	13567,485	10194,26	9423,929	9150,73	10407,412	9814,399	8142,539	9722,271	16005,385	34463,509	21175,657	16588,741	35722,016	18342,471	14980,585	42161,797	15443,458	11594,325	32203,252	13699,069	58867,047	28476,175	18534,377	37778,723	35722,016	11824,371	34463,509	30708,154	9243,609
160,060102	"C01077;"	"O-Acetyl-L-homoserine;"	"Cysteine and methionine metabolism; "	"0,0014256;"	"C6H11NO4;"	60874,233	65238,105	60874,233	53481,724	55250,989	60874,233	56916,467	53481,724	63046,749	48066,173	46788,649	45425,129	52261,882	52261,882	49337,269	43140,783	50856,24	52261,882	42161,797	46788,649	58867,047	53481,724	42161,797	41155,247	52261,882	52261,882	39390,762	35094,197	120280,496	68083,188	63046,749	146543,177	76758,604	70766,598	120280,496	93625,847	86508,976	89940,981	86508,976	102261,677	86508,976	60874,233	97564,373	97564,373	63046,749	128031,552	50856,24	76758,604	128031,552
161,044713	"C00182;"	"glycogen;"		"0,00083015;"	"C6H10O5;"	192994,105	224591,987	208589,096	167327,673	192994,105	224591,987	167327,673	167327,673	179830,904	155322,021	146543,177	146543,177	179830,904	260072,251	179830,904	146543,177	146543,177	155322,021	137274,629	155322,021	167327,673	179830,904	137274,629	113353,365	155322,021	179830,904	128031,552	120280,496	307961,697	208589,096	179830,904	283339,771	260072,251	283339,771	224591,987	241234,48	260072,251	224591,987	241234,48	120280,496	335682,082	260072,251	241234,48	363549,095	241234,48	155322,021	406123,146	260072,251	113353,365
162,04366	"C05947;"	"L-erythro-4-Hydroxyglutamate;"	"Arginine and proline metabolism; "	"-0,0028679;"	"C5H9NO5;"	20131,453	18728,925	20639,57	24657,653	22275,203	20372,858	19890,342	22781,13	19667,392	18342,471	17945,935	23548,513	19429,782	16939,173	24943,198	24125,481	19890,342	17534,452	28078,326	16375,671	16005,385	17329,056	27662,243	31205,466	18342,471	17534,452	23303,629	24943,198	21465,657	18534,377	14980,585	21733,577	19429,782	16939,173	16375,671	15605,152	18728,925	17329,056	17945,935	20639,57	18143,239	14464,787	16939,173	18961,066	15135,679	18728,925	19667,392	17945,935	25871,016
163,039762	"C00166;C05838;"	"Phenylpyruvate;cis-2-Hydroxycinnamate;2-Coumarinate;"	"Phenylalanine metabolism; Phenylalanine, tyrosine and tryptophan biosynthesis; "	"0,00030218;0,00030218;"	"C9H8O3;C9H8O3;"	28916,369	25871,016	29764,071	32751,551	30708,154	25275,422	29764,071	28916,369	24943,198	25275,422	25581	25871,016	28476,175	24125,481	27662,243	26198,097	24943,198	21976,279	23036,673	24401,844	24125,481	25581	23036,673	20889,51	24125,481	20372,858	24125,481	20372,858	65238,105	39390,762	30261,908	63046,749	38560,131	32751,551	52261,882	43140,783	26198,097	107477,23	39390,762	28916,369	37059,876	113353,365	26506,474	42161,797	34463,509	25275,422	28916,369	38560,131	26198,097
164,038799	"C02989;"	"L-Methionine S-oxide;"	"Cysteine and methionine metabolism; "	"-0,00011507;"	"C5H11NO3S;"	9619,861	9243,609	7853,365	12899,375	8961,017	9150,73	12418,66	13293,728	6838,178	11229,814	12173,498	14464,787	11007,798	8073,111	14001,699	12777,624	10194,26	7994,953	17732,538	7924,65	18961,066	7580,358	10602,959	14804,855	7924,65	16939,173	33284,592	20639,57	14804,855	17534,452	16005,385	16939,173	12173,498	13848,05	14001,699	14001,699	10703,245	13567,485	12068,386	11824,371	12536,373	13411,368	14804,855	12536,373	11594,325	12173,498	8961,017	9519,89	11470,152
164,072243	"C00079;C02265;"	"L-Phenylalanine;D-Phenylalanine;D-alpha-Amino-beta-phenylpropionic acid;"	"Phenylalanine metabolism; Phenylalanine, tyrosine and tryptophan biosynthesis; Cyanoamino acid metabolism; Aminoacyl-tRNA biosynthesis; ABC transporters; Phenylalanine metabolism; "	"-0,00054486;-0,00054486;"	"C9H11NO2;C9H11NO2;"	28476,175	26506,474	43140,783	26506,474	35094,197	46788,649	34463,509	29326,215	55250,989	43140,783	35094,197	33284,592	36390,623	37059,876	32751,551	45425,129	44239,66	42161,797	41155,247	52261,882	40298,794	39390,762	35094,197	33909,423	42161,797	40298,794	37778,723	37778,723	37778,723	32751,551	29326,215	34463,509	43140,783	35094,197	35722,016	37778,723	36390,623	36390,623	42161,797	42161,797	28476,175	35094,197	35722,016	40298,794	44239,66	38560,131	68083,188	45425,129	49337,269
165,019122	"C03590;"	"4-Hydroxyphenylglyoxylate;4-Hydroxybenzoylformate;4-Hydroxyphenylglyoxylic acid;"	"Monobactam biosynthesis; Aminobenzoate degradation; "	"0,00020623;"	"C8H6O4;"	45425,129	43140,783	50856,24	49337,269	48066,173	45425,129	46788,649	49337,269	38560,131	36390,623	43140,783	37778,723	42161,797	42161,797	42161,797	40298,794	31696,752	32203,252	35722,016	31205,466	39390,762	38560,131	33909,423	30261,908	38560,131	35094,197	31696,752	27273,603	68083,188	58867,047	55250,989	76758,604	65238,105	56916,467	60874,233	63046,749	34463,509	120280,496	44239,66	37778,723	46788,649	97564,373	42161,797	48066,173	46788,649	39390,762	33284,592	55250,989	37778,723
165,055614	"C05581;"	"3-Methoxy-4-hydroxyphenylacetaldehyde;(4-Hydroxy-3-methoxyphenyl)acetaldehyde;Homovanillin;"	"Tyrosine metabolism; "	"9,9883e-05;"	"C9H10O3;"	13293,728	10505,874	13162,691	10910,558	12658,182	12777,624	12288,663	14001,699	9423,929	11952,761	13029,719	13162,691	12899,375	12173,498	11710,076	14316,423	11824,371	9999,509	10407,412	9336,569	11007,798	11594,325	10101,574	11710,076	9814,399	11594,325	12658,182	9336,569	13699,069	11594,325	12288,663	17329,056	14464,787	13567,485	13848,05	12899,375	11470,152	30261,908	11824,371	16775,321	10703,245	40298,794	13029,719	12899,375	13293,728	14464,787	10602,959	12418,66	16179,584
166,019895	"C07648;"	"Thioguanine;"		"-0,00060967;"	"C5H5N5S;"	5585,042	5204,805	5204,805	5048,268	5585,042	4938,635	4938,635	5204,805	4765,777	4883,859	5314,068	4707,098	5534,838	5204,805	5314,068	5153,345	5314,068	4472,211	4224,542	4707,098	4524,713	5102,518	4993,251	4883,859	4707,098	4356,912	4286,414	4099,259	9243,609	5638,371	7323,259	5585,042	5850,368	5638,371	6275,184	5534,838	5102,518	8455,93	4821,525	4524,713	4583,734	6899,331	5793,285	4765,777	5102,518	5153,345	4167,492	4646,607	5534,838
166,087663	"C05587;"	"3-Methoxytyramine;"	"Tyrosine metabolism; "	"-0,0003148;"	"C9H13NO2;"	2895,158	2621,185	3268,716	3399,303	3076,797	3590,452	2621,185	3529,499	2895,158	2955,287	2895,158	2514,257	3838,795	2786,581	2895,158	2955,287	2514,257	2842,579	2514,257	2320,272	3076,797	2955,287	3016,164	2842,579	3463,951	2726,287	2670,202	2101,151	5903,547	5102,518	4821,525	5743,024	3905,258	7188,258	5903,547	5048,268	4167,492	6547,782	4099,259	3784,446	4410,701	6275,184	5692,41	5102,518	5743,024	5314,068	4356,912	4524,713	4993,251
166,97722	"C00074;"	"Phosphoenolpyruvate;"	"Glycolysis / Gluconeogenesis; Citrate cycle (TCA cycle); Phenylalanine, tyrosine and tryptophan biosynthesis; Phosphonate and phosphinate metabolism; Pyruvate metabolism; Methane metabolism; Phosphotransferase system (PTS); "	"-0,0021264;"	"C3H5O6P;"	16375,671	22275,203	15279,027	14980,585	16939,173	15135,679	14156,772	15279,027	14001,699	32203,252	18534,377	19429,782	21465,657	21976,279	18961,066	15806,441	28916,369	26869,418	27273,603	21976,279	22525,628	17534,452	24943,198	28078,326	24943,198	25581	20639,57	25581	14980,585	15806,441	14804,855	12068,386	11594,325	14464,787	12777,624	12658,182	15605,152	10910,558	13567,485	19890,342	14001,699	14001,699	22275,203	15806,441	17131,574	21733,577	24401,844	13567,485	24125,481
167,022601	"C00366;"	"Urate;"	"Purine metabolism; "	"-0,0015411;"	"C5H4N4O3;"	4524,713	4037,444	4524,713	5370,191	3838,795	3905,258	4524,713	4286,414	3714,873	4583,734	4472,211	5314,068	4037,444	3972,678	3590,452	4821,525	5153,345	3016,164	3590,452	4099,259	3346,171	3129,838	4167,492	4646,607	3714,873	3200,719	3972,678	3972,678	7188,258	4646,607	5048,268	4167,492	4524,713	6116,18	4410,701	3463,951	5153,345	3200,719	3784,446	4286,414	6725,551	6606,72	5314,068	4037,444	3838,795	11119,409	4765,777	4286,414	4472,211
167,036939	"C01161;C00544;C05577;"	"3,4-Dihydroxyphenylacetate;Homogentisate;3,4-Dihydroxymandelaldehyde;3,4-Dihydroxyphenylglycolaldehyde;"	"Tyrosine metabolism; Ubiquinone and other terpenoid-quinone biosynthesis; Tyrosine metabolism; Styrene degradation; Tyrosine metabolism; "	"-0,0019608;-0,0019608;-0,0019608;"	"C8H8O4;C8H8O4;C8H8O4;"	11229,814	12899,375	13699,069	16939,173	14316,423	14316,423	17131,574	15135,679	11594,325	13162,691	17732,538	15135,679	13029,719	14156,772	14804,855	14632,005	13293,728	13293,728	13029,719	13162,691	13411,368	14464,787	13162,691	13699,069	14156,772	13567,485	15279,027	13029,719	24401,844	20639,57	23844,57	20889,51	18534,377	19890,342	24657,653	19429,782	13162,691	17534,452	16005,385	16939,173	14980,585	19188,413	16588,741	17131,574	17945,935	17131,574	14804,855	17732,538	16939,173
167,95889	"C05688;"	"L-Selenocysteine;"	"Selenocompound metabolism; "	"-0,0019703;"	"C3H7NO2Se;"	2019,415	1714,424	2276,128	2228,98	1904,165	1788,828	2786,581	2101,151	1981,903	1749,51	2143,424	1867,742	1904,165	1680,267	2276,128	2228,98	2101,151	2101,151	1714,424	1190,065	1904,165	2060,492	1788,828	1411,597	1867,742	1645,874	2019,415	1573,613	3838,795	4938,635	6547,782	1867,742	7716,232	2060,492	3529,499	4938,635	1943,728	4993,251	1609,073	2101,151	3650,445	9243,609	2621,185	2468,957	9336,569	1680,267	1510,972	1943,728	1826,456
168,006824	"C11638;"	"3-Amino-2-oxopropyl1-Amino-3-(phosphohydroxy)propan-2-one;"	"Vitamin B6 metabolism; "	"-9,5172e-05;"	"C3H8NO5P;"	4356,912	3972,678	4646,607	3838,795	4524,713	3529,499	5048,268	4993,251	4167,492	4037,444	4224,542	4993,251	4286,414	3200,719	4099,259	4938,635	4037,444	3838,795	5102,518	3905,258	3838,795	3784,446	4765,777	4821,525	4646,607	3529,499	4410,701	3784,446	5314,068	3399,303	4646,607	3129,838	3076,797	4938,635	3200,719	2670,202	4410,701	3076,797	4938,635	3972,678	2514,257	3972,678	4167,492	2419,272	3650,445	5204,805	3268,716	3076,797	4883,859
168,064864	"C00314;C00547;"	"Pyridoxine;Pyridoxol;L-Noradrenaline;Noradrenaline;Norepinephrine;Arterenol;4-[(1R)-2-Amino-1-hydroxyethyl]-1,2-benzenediol;"	"Vitamin B6 metabolism; Tyrosine metabolism; Two-component system; Quorum sensing; "	"0,0017486;0,0017486;"	"C8H11NO3;C8H11NO3;"	13699,069	12777,624	14632,005	13411,368	13029,719	13162,691	14464,787	13699,069	12068,386	12418,66	11710,076	11824,371	12777,624	11710,076	12536,373	10301,013	12418,66	13567,485	10301,013	11347,143	12777,624	14632,005	11710,076	11594,325	13162,691	13848,05	12173,498	10602,959	25581	17732,538	12899,375	24401,844	16375,671	11952,761	20639,57	16179,584	10101,574	19667,392	18143,239	12418,66	14804,855	14156,772	9814,399	18534,377	15605,152	11007,798	14316,423	15605,152	14632,005
168,076118	"C01152;"	"N(pi)-Methyl-L-histidine;N-pros-Methyl-L-histidine;3-Methylhistidine;1-Methylhistidine;"	"Histidine metabolism; "	"0,0017278;"	"C7H11N3O2;"	3838,795	4099,259	5048,268	4883,859	3905,258	3972,678	5314,068	4821,525	3590,452	4410,701	3972,678	4410,701	4472,211	4707,098	4286,414	4524,713	4099,259	3784,446	3838,795	4583,734	3905,258	3590,452	3784,446	3905,258	4037,444	4167,492	4356,912	3714,873	6275,184	5534,838	4224,542	6725,551	4356,912	3905,258	5850,368	4410,701	4286,414	6116,18	3650,445	4167,492	3905,258	4646,607	4037,444	5048,268	4286,414	4099,259	3905,258	3463,951	5048,268
169,017887	"C01424;"	"Gallate;Gallic acid;3,4,5-Trihydroxybenzoic acid;3,4,5-Trihydroxybenzoate;Pyrogallol-5-carboxylic acid;"	"Aminobenzoate degradation; "	"-0,0036438;"	"C7H6O5;"	10824,496	8614,016	11952,761	12068,386	10301,013	8961,017	11470,152	11594,325	8614,016	8687,593	13162,691	11119,409	9053,155	10301,013	9519,89	12173,498	9619,861	8218,267	11470,152	9999,509	9336,569	8614,016	9519,89	10703,245	8687,593	8532,627	11710,076	9898,467	14156,772	7853,365	13162,691	6956,283	6547,782	12536,373	10301,013	8687,593	9243,609	6669,24	9814,399	8687,593	7256,085	8961,017	9336,569	6606,72	8218,267	11470,152	6547,782	7647,967	10910,558
169,049458	"C05576;C06720;C06729;C06731;"	"3,4-Dihydroxyphenylethyleneglycol;1,6-Dihydroxy-5-methylcyclohexa-2,4-dienecarboxylate;1,2-Dihydroxy-3-methylcyclohexa-3,5-dienecarboxylate;cis-1,2-Dihydroxy-4-methylcyclohexa-3,5-diene-1-carboxylate;4-Methylcyclohexa-3,5-diene-1,2-cis-diol-1-carboxylic acid;1,2-Dihydroxy-6-methylcyclohexa-3,5-dienecarboxylate;"	"Tyrosine metabolism; Xylene degradation; Xylene degradation; Xylene degradation; "	"0,0011702;0,0011702;0,0011702;0,0011702;"	"C8H10O4;C8H10O4;C8H10O4;C8H10O4;"	10301,013	9722,271	13848,05	11347,143	11824,371	10301,013	14001,699	12536,373	10505,874	7994,953	10602,959	11347,143	10910,558	11119,409	12418,66	10910,558	9053,155	9814,399	9722,271	9619,861	11229,814	11470,152	10910,558	9814,399	10505,874	10301,013	11119,409	10194,26	10602,959	8532,627	9999,509	9898,467	8532,627	9150,73	8759,339	9519,89	7784,482	11470,152	8857,778	8857,778	7647,967	9814,399	8073,111	7137,774	9722,271	8073,111	8294,922	12173,498	8687,593
169,122628	"C16462;"	"Citronellate;Citronellic acid;3,7-Dimethyl-6-octenoic acid;"	"Geraniol degradation; "	"0,00077164;"	"C10H18O2;"	7074,562	6669,24	8378,568	8294,922	7505,789	6116,18	6432,934	8687,593	6331,236	6116,18	6060,281	6060,281	6547,782	5954,75	6784,146	6838,178	5479,703	6060,281	6008,64	7323,259	6838,178	7381,784	6547,782	5850,368	6008,64	5479,703	7446,03	4993,251	13293,728	8142,539	6221,166	14316,423	8759,339	7853,365	9619,861	8532,627	7446,03	11119,409	9336,569	7924,65	7074,562	9722,271	7647,967	10301,013	6669,24	5743,024	8532,627	8857,778	7716,232
170,045611	"C03972;"	"2,3,4,5-Tetrahydrodipicolinate;"	"Monobactam biosynthesis; Lysine biosynthesis; "	"0,00026675;"	"C7H9NO4;"	10101,574	12288,663	11710,076	7647,967	11347,143	11347,143	9519,89	10101,574	14464,787	10602,959	9619,861	8687,593	10824,496	9722,271	11824,371	11594,325	10301,013	12288,663	12173,498	12173,498	12536,373	12288,663	9722,271	10301,013	14001,699	12418,66	13162,691	11952,761	6725,551	9999,509	14632,005	9243,609	10910,558	14804,855	12418,66	11952,761	11824,371	15806,441	8614,016	8455,93	12173,498	12068,386	15605,152	11470,152	12658,182	14156,772	10910,558	9999,509	11594,325
170,07921	"C11837;"	"N-Butyryl-L-homoserine;"	"Quorum sensing; Biofilm formation; "	"0,0030526;"	"C8H13NO3;"	8857,778	7580,358	9619,861	6725,551	8073,111	7137,774	9336,569	8073,111	9619,861	6899,331	7188,258	7580,358	8455,93	7716,232	7716,232	8455,93	6838,178	8294,922	10101,574	8687,593	10703,245	8218,267	8455,93	6606,72	9336,569	7505,789	6838,178	8218,267	10824,496	7505,789	5850,368	12418,66	8218,267	6331,236	10703,245	8455,93	6008,64	10101,574	8759,339	5638,371	7994,953	8455,93	5585,042	8532,627	7446,03	5692,41	10824,496	7074,562	5954,75
170,945816	"C14839;C14840;"	"Bromobenzene-3,4-oxide;Bromobenzene-3,4-epoxide;Bromobenzene-2,3-oxide;Bromobenzene-2,3-epoxide;"		"-0,00071875;-0,00071875;"	"C6H5BrO;C6H5BrO;"	204,945	295,727	544,963	295,727	544,963	426,015	367,432	599,883	100,852	367,432	426,015	295,727	426,015	487,946	692,339	367,432	204,945	426,015	367,432	204,945	426,015	544,963	204,945	487,946	487,946	204,945	204,945	487,946	544,963	986,079	1867,742	204,945	367,432	1090,849	644,737	740,812	487,946	1022,926	204,945	740,812	367,432	1285,491	544,963	100,852	869,954	367,432	487,946	367,432	913,091
170,997741	"C00093;"	"sn-Glycerol 3-phosphate;"	"Glycerolipid metabolism; Glycerophospholipid metabolism; ABC transporters; "	"0,0086526;"	"C3H9O6P;"	6899,331	7137,774	4821,525	5427,675	7647,967	8142,539	14316,423	5479,703	6487,74	5743,024	14980,585	5743,024	6487,74	7924,65	5204,805	5954,75	6784,146	7580,358	4410,701	5534,838	6784,146	6331,236	4883,859	5370,191	7446,03	6784,146	5479,703	6275,184	9722,271	12777,624	17945,935	7647,967	9053,155	16375,671	14156,772	10602,959	12288,663	20372,858	5743,024	8961,017	13411,368	8378,568	26869,418	11119,409	9423,929	12899,375	5427,675	6784,146	12899,375
171,006201	"C00093;"	"sn-Glycerol 3-phosphate;"	"Glycerolipid metabolism; Glycerophospholipid metabolism; ABC transporters; "	"0,00019347;"	"C3H9O6P;"	31205,466	33284,592	22525,628	19429,782	32203,252	29764,071	25275,422	24401,844	32203,252	23036,673	21465,657	20889,51	25275,422	34463,509	23548,513	22525,628	28078,326	35722,016	21976,279	24125,481	32203,252	33909,423	22275,203	20639,57	30261,908	34463,509	21175,657	29326,215	9619,861	12418,66	16939,173	11710,076	17131,574	19667,392	15605,152	18961,066	39390,762	14804,855	18961,066	31696,752	17534,452	18143,239	30261,908	23548,513	21733,577	29764,071	29764,071	24401,844	24657,653
171,029796	"C02637;C03063;C05600;"	"3-Dehydroshikimate;2-Oxohept-3-enedioate;2-Oxohept-3-ene-1,7-dioate;2-Hydroxyhepta-2,4-dienedioate;2-Hydroxyhepta-2,4-diene-1,7-dioate;"	"Phenylalanine, tyrosine and tryptophan biosynthesis; Tyrosine metabolism; Tyrosine metabolism; "	"9,7457e-05;9,7457e-05;9,7457e-05;"	"C7H8O5;C7H8O5;C7H8O5;"	9519,89	9423,929	11229,814	14804,855	10703,245	10101,574	12899,375	11470,152	8455,93	9423,929	11824,371	11710,076	10301,013	12288,663	11594,325	10101,574	9722,271	10824,496	11347,143	7505,789	10301,013	9999,509	13567,485	11952,761	13411,368	12288,663	14980,585	11347,143	7716,232	5314,068	7853,365	6487,74	7505,789	8073,111	5314,068	6170,27	9150,73	4707,098	5638,371	7853,365	6487,74	5903,547	7994,953	5204,805	6606,72	7853,365	7784,482	9150,73	8759,339
172,070236	"C03771;"	"5-Guanidino-2-oxopentanoate;5-Guanidino-2-oxo-pentanoate;2-Oxo-5-guanidinopentanoate;2-Oxo-5-guanidino-pentanoate;2-Oxoarginine;"	"Arginine and proline metabolism; D-Arginine and D-ornithine metabolism; "	"0,0025246;"	"C6H11N3O3;"	9336,569	8532,627	10101,574	8759,339	9150,73	8378,568	11824,371	9423,929	8378,568	9336,569	11594,325	8759,339	9619,861	8614,016	7446,03	8532,627	10407,412	8142,539	8532,627	10703,245	9150,73	8378,568	9336,569	8294,922	9053,155	8218,267	8687,593	9150,73	13848,05	13699,069	14464,787	13848,05	12777,624	12173,498	16005,385	13567,485	8455,93	14316,423	11470,152	9336,569	11347,143	12899,375	9243,609	13029,719	12068,386	10101,574	9519,89	10194,26	11229,814
173,010863	"C00417;"	"cis-Aconitate;cis-Aconitic acid;"	"Citrate cycle (TCA cycle); Glyoxylate and dicarboxylate metabolism; C5-Branched dibasic acid metabolism; "	"-0,0017051;"	"C6H6O6;"	13162,691	11824,371	14980,585	15135,679	13699,069	11470,152	12777,624	12418,66	12418,66	10910,558	14316,423	17732,538	11470,152	11347,143	14632,005	16179,584	16005,385	13848,05	15806,441	13411,368	15279,027	13162,691	15605,152	17131,574	14804,855	11347,143	14316,423	16005,385	20131,453	10505,874	12173,498	7074,562	10602,959	11347,143	9519,89	10703,245	14980,585	6838,178	12418,66	12173,498	10407,412	12288,663	12288,663	8142,539	13567,485	15605,152	9722,271	15135,679	17534,452
173,04485	"C00493;C04236;"	"Shikimate;(2S)-2-Isopropyl-3-oxosuccinate;3-Carboxy-4-methyl-2-oxopentanoate;2-Oxo-4-methyl-3-carboxypentanoate;"	"Phenylalanine, tyrosine and tryptophan biosynthesis; Valine, leucine and isoleucine biosynthesis; "	"0,00069261;0,00069261;"	"C7H10O5;C7H10O5;"	65238,105	46788,649	86508,976	65238,105	53481,724	41155,247	63046,749	63046,749	46788,649	38560,131	50856,24	50856,24	45425,129	55250,989	56916,467	55250,989	31205,466	37778,723	52261,882	45425,129	52261,882	52261,882	46788,649	43140,783	46788,649	49337,269	48066,173	39390,762	25275,422	22781,13	32751,551	25581	24943,198	31696,752	23844,57	22781,13	26869,418	23036,673	22275,203	23548,513	21175,657	23548,513	23548,513	20131,453	22781,13	24943,198	17732,538	26198,097	22275,203
174,040698	"C01045;"	"N-Formyl-L-glutamate;"	"Histidine metabolism; "	"9,3624e-05;"	"C6H9NO5;"	6432,934	10910,558	7323,259	13848,05	5370,191	5954,75	5427,675	8142,539	5585,042	4821,525	5534,838	6331,236	6725,551	6838,178	6487,74	5850,368	5903,547	5314,068	6331,236	6116,18	5479,703	6547,782	6060,281	6170,27	5048,268	6487,74	6331,236	6170,27	4883,859	4883,859	13293,728	5850,368	5638,371	5153,345	3784,446	5204,805	6116,18	3784,446	4646,607	5370,191	5265,146	5204,805	4646,607	4524,713	5534,838	6784,146	5479,703	6899,331	11347,143
174,054457	"C00954;C05634;"	"Indole-3-acetate;Indole-3-acetic acid;(Indol-3-yl)acetate;Indoleacetate;Indoleacetic acid;IAA;5-Hydroxyindoleacetaldehyde;"	"Tryptophan metabolism; Tryptophan metabolism; "	"0,0015911;0,0015911;"	"C10H9NO2;C10H9NO2;"	14464,787	17534,452	17329,056	13699,069	16775,321	14001,699	12068,386	10505,874	14156,772	11347,143	12418,66	12173,498	10101,574	21465,657	13411,368	11119,409	12536,373	14464,787	11594,325	11470,152	18728,925	14001,699	11119,409	11229,814	10602,959	15806,441	9243,609	12777,624	13029,719	11470,152	14316,423	11229,814	16939,173	13162,691	8142,539	12777,624	12899,375	8687,593	13162,691	8532,627	22275,203	16375,671	13293,728	14156,772	15443,458	10703,245	18728,925	18534,377	8532,627
174,087247	"C00327;"	"L-Citrulline;"	"Arginine biosynthesis; "	"0,0011635;"	"C6H13N3O3;"	44239,66	50856,24	46788,649	40298,794	44239,66	37778,723	44239,66	41155,247	45425,129	40298,794	38560,131	35722,016	37059,876	32751,551	40298,794	35094,197	32751,551	32751,551	30261,908	33909,423	36390,623	35094,197	31696,752	28476,175	35094,197	31205,466	29764,071	28078,326	52261,882	36390,623	31205,466	45425,129	30708,154	36390,623	40298,794	32751,551	30708,154	35094,197	35094,197	27273,603	33284,592	29764,071	28916,369	36390,623	28476,175	27273,603	24943,198	29326,215	30261,908
175,038874	"C00438;"	"N-Carbamoyl-L-aspartate;"	"Pyrimidine metabolism; Alanine, aspartate and glutamate metabolism; "	"-0,0028328;"	"C5H8N2O5;"	9722,271	10703,245	11347,143	13029,719	12288,663	12658,182	11229,814	14464,787	13848,05	11594,325	12899,375	17131,574	10505,874	10824,496	18534,377	18728,925	15806,441	14632,005	15443,458	19429,782	11594,325	12899,375	15279,027	17945,935	11229,814	12899,375	15806,441	16939,173	7994,953	9814,399	10602,959	7446,03	7784,482	10703,245	6899,331	7505,789	16939,173	8759,339	11007,798	12899,375	10194,26	11229,814	10703,245	9519,89	10910,558	15279,027	8857,778	13293,728	14001,699
175,06292	"C04411;C02504;"	"3-Carboxy-2-hydroxy-4-methylpentanoate;3-Carboxy-3-hydroxy-4-methylpentanoate;"	"Valine, leucine and isoleucine biosynthesis; Valine, leucine and isoleucine biosynthesis; Pyruvate metabolism; "	"-0,0017269;-0,0017269;"	"C7H12O5;C7H12O5;"	97564,373	137274,629	93625,847	73770,686	93625,847	406123,146	146543,177	86508,976	456315,526	179830,904	260072,251	83303,119	192994,105	146543,177	1360272,306	241234,48	224591,987	208589,096	179830,904	665668,203	260072,251	208589,096	208589,096	192994,105	224591,987	155322,021	208589,096	208589,096	192994,105	363549,095	58867,047	30261,908	86508,976	137274,629	26869,418	73770,686	1360272,306	23844,57	73770,686	208589,096	89940,981	128031,552	224591,987	63046,749	155322,021	335682,082	45425,129	120280,496	260072,251
175,087968	"C00780;"	"Serotonin;3-(2-Aminoethyl)-1H-indol-5-ol;5-Hydroxytryptamine;Enteramine;"	"Tryptophan metabolism; "	"-0,00028522;"	"C10H12N2O;"	8687,593	10602,959	8759,339	7994,953	8378,568	25581	11119,409	9898,467	24125,481	11710,076	17131,574	9999,509	10703,245	9619,861	48066,173	12899,375	13029,719	12173,498	11119,409	35094,197	13029,719	12068,386	12418,66	12418,66	11824,371	9519,89	11952,761	12173,498	12536,373	21175,657	6725,551	11347,143	9423,929	9999,509	11007,798	9722,271	50856,24	12173,498	11952,761	10301,013	10101,574	10505,874	11824,371	9423,929	11710,076	16005,385	6956,283	8759,339	15279,027
177,040258	"C03926;C00198;"	"3-Dehydro-2-deoxy-D-gluconate;D-Glucono-1,5-lactone;"	"Pentose phosphate pathway; "	"0,00019914;0,00019914;"	"C6H10O6;C6H10O6;"	22781,13	24125,481	24401,844	28916,369	27273,603	25871,016	24943,198	24657,653	25275,422	26869,418	23844,57	22275,203	25871,016	40298,794	24657,653	23844,57	29764,071	33909,423	28916,369	25275,422	35722,016	33284,592	29764,071	25275,422	28078,326	32751,551	30708,154	25871,016	21976,279	21976,279	20131,453	17131,574	24125,481	24657,653	20372,858	23036,673	19890,342	17732,538	19188,413	18143,239	29764,071	21175,657	21976,279	24401,844	26506,474	24125,481	42161,797	24125,481	21465,657
177,067124	"C14315;"	"Anthracene;"		"0,0038464;"	"C14H10;"	5903,547	6487,74	6221,166	5793,285	5427,675	12418,66	6956,283	5370,191	10910,558	7446,03	7580,358	5954,75	6331,236	7188,258	18143,239	7580,358	7994,953	7323,259	7446,03	14980,585	8532,627	8532,627	7381,784	7716,232	7580,358	6725,551	7580,358	7188,258	7381,784	10824,496	4993,251	6116,18	5743,024	6008,64	4707,098	4883,859	18342,471	5585,042	7188,258	6838,178	5102,518	5692,41	6170,27	4646,607	6432,934	8687,593	6383,775	6275,184	7994,953
178,049995	"C01586;"	"Hippurate;Hippuric acid;N-Benzoylglycine;Benzoylaminoacetic acid;"	"Phenylalanine metabolism; "	"0,0009682;"	"C9H9NO3;"	7716,232	6547,782	9150,73	8857,778	7381,784	7019,252	6899,331	7647,967	6784,146	7074,562	6221,166	7994,953	7381,784	7580,358	7505,789	7853,365	7580,358	6432,934	7381,784	6547,782	7647,967	7188,258	7580,358	7924,65	7647,967	7924,65	6606,72	7505,789	11119,409	6432,934	7019,252	10505,874	7853,365	6383,775	7137,774	7994,953	6725,551	8614,016	8073,111	6060,281	8532,627	7647,967	6331,236	8857,778	7381,784	5427,675	10505,874	7784,482	6383,775
178,074165	"C16675;"	"7-Aminomethyl-7-carbaguanine;7-Aminomethyl-7-deazaguanine;"	"Folate biosynthesis; "	"-0,00073545;"	"C7H9N5O;"	8455,93	3399,303	6060,281	5102,518	6838,178	6008,64	5638,371	4938,635	6060,281	5534,838	5692,41	5204,805	5265,146	5638,371	4938,635	5102,518	6275,184	4938,635	6116,18	6725,551	6606,72	5534,838	5534,838	6221,166	5204,805	7446,03	6275,184	6060,281	5793,285	6606,72	5903,547	6899,331	7580,358	4993,251	6432,934	7446,03	5638,371	6170,27	5370,191	3399,303	8961,017	5314,068	4883,859	7256,085	5265,146	4410,701	5370,191	3972,678	4938,635
179,037229	"C01179;"	"3-(4-Hydroxyphenyl)pyruvate;"	"Ubiquinone and other terpenoid-quinone biosynthesis; Monobactam biosynthesis; Tyrosine metabolism; Phenylalanine, tyrosine and tryptophan biosynthesis; Novobiocin biosynthesis; Methane metabolism; "	"-0,0022504;"	"C9H8O4;"	25275,422	19890,342	27662,243	33909,423	25581	18961,066	27273,603	24943,198	16179,584	19667,392	28916,369	29326,215	20372,858	20889,51	25871,016	30261,908	19667,392	16005,385	25581	23303,629	19890,342	20639,57	23303,629	22275,203	20639,57	19667,392	23844,57	19188,413	26198,097	26198,097	27273,603	22525,628	22525,628	26506,474	28476,175	19667,392	24401,844	29764,071	18342,471	22525,628	20131,453	26869,418	21733,577	17732,538	19429,782	21465,657	15135,679	18961,066	21976,279
179,056267	"C02782;C00031;C00095;C00137;C00221;C00267;C02336;"	"2-Deoxy-D-gluconate;D-Glucose;D-Fructose;Levulose;Fruit sugar;D-arabino-Hexulose;myo-Inositol;D-myo-Inositol;1D-myo-Inositol;L-myo-Inositol;1L-myo-Inositol;meso-Inositol;Inositol;Dambose;Cyclohexitol;Meat sugar;Bios I;beta-D-Glucose;alpha-D-Glucose;beta-D-Fructose;beta-Fruit sugar;beta-D-arabino-Hexulose;beta-Levulose;Fructose;"	"Glycolysis / Gluconeogenesis; Pentose phosphate pathway; Galactose metabolism; Starch and sucrose metabolism; Amino sugar and nucleotide sugar metabolism; Streptomycin biosynthesis; ABC transporters; Two-component system; Phosphotransferase system (PTS); Fructose and mannose metabolism; Galactose metabolism; Starch and sucrose metabolism; ABC transporters; Phosphotransferase system (PTS); Galactose metabolism; Ascorbate and aldarate metabolism; Streptomycin biosynthesis; Inositol phosphate metabolism; ABC transporters; Glycolysis / Gluconeogenesis; Pentose phosphate pathway; Glycolysis / Gluconeogenesis; Fructose and mannose metabolism; Galactose metabolism; Amino sugar and nucleotide sugar metabolism; Amino sugar and nucleotide sugar metabolism; "	"-0,0001592;-0,0001592;-0,0001592;-0,0001592;-0,0001592;-0,0001592;-0,0001592;"	"C6H12O6;C6H12O6;C6H12O6;C6H12O6;C6H12O6;C6H12O6;C6H12O6;"	224591,987	241234,48	260072,251	283339,771	224591,987	192994,105	179830,904	224591,987	167327,673	192994,105	192994,105	208589,096	224591,987	307961,697	167327,673	208589,096	208589,096	192994,105	155322,021	179830,904	208589,096	192994,105	167327,673	179830,904	208589,096	208589,096	179830,904	192994,105	20639,57	29326,215	86508,976	18342,471	41155,247	83303,119	18961,066	27662,243	80046,667	13293,728	19667,392	40298,794	120280,496	27273,603	89940,981	39390,762	32203,252	46788,649	63046,749	29764,071	24943,198
180,06713	"C00082;"	"L-Tyrosine;"	"Ubiquinone and other terpenoid-quinone biosynthesis; Monobactam biosynthesis; Tyrosine metabolism; Phenylalanine metabolism; Phenylalanine, tyrosine and tryptophan biosynthesis; Novobiocin biosynthesis; Cyanoamino acid metabolism; Methane metabolism; Thiamine metabolism; Aminoacyl-tRNA biosynthesis; "	"-0,00051737;"	"C9H11NO3;"	33909,423	35094,197	38560,131	36390,623	29326,215	49337,269	37059,876	32203,252	36390,623	33909,423	35722,016	32751,551	33284,592	28916,369	28916,369	38560,131	37778,723	30708,154	32203,252	41155,247	33284,592	29326,215	31205,466	30708,154	30708,154	29764,071	32751,551	30261,908	53481,724	38560,131	35722,016	42161,797	37059,876	33909,423	46788,649	36390,623	31205,466	46788,649	38560,131	29764,071	41155,247	31696,752	44239,66	37059,876	40298,794	32751,551	39390,762	39390,762	48066,173
181,05206	"C05583;"	"3-Methoxy-4-hydroxyphenylglycolaldehyde;"	"Tyrosine metabolism; "	"-0,0014316;"	"C9H10O4;"	13411,368	11594,325	16939,173	17732,538	13848,05	12536,373	20372,858	20639,57	10301,013	11119,409	21733,577	17534,452	12068,386	12777,624	17945,935	16939,173	12173,498	10407,412	19429,782	13293,728	11824,371	9898,467	13029,719	15279,027	11594,325	11710,076	18143,239	14156,772	21733,577	20889,51	22275,203	22781,13	18342,471	17534,452	24943,198	17945,935	11007,798	25581	13699,069	14464,787	16375,671	20372,858	18728,925	17945,935	17329,056	16179,584	12536,373	15806,441	13411,368
181,073069	"C00392;"	"Mannitol;D-Mannitol;"	"Fructose and mannose metabolism; ABC transporters; Phosphotransferase system (PTS); "	"-0,0013119;"	"C6H14O6;"	34463,509	30261,908	155322,021	224591,987	40298,794	37059,876	456315,526	546847,997	24401,844	89940,981	456315,526	335682,082	93625,847	38560,131	546847,997	363549,095	41155,247	29764,071	665668,203	208589,096	31205,466	32203,252	192994,105	363549,095	33284,592	29326,215	665668,203	260072,251	363549,095	65238,105	128031,552	456315,526	335682,082	55250,989	260072,251	283339,771	70766,598	260072,251	89940,981	335682,082	70766,598	283339,771	93625,847	128031,552	86508,976	80046,667	120280,496	113353,365	97564,373
182,971568	"C03232;"	"3-Phosphohydroxypyruvate;"	"Glycine, serine and threonine metabolism; Methane metabolism; "	"-0,0015595;"	"C3H5O7P;"	22525,628	20889,51	21465,657	22525,628	21976,279	19890,342	21976,279	21733,577	20639,57	16775,321	18728,925	18342,471	21976,279	20372,858	20131,453	15443,458	16775,321	16939,173	14804,855	18342,471	19429,782	20131,453	17534,452	15605,152	19188,413	18143,239	16588,741	14804,855	12777,624	9722,271	10101,574	15135,679	8687,593	9243,609	10602,959	9336,569	8218,267	9243,609	11119,409	7647,967	13029,719	9519,89	9150,73	12068,386	9150,73	7323,259	11119,409	10703,245	8218,267
182,997252	"C03671;"	"2-Pyrone-4,6-dicarboxylate;"	"Benzoate degradation; Aminobenzoate degradation; "	"-0,0037439;"	"C7H4O6;"	33284,592	27662,243	32203,252	38560,131	35722,016	22781,13	28078,326	26869,418	20889,51	25871,016	32203,252	30261,908	27662,243	22781,13	26506,474	25871,016	25581	18961,066	25871,016	23844,57	23548,513	19890,342	27273,603	31696,752	27273,603	19890,342	27273,603	23548,513	18961,066	16588,741	24657,653	13411,368	15279,027	24943,198	17329,056	16939,173	20639,57	18534,377	14156,772	16375,671	19890,342	15605,152	24657,653	14316,423	15806,441	19667,392	12777,624	14316,423	16005,385
184,000949	"C01005;"	"O-Phospho-L-serine;"	"Glycine, serine and threonine metabolism; Cysteine and methionine metabolism; Methane metabolism; Aminoacyl-tRNA biosynthesis; "	"0,00069459;"	"C3H8NO6P;"	50856,24	40298,794	37778,723	23844,57	49337,269	39390,762	28916,369	31205,466	56916,467	39390,762	28078,326	26198,097	48066,173	28078,326	39390,762	36390,623	46788,649	50856,24	40298,794	35722,016	49337,269	46788,649	35722,016	35094,197	56916,467	42161,797	45425,129	43140,783	13567,485	23303,629	32203,252	17534,452	22275,203	30261,908	18342,471	24943,198	29764,071	21175,657	28078,326	32751,551	15279,027	25871,016	24943,198	22275,203	33909,423	34463,509	37778,723	33909,423	42161,797
184,989267	"C00631;C00197;"	"D-Glycerate 2-phosphate;3-Phospho-D-glycerate;"	"Glycolysis / Gluconeogenesis; Pentose phosphate pathway; Glycine, serine and threonine metabolism; Glycerolipid metabolism; Glyoxylate and dicarboxylate metabolism; Methane metabolism; Glycolysis / Gluconeogenesis; Pentose phosphate pathway; Glycine, serine and threonine metabolism; Glycerolipid metabolism; Glyoxylate and dicarboxylate metabolism; Methane metabolism; "	"-0,0036084;-0,0036084;"	"C3H7O7P;C3H7O7P;"	56916,467	70766,598	49337,269	42161,797	52261,882	56916,467	48066,173	48066,173	58867,047	97564,373	53481,724	53481,724	70766,598	86508,976	53481,724	50856,24	113353,365	93625,847	86508,976	68083,188	83303,119	65238,105	80046,667	86508,976	89940,981	73770,686	63046,749	73770,686	49337,269	49337,269	41155,247	41155,247	39390,762	43140,783	48066,173	60874,233	52261,882	31696,752	58867,047	80046,667	63046,749	49337,269	86508,976	89940,981	73770,686	86508,976	107477,23	60874,233	89940,981
185,118958	"C20714;"	"3-Oxodecanoate;"		"-0,00064398;"	"C10H18O3;"	15605,152	12173,498	17945,935	17534,452	13293,728	12288,663	31696,752	16775,321	11470,152	15135,679	31205,466	16179,584	16375,671	12658,182	15279,027	14980,585	14156,772	10703,245	14001,699	17329,056	13162,691	13293,728	14632,005	14001,699	13293,728	12173,498	14804,855	12899,375	27662,243	27273,603	25275,422	30708,154	20131,453	25275,422	30261,908	25275,422	21465,657	37059,876	20889,51	24657,653	18534,377	37059,876	20889,51	22525,628	20889,51	18342,471	20639,57	18728,925	22781,13
188,033909	"C14800;C14802;"	"1-Nitronaphthalene-5,6-oxide;1-Nitronaphthalene-7,8-oxide;"		"0,0014039;0,0014039;"	"C10H7NO3;C10H7NO3;"	9243,609	9336,569	8294,922	8455,93	8759,339	9519,89	8455,93	8218,267	9814,399	8073,111	6956,283	8142,539	7446,03	7784,482	7784,482	7074,562	7784,482	8961,017	6487,74	7647,967	9423,929	9519,89	7188,258	7323,259	8857,778	8294,922	7323,259	7446,03	17732,538	6899,331	7784,482	10602,959	7924,65	7924,65	7580,358	7580,358	7256,085	7716,232	9243,609	6725,551	7505,789	7446,03	7019,252	7716,232	7994,953	7580,358	9150,73	7256,085	8073,111
188,057121	"C00624;"	"N-Acetyl-L-glutamate;"	"Arginine biosynthesis; "	"-0,00067895;"	"C7H11NO5;"	208589,096	307961,697	224591,987	146543,177	260072,251	260072,251	224591,987	179830,904	241234,48	241234,48	208589,096	224591,987	260072,251	224591,987	241234,48	335682,082	260072,251	283339,771	260072,251	241234,48	283339,771	307961,697	307961,697	260072,251	335682,082	363549,095	335682,082	363549,095	63046,749	146543,177	224591,987	60874,233	179830,904	241234,48	89940,981	137274,629	224591,987	102261,677	155322,021	241234,48	155322,021	146543,177	192994,105	167327,673	167327,673	241234,48	307961,697	167327,673	224591,987
189,040835	"C00944;C05601;C06201;"	"3-Dehydroquinate;4-Hydroxy-2-oxo-heptanedioate;4-Hydroxy-2-ketopimelate;4-Hydroxy-2-oxoheptanedioic acid;4-Hydroxy-2-oxoheptanedioate;2,4-Dihydroxyhept-2-enedioate;2,4-Dihydroxyhept-2-1,7-dioate;2,4-Dihydroxyhept-2-enedioic acid;"	"Phenylalanine, tyrosine and tryptophan biosynthesis; Tyrosine metabolism; "	"-0,0003774;-0,0003774;-0,0003774;"	"C7H10O6;C7H10O6;C7H10O6;"	15443,458	12068,386	18534,377	21465,657	12777,624	10194,26	17732,538	17329,056	10824,496	11470,152	18961,066	17945,935	12536,373	14316,423	16179,584	19429,782	11007,798	12536,373	16005,385	14316,423	11952,761	11229,814	14804,855	15443,458	12899,375	11824,371	16775,321	13411,368	10703,245	8455,93	15135,679	9336,569	10194,26	15443,458	8687,593	10505,874	16005,385	7784,482	7716,232	10703,245	10301,013	10703,245	10602,959	7505,789	10505,874	13699,069	8759,339	9619,861	12288,663
189,090134	"C00666;C00680;"	"LL-2,6-Diaminoheptanedioate;meso-2,6-Diaminoheptanedioate;"	"Lysine biosynthesis; Lysine biosynthesis; "	"-0,0020579;-0,0020579;"	"C7H14N2O4;C7H14N2O4;"	7446,03	7647,967	9722,271	8142,539	7784,482	8532,627	9722,271	7716,232	9722,271	10703,245	7784,482	9423,929	8961,017	8857,778	9423,929	8687,593	8532,627	9619,861	9423,929	9243,609	9619,861	9336,569	9243,609	8614,016	12777,624	11952,761	9519,89	8687,593	7784,482	7381,784	7924,65	8294,922	9336,569	8961,017	8455,93	8857,778	7853,365	10407,412	9619,861	8378,568	9423,929	11119,409	7784,482	8073,111	11347,143	8294,922	7647,967	10505,874	6899,331
190,055022	"C05635;C16596;"	"5-Hydroxyindoleacetate;5-Phenyl-1,3-oxazinane-2,4-dione;"	"Tryptophan metabolism; "	"-0,0040594;-0,0040594;"	"C10H9NO3;C10H9NO3;"	5954,75	6331,236	6008,64	4707,098	5102,518	5314,068	4993,251	5048,268	6008,64	7505,789	4646,607	4938,635	6956,283	5427,675	5427,675	5048,268	5850,368	5638,371	6221,166	5954,75	4821,525	5743,024	5153,345	4524,713	5585,042	7256,085	6170,27	5370,191	44239,66	76758,604	93625,847	107477,23	128031,552	120280,496	179830,904	146543,177	179830,904	192994,105	179830,904	307961,697	146543,177	208589,096	307961,697	208589,096	208589,096	283339,771	7137,774	241234,48	335682,082
192,066116	"C16587;C16595;"	"3-Carbamoyl-2-phenylpropionaldehyde;4-Hydroxy-5-phenyltetrahydro-1,3-oxazin-2-one;"		"0,00049666;0,00049666;"	"C10H11NO3;C10H11NO3;"	8759,339	7381,784	7784,482	8687,593	8218,267	8857,778	11594,325	6899,331	9150,73	8759,339	10505,874	6899,331	8532,627	8759,339	7994,953	6725,551	7323,259	8378,568	6899,331	9898,467	7505,789	8857,778	7323,259	7074,562	8142,539	8614,016	7074,562	6838,178	18728,925	14464,787	17329,056	20131,453	13699,069	15279,027	17534,452	13699,069	11229,814	18961,066	14316,423	14156,772	15135,679	15443,458	14980,585	17329,056	14632,005	15806,441	11710,076	14804,855	15806,441
193,037648	"C20248;"	"7-Carboxy-7-carbaguanine;7-Carboxy-7-deazaguanine;"	"Folate biosynthesis; "	"-0,00093786;"	"C7H6N4O3;"	12658,182	9999,509	15806,441	17131,574	15605,152	12068,386	15135,679	15605,152	16588,741	14001,699	16588,741	16588,741	15135,679	18728,925	15443,458	17131,574	16375,671	18143,239	18342,471	18728,925	21465,657	28476,175	21733,577	21465,657	17732,538	35722,016	27662,243	36390,623	12173,498	10407,412	10505,874	12173,498	10703,245	9619,861	10194,26	11710,076	10602,959	10194,26	11229,814	9619,861	12068,386	10101,574	11594,325	11952,761	11470,152	12068,386	113353,365	10301,013	15443,458
194,066713	"C01300;"	"2-Amino-4-hydroxy-6-hydroxymethyl-7,8-dihydropteridine;"	"Folate biosynthesis; "	"0,0016308;"	"C7H9N5O2;"	4938,635	7256,085	5638,371	3784,446	6060,281	7580,358	4583,734	4224,542	7188,258	6060,281	5204,805	4099,259	7188,258	8378,568	4224,542	3972,678	7716,232	9722,271	4707,098	5850,368	7853,365	10101,574	4224,542	4765,777	6899,331	9053,155	4707,098	4765,777	5102,518	5370,191	5314,068	5265,146	4583,734	5850,368	6547,782	5793,285	5692,41	4765,777	6008,64	4883,859	5850,368	5638,371	6008,64	6432,934	6956,283	5534,838	12899,375	7994,953	3268,716
194,081876	"C16586;"	"2-Phenyl-1,3-propanediol;"		"0,0003865;"	"C10H13NO3;"	11119,409	11229,814	11470,152	11007,798	11710,076	13029,719	10703,245	12173,498	11347,143	14464,787	9898,467	10703,245	14316,423	10910,558	9898,467	11470,152	10101,574	11229,814	9150,73	11007,798	11470,152	13029,719	10301,013	9898,467	10824,496	10101,574	9814,399	8857,778	20889,51	14001,699	12658,182	24657,653	13567,485	11470,152	16775,321	14804,855	8614,016	17131,574	15135,679	10101,574	12658,182	16939,173	11470,152	14980,585	14464,787	9722,271	14001,699	12536,373	10194,26
196,094631	"C05588;"	"L-Metanephrine;"	"Tyrosine metabolism; "	"0,0032815;"	"C10H15NO3;"	3650,445	3129,838	2786,581	2726,287	3463,951	3129,838	3972,678	3076,797	3399,303	3129,838	3714,873	3016,164	3200,719	3784,446	3346,171	3346,171	3346,171	3590,452	3399,303	3529,499	4037,444	3714,873	3714,873	3650,445	3529,499	3650,445	3463,951	4410,701	3714,873	2670,202	2842,579	3529,499	3399,303	3200,719	3399,303	3650,445	2895,158	5427,675	3200,719	2320,272	3016,164	4883,859	3590,452	3399,303	2670,202	3972,678	4883,859	2895,158	3016,164
198,016536	"C01102;C12215;"	"O-Phospho-L-homoserine;IminoerythroseImino-D-erythrose 4-phosphate;"	"Glycine, serine and threonine metabolism; "	"0,0007575;0,0007575;"	"C4H10NO6P;C4H10NO6P;"	4707,098	4646,607	4224,542	4524,713	4472,211	6606,72	5153,345	5265,146	5479,703	5850,368	5265,146	3714,873	4707,098	5102,518	7188,258	4583,734	4410,701	6008,64	5692,41	4765,777	4583,734	6116,18	5638,371	5585,042	5370,191	6060,281	5370,191	5314,068	4707,098	5793,285	5534,838	5692,41	6008,64	5692,41	4821,525	4524,713	4883,859	3346,171	5427,675	4938,635	4356,912	3016,164	4472,211	3076,797	4356,912	4472,211	2670,202	4472,211	4524,713
199,073901	"C14298;"	"Bis(4-hydroxyphenyl)methane;4,4'-Dihydroxydiphenylmethane;Bisphenol F;"		"0,0025482;"	"C13H12O2;"	17945,935	17131,574	19188,413	16775,321	17534,452	15605,152	16939,173	13411,368	13293,728	14156,772	16775,321	15605,152	12288,663	20639,57	14464,787	16375,671	15605,152	15443,458	14980,585	14001,699	15605,152	14980,585	12658,182	12777,624	12418,66	14001,699	11824,371	12658,182	16775,321	16775,321	18534,377	13567,485	22781,13	18534,377	15279,027	18534,377	23036,673	12068,386	14804,855	13411,368	42161,797	17329,056	18961,066	20889,51	19890,342	14632,005	24657,653	20639,57	15605,152
201,003229	"C04324;C05364;"	"(1E,3E)-4-Hydroxybuta-1,3-diene-1,2,4-tricarboxylate;2-Hydroxy-4-carboxyhexa-2,4-dienedioate;4-Carboxy-2-hydroxy-cis,cis-muconate;4-Carboxy-2-hydroxyhexa-2,4-cis,cis-dienedioate;4-Carboxy-2-oxo-3-hexenedioate;"	"Benzoate degradation; "	"0,00084345;0,00084345;"	"C7H6O7;C7H6O7;"	18342,471	17329,056	19667,392	20889,51	18143,239	16939,173	20639,57	20889,51	15279,027	17131,574	20889,51	18961,066	18534,377	15605,152	19188,413	18534,377	16179,584	15279,027	16939,173	17534,452	15443,458	16005,385	17329,056	16588,741	16179,584	15135,679	17329,056	15443,458	35722,016	25581	22781,13	33909,423	20372,858	20372,858	32751,551	22525,628	18534,377	26869,418	26869,418	17131,574	21733,577	19667,392	20131,453	26198,097	22275,203	17732,538	19188,413	20131,453	19667,392
203,034654	"C03657;"	"1,4-Dihydroxy-2-naphthoate;"	"Ubiquinone and other terpenoid-quinone biosynthesis; "	"0,00032477;"	"C11H8O4;"	9150,73	9053,155	9336,569	10703,245	10505,874	9898,467	7994,953	9053,155	9336,569	8378,568	8218,267	7647,967	9150,73	9999,509	9999,509	8142,539	8378,568	9053,155	8378,568	8532,627	8857,778	10301,013	8759,339	8759,339	9519,89	10407,412	9053,155	8759,339	6116,18	7019,252	7994,953	6838,178	8294,922	7647,967	6956,283	7323,259	7580,358	9722,271	5903,547	7188,258	9722,271	8687,593	9519,89	6725,551	8378,568	7256,085	7716,232	10602,959	6432,934
204,031248	"C02470;"	"XanthurenicXanthurenate;"	"Tryptophan metabolism; "	"-0,0010206;"	"C10H7NO4;"	3972,678	3838,795	3972,678	4583,734	4356,912	4410,701	4472,211	4099,259	4224,542	3972,678	4099,259	4356,912	4224,542	3905,258	3463,951	4286,414	3650,445	4037,444	3650,445	3129,838	4410,701	4356,912	4356,912	4167,492	3838,795	4286,414	4224,542	4356,912	4583,734	5585,042	4583,734	4583,734	4993,251	4167,492	5743,024	3529,499	3784,446	4410,701	3346,171	3529,499	4224,542	3714,873	4938,635	4410,701	4224,542	3268,716	3714,873	4224,542	3905,258
205,03934	"C02225;C04593;"	"2-Methylcitrate;2-Hydroxybutane-1,2,3-tricarboxylate;(2R,3S)-2-Hydroxybutane-1,2,3-tricarboxylate;(2S,3R)-3-Hydroxybutane-1,2,3-tricarboxylate;Methylisocitrate;Methylisocitric acid;"	"Propanoate metabolism; Propanoate metabolism; "	"-0,0039676;-0,0039676;"	"C7H10O7;C7H10O7;"	456315,526	777002,219	406123,146	456315,526	546847,997	456315,526	363549,095	335682,082	406123,146	335682,082	546847,997	456315,526	128031,552	179830,904	456315,526	546847,997	179830,904	241234,48	192994,105	456315,526	80046,667	137274,629	128031,552	208589,096	83303,119	241234,48	113353,365	179830,904	208589,096	179830,904	665668,203	26869,418	27273,603	777002,219	28916,369	23303,629	546847,997	24125,481	23844,57	113353,365	45425,129	28078,326	179830,904	56916,467	56916,467	546847,997	60874,233	58867,047	546847,997
206,069028	"C00579;"	"Dihydrolipoamide;Dihydrothioctamide;"		"-0,0011532;"	"C8H17NOS2;"	6606,72	4410,701	6275,184	5743,024	5204,805	5903,547	6170,27	4883,859	5850,368	5314,068	6432,934	6383,775	4993,251	4821,525	5479,703	6221,166	5534,838	4410,701	5585,042	5903,547	4646,607	4472,211	4707,098	6060,281	4356,912	4707,098	5954,75	5534,838	2514,257	2468,957	4286,414	2468,957	2570,057	5102,518	1981,903	2101,151	4993,251	2060,492	2842,579	4472,211	3200,719	2570,057	3650,445	3016,164	2320,272	4167,492	3129,838	2468,957	4583,734
207,087705	"C06487;"	"(6R)-6-(L-erythro-1,2-Dihydroxypropyl)-7,8-dihydro-6H-pterin;"		"0,0010402;"	"C9H12N4O2;"	16005,385	14980,585	15135,679	17329,056	15443,458	14156,772	17534,452	14316,423	11229,814	13029,719	16375,671	14632,005	13567,485	13567,485	15605,152	13293,728	13848,05	11710,076	13699,069	11710,076	13293,728	13699,069	14001,699	13567,485	15279,027	15443,458	13699,069	12288,663	22781,13	19667,392	28476,175	24125,481	15135,679	41155,247	21175,657	15443,458	13293,728	18342,471	16775,321	13293,728	16179,584	12658,182	14001,699	18143,239	14156,772	30261,908	14156,772	16005,385	13567,485
209,028709	"C00818;"	"D-Glucarate;D-Glucaric acid;L-Gularic acid;D-Saccharic acid;D-Glucosaccharic acid;Glucaric acid;Glucarate;"	"Ascorbate and aldarate metabolism; "	"0,0015775;"	"C6H10O8;"	6008,64	6784,146	8532,627	9150,73	7188,258	6899,331	10407,412	7853,365	5743,024	7647,967	9053,155	9243,609	7784,482	7019,252	8687,593	9150,73	6899,331	7137,774	8142,539	8142,539	6725,551	7019,252	9150,73	8378,568	7784,482	6606,72	8857,778	8961,017	6383,775	6956,283	10407,412	5370,191	6383,775	8218,267	7188,258	6669,24	6487,74	6606,72	4765,777	8614,016	7019,252	7074,562	6899,331	5903,547	6331,236	8142,539	5048,268	5153,345	6784,146
211,076696	"C16205;"	"Anthracene-9,10-dihydrodiol;"		"-0,00024712;"	"C14H12O2;"	6956,283	7323,259	6725,551	7074,562	6725,551	5479,703	6669,24	5850,368	6432,934	6547,782	7505,789	6487,74	6060,281	6487,74	6383,775	7381,784	6432,934	5585,042	7323,259	7137,774	5534,838	5793,285	6725,551	6432,934	6432,934	6170,27	6221,166	5692,41	7580,358	6669,24	6383,775	7580,358	7074,562	7784,482	8378,568	6275,184	7137,774	6487,74	7137,774	6784,146	9336,569	6956,283	7381,784	7323,259	7256,085	6170,27	6487,74	5692,41	6116,18
212,034858	"C16392;C16393;"	"4-Hydroxylamino-2,6-dinitrotoluene;2-Hydroxylamino-4,6-dinitrotoluene;"	"Nitrotoluene degradation; Nitrotoluene degradation; "	"-0,0035683;-0,0035683;"	"C7H7N3O5;C7H7N3O5;"	3905,258	2955,287	2895,158	4099,259	2842,579	2726,287	3399,303	3714,873	2468,957	3076,797	4286,414	2786,581	3590,452	3346,171	3076,797	3268,716	3399,303	3399,303	3905,258	3200,719	2842,579	2786,581	3838,795	3268,716	2670,202	2670,202	3714,873	3650,445	4099,259	4765,777	4707,098	4707,098	3268,716	4410,701	4883,859	4037,444	3905,258	4356,912	4167,492	4099,259	4646,607	3399,303	4583,734	3268,716	4037,444	4286,414	3972,678	3129,838	4646,607
212,978378	"C06054;"	"2-Oxo-3-hydroxy-4-phosphobutanoate;alpha-Keto-3-hydroxy-4-phosphobutyrate;(3R)-3-Hydroxy-2-oxo-4-phosphonooxybutanoate;"	"Vitamin B6 metabolism; "	"0,0021957;"	"C4H7O8P;"	9814,399	9519,89	10910,558	11824,371	9519,89	9423,929	11952,761	11824,371	9243,609	12536,373	10101,574	12658,182	12173,498	11470,152	12068,386	8294,922	12899,375	12068,386	10602,959	10301,013	10602,959	12777,624	12288,663	10910,558	12173,498	10505,874	9722,271	10824,496	6669,24	5479,703	8687,593	3838,795	5314,068	9898,467	4099,259	6547,782	7994,953	5314,068	6547,782	12288,663	6606,72	7019,252	10101,574	5585,042	7784,482	13411,368	5903,547	8614,016	15135,679
213,019264	"C11437;C00673;"	"1-deoxy-D-xylulose 5-phosphate;2-Deoxy-D-ribose;"	"Thiamine metabolism; Terpenoid backbone biosynthesis; Pentose phosphate pathway; "	"-0,0023057;-0,0023057;"	"C5H11O7P;C5H11O7P;"	36390,623	37059,876	35722,016	31205,466	42161,797	36390,623	33909,423	33909,423	34463,509	41155,247	34463,509	37059,876	35722,016	48066,173	31205,466	33284,592	48066,173	49337,269	39390,762	33284,592	48066,173	35722,016	39390,762	38560,131	39390,762	41155,247	37059,876	37059,876	17945,935	25871,016	26869,418	16775,321	17732,538	25871,016	20131,453	19890,342	26506,474	16775,321	16939,173	30261,908	25871,016	17945,935	31696,752	19890,342	24401,844	35722,016	36390,623	20372,858	29326,215
213,055909	"C14220;"	"4,4'-Dihydroxybenzophenone;"		"-0,0001953;"	"C13H10O3;"	6331,236	6116,18	5850,368	6547,782	6116,18	5534,838	7853,365	6956,283	5534,838	5585,042	7647,967	7137,774	5903,547	5850,368	6606,72	6547,782	6487,74	6116,18	7019,252	6838,178	5585,042	4765,777	5850,368	6383,775	6170,27	5048,268	6487,74	5479,703	6331,236	6170,27	6784,146	6784,146	5793,285	7446,03	8218,267	5850,368	6838,178	6956,283	4993,251	5793,285	6669,24	6838,178	7446,03	6170,27	5585,042	7019,252	4099,259	5850,368	6547,782
213,12615	"C01909;"	"Dethiobiotin;"	"Biotin metabolism; "	"-0,0016882;"	"C10H18N2O3;"	7323,259	5903,547	7716,232	7256,085	6669,24	6487,74	10101,574	7019,252	5638,371	6606,72	11347,143	6725,551	6383,775	6116,18	5903,547	6487,74	6547,782	5153,345	5793,285	7994,953	5850,368	6008,64	6331,236	6899,331	6275,184	5954,75	6432,934	5850,368	8218,267	7647,967	7137,774	7924,65	7137,774	6784,146	7784,482	6784,146	10824,496	9999,509	6838,178	12658,182	7137,774	9053,155	7188,258	5954,75	5850,368	6432,934	7505,789	6956,283	11119,409
214,049204	"C01233;"	"sn-Glycero-3-phosphoethanolamine;"	"Glycerophospholipid metabolism; Ether lipid metabolism; "	"-0,00061078;"	"C5H14NO6P;"	37778,723	30708,154	19429,782	52261,882	30261,908	21976,279	13029,719	37778,723	16775,321	21733,577	10194,26	33909,423	43140,783	18961,066	65238,105	19667,392	38560,131	31696,752	17945,935	15279,027	21976,279	22275,203	43140,783	60874,233	44239,66	21465,657	17131,574	38560,131	9519,89	23548,513	31696,752	27273,603	42161,797	24401,844	16179,584	20131,453	55250,989	41155,247	14632,005	260072,251	31696,752	16179,584	34463,509	18342,471	13162,691	146543,177	16939,173	14156,772	192994,105
215,033677	"C11434;"	"2-C-methyl-D-erythritol 4-phosphate;"	"Terpenoid backbone biosynthesis; "	"-0,0010682;"	"C5H13O7P;"	777002,219	895965,315	777002,219	1360272,306	895965,315	665668,203	665668,203	777002,219	546847,997	777002,219	665668,203	1090193,603	1090193,603	1360272,306	777002,219	665668,203	895965,315	895965,315	546847,997	406123,146	777002,219	777002,219	777002,219	1090193,603	1090193,603	895965,315	777002,219	895965,315	38560,131	53481,724	260072,251	29326,215	167327,673	224591,987	27273,603	58867,047	307961,697	20639,57	36390,623	86508,976	406123,146	68083,188	406123,146	102261,677	97564,373	107477,23	241234,48	93625,847	55250,989
215,102607	"C15700;"	"gamma-Glutamyl-gamma-aminobutyraldehyde;"	"Arginine and proline metabolism; "	"0,0011192;"	"C9H16N2O4;"	20889,51	15605,152	24657,653	27662,243	16179,584	13567,485	25871,016	19890,342	13699,069	16588,741	24657,653	24657,653	17329,056	16375,671	18728,925	22781,13	17732,538	14001,699	18534,377	19188,413	14464,787	15279,027	17732,538	19429,782	15605,152	14464,787	19188,413	17534,452	18534,377	18342,471	15605,152	18728,925	15605,152	18961,066	21465,657	14980,585	15806,441	16179,584	15605,152	15135,679	16588,741	15279,027	13567,485	14632,005	13029,719	15443,458	12658,182	16179,584	13029,719
216,095846	"C15532;"	"N-Acetyl-L-citrulline;"	"Arginine biosynthesis; "	"0,0031297;"	"C8H15N3O4;"	8614,016	6899,331	8218,267	8218,267	6956,283	7716,232	7505,789	8294,922	7323,259	9053,155	8073,111	7784,482	8857,778	8218,267	7323,259	9243,609	9423,929	7256,085	8857,778	7019,252	8294,922	8294,922	8687,593	9999,509	8455,93	8142,539	8614,016	9814,399	7323,259	6275,184	6008,64	7853,365	7446,03	6725,551	9150,73	6725,551	6170,27	7323,259	7074,562	7784,482	7580,358	6784,146	6606,72	7381,784	7074,562	8532,627	7924,65	6547,782	7256,085
216,133632	"C15699;"	"gamma-L-Glutamylputrescine;"	"Arginine and proline metabolism; "	"0,0017285;"	"C9H19N3O3;"	17732,538	23036,673	12068,386	9999,509	16005,385	22275,203	8532,627	10407,412	16005,385	25581	9336,569	7381,784	20889,51	14980,585	10301,013	13411,368	9898,467	14156,772	8455,93	8294,922	9999,509	15806,441	8218,267	8961,017	9619,861	13411,368	7924,65	8614,016	56916,467	24943,198	23303,629	80046,667	25275,422	16775,321	45425,129	20889,51	13411,368	63046,749	23036,673	17534,452	19429,782	22525,628	15135,679	35722,016	21175,657	18534,377	41155,247	25581	21175,657
218,034325	"C04556;"	"4-Amino-2-methyl-5-phosphomethylpyrimidine;"	"Thiamine metabolism; "	"-0,00071308;"	"C6H10N3O4P;"	23548,513	24401,844	24943,198	26869,418	21175,657	23303,629	19429,782	21465,657	20372,858	18728,925	21175,657	23303,629	20639,57	25275,422	19667,392	21976,279	24125,481	21465,657	20372,858	21733,577	23844,57	22525,628	20372,858	19890,342	23303,629	27273,603	19667,392	17732,538	4646,607	5048,268	8218,267	4883,859	6956,283	7994,953	4224,542	5102,518	10301,013	4646,607	4707,098	5427,675	16939,173	5954,75	11119,409	8687,593	5954,75	7647,967	11470,152	6221,166	4410,701
218,068129	"C01118;"	"O-Succinyl-L-homoserine;"	"Cysteine and methionine metabolism; Sulfur metabolism; "	"-0,0011226;"	"C8H13NO6;"	6221,166	5743,024	6116,18	5479,703	5743,024	5048,268	6221,166	5534,838	5427,675	5048,268	4821,525	5850,368	5638,371	4938,635	5793,285	6275,184	5954,75	5204,805	6956,283	6331,236	5370,191	5692,41	6221,166	6275,184	6606,72	5102,518	6669,24	6784,146	5370,191	5954,75	5479,703	7137,774	5534,838	5954,75	6606,72	5585,042	6547,782	5638,371	5534,838	5479,703	6432,934	5102,518	5638,371	5265,146	5314,068	6547,782	6275,184	4583,734	5153,345
218,104065	"C00864;"	"(R)-Pantothenate;"	"beta-Alanine metabolism; Pantothenate and CoA biosynthesis; "	"-0,00067271;"	"C9H17NO5;"	12418,66	13567,485	12173,498	7323,259	16375,671	15806,441	11347,143	9999,509	22525,628	15279,027	11007,798	13029,719	22275,203	11594,325	19429,782	17732,538	25871,016	11007,798	19890,342	17732,538	17732,538	6487,74	20131,453	19667,392	13567,485	7137,774	13567,485	21733,577	6784,146	6547,782	6838,178	8759,339	7994,953	11119,409	6331,236	8218,267	12536,373	5692,41	7505,789	11119,409	8614,016	6547,782	7716,232	7994,953	6008,64	6008,64	14632,005	6383,775	5638,371
220,049995	"C01100;"	"L-Histidinol phosphate;"	"Histidine metabolism; "	"-0,00073349;"	"C6H12N3O4P;"	2670,202	2786,581	4356,912	3714,873	3268,716	2895,158	4356,912	4410,701	3463,951	3650,445	3650,445	4224,542	3714,873	3590,452	4524,713	4993,251	3129,838	3076,797	4099,259	4286,414	3590,452	3905,258	3972,678	4037,444	3905,258	3838,795	4167,492	4472,211	3200,719	2895,158	3972,678	2955,287	3838,795	3590,452	3129,838	2514,257	3076,797	2726,287	1943,728	3346,171	2895,158	2514,257	4410,701	2621,185	3200,719	4037,444	2842,579	2320,272	3076,797
220,083137	"C00140;C01132;"	"N-Acetyl-D-glucosamine;N-Acetylchitosamine;2-Acetamido-2-deoxy-D-glucose;GlcNAc;N-Acetyl-D-galactosamine;N-Acetyl-D-chondrosamine;2-Acetamido-2-deoxy-D-galactose;"	"Amino sugar and nucleotide sugar metabolism; ABC transporters; Phosphotransferase system (PTS); Galactose metabolism; Phosphotransferase system (PTS); "	"-0,00047994;-0,00047994;"	"C8H15NO6;C8H15NO6;"	6547,782	6170,27	5265,146	5638,371	5314,068	4646,607	5692,41	6170,27	5048,268	5692,41	5048,268	6275,184	6221,166	4472,211	5153,345	4646,607	6116,18	5479,703	4938,635	5585,042	5102,518	5585,042	5427,675	5479,703	6060,281	5370,191	4821,525	6725,551	4037,444	5153,345	5954,75	5903,547	4707,098	5534,838	5153,345	5265,146	5370,191	6432,934	5265,146	6008,64	5479,703	4472,211	5048,268	6008,64	4938,635	5793,285	6221,166	5743,024	5793,285
221,045955	"C02730;"	"o-Succinylbenzoate;"	"Ubiquinone and other terpenoid-quinone biosynthesis; "	"-0,00041242;"	"C11H10O5;"	25581	25581	33284,592	35722,016	28078,326	24401,844	27662,243	26506,474	22275,203	23548,513	30261,908	28078,326	26198,097	24943,198	26198,097	25581	23303,629	22525,628	26869,418	25871,016	24657,653	24401,844	22781,13	24943,198	24657,653	24125,481	25871,016	20889,51	19429,782	19890,342	22525,628	21175,657	19188,413	21976,279	23036,673	19188,413	20131,453	18728,925	18534,377	15806,441	20639,57	19890,342	19890,342	19429,782	18728,925	20372,858	16775,321	20889,51	18342,471
225,087032	"C00931;"	"Porphobilinogen;"	"Porphyrin and chlorophyll metabolism; "	"0,0010447;"	"C10H14N2O4;"	11347,143	10407,412	13411,368	13162,691	11119,409	10703,245	15605,152	10703,245	10194,26	9898,467	14156,772	13567,485	9519,89	11229,814	10194,26	12288,663	10703,245	9423,929	11007,798	10910,558	9898,467	9423,929	9898,467	9336,569	9722,271	9619,861	9898,467	9999,509	15443,458	13411,368	13699,069	14464,787	15443,458	14001,699	15135,679	12288,663	13699,069	13162,691	12777,624	10602,959	24401,844	12173,498	16179,584	16179,584	12536,373	11229,814	18342,471	13848,05	11007,798
226,011414	"C16391;C03287;"	"Trinitrotoluene;2,4,6-Trinitrotoluene;L-Glutamate 5-phosphate;"	"Nitrotoluene degradation; Arginine and proline metabolism; Carbapenem biosynthesis; "	"-0,00085963;0,00079347;"	"C7H5N3O6;C5H10NO7P;"	5850,368	6008,64	6383,775	6784,146	6784,146	7188,258	6383,775	6547,782	6725,551	5903,547	6275,184	6784,146	6838,178	5370,191	6838,178	7137,774	6956,283	6487,74	5954,75	6008,64	6275,184	7074,562	6669,24	6838,178	7256,085	7381,784	7256,085	6956,283	7019,252	6487,74	7505,789	5793,285	6331,236	7256,085	6060,281	5903,547	6606,72	7580,358	6331,236	7019,252	6008,64	6116,18	6116,18	5692,41	5427,675	7188,258	6432,934	5954,75	7019,252
226,071387	"C00826;"	"L-Arogenate;L-Arogenic acid;Pretyrosine;"	"Phenylalanine, tyrosine and tryptophan biosynthesis; "	"0,00070458;"	"C10H13NO5;"	14632,005	12536,373	15443,458	15806,441	13567,485	13293,728	16005,385	14632,005	14980,585	13411,368	14464,787	14804,855	14632,005	13293,728	12658,182	14156,772	13411,368	13411,368	12536,373	12777,624	12173,498	14804,855	14156,772	13411,368	15135,679	13162,691	14001,699	11824,371	21175,657	13293,728	12536,373	21465,657	13029,719	12658,182	19429,782	13848,05	11119,409	19188,413	15279,027	10505,874	15443,458	13293,728	12658,182	15443,458	13411,368	11594,325	14464,787	13699,069	10703,245
226,08519	"C00881;"	"Deoxycytidine;2'-Deoxycytidine;"	"Pyrimidine metabolism; "	"-0,0018642;"	"C9H13N3O4;"	7647,967	5638,371	7256,085	8614,016	7256,085	5638,371	7580,358	6606,72	7580,358	7580,358	6784,146	7924,65	6784,146	7505,789	6008,64	7505,789	7446,03	5850,368	7647,967	5793,285	6669,24	6060,281	6606,72	7853,365	6669,24	5743,024	8073,111	7647,967	6838,178	7188,258	6060,281	8857,778	6221,166	5427,675	7446,03	6221,166	7074,562	7924,65	5954,75	6221,166	7446,03	7323,259	6725,551	7074,562	6221,166	5479,703	7074,562	6116,18	6008,64
227,070083	"C03582;"	"Resveratrol;3,4',5-Trihydroxystilbene;trans-Resveratrol;"		"0,0012808;"	"C14H12O3;"	19188,413	14464,787	25871,016	25581	17945,935	17945,935	22781,13	17131,574	18534,377	16939,173	22781,13	21733,577	16775,321	15279,027	14980,585	23303,629	19429,782	14980,585	20889,51	16005,385	17945,935	16179,584	15443,458	20372,858	16375,671	15605,152	19890,342	16588,741	9053,155	8687,593	11470,152	9053,155	9619,861	12777,624	9423,929	8961,017	12658,182	9814,399	9519,89	8142,539	11824,371	9619,861	11007,798	10194,26	10602,959	9150,73	9814,399	10101,574	8142,539
227,103875	"C13624;"	"Bisphenol2,2-Bis(4-Hydroxyphenyl)propane;"		"0,0038744;"	"C15H16O2;"	26506,474	19667,392	26198,097	23548,513	23844,57	22525,628	30708,154	20372,858	21733,577	20889,51	25871,016	24401,844	18342,471	23303,629	20639,57	24943,198	21976,279	15806,441	22525,628	21175,657	21175,657	18534,377	17945,935	18143,239	17534,452	19188,413	18342,471	18961,066	30261,908	28476,175	29764,071	27662,243	31696,752	33284,592	31205,466	26869,418	32203,252	21976,279	24401,844	23036,673	56916,467	22781,13	32751,551	34463,509	23844,57	23036,673	31696,752	25871,016	20889,51
227,201369	"C06424;"	"Myristate; Fatty acid (n-C14:0) fa2;"	"Fatty acid biosynthesis; "	"0,00028055;"	"C14H28O2;"	89940,981	76758,604	89940,981	97564,373	97564,373	107477,23	113353,365	93625,847	89940,981	63046,749	93625,847	80046,667	58867,047	70766,598	58867,047	89940,981	56916,467	65238,105	65238,105	86508,976	73770,686	70766,598	70766,598	55250,989	70766,598	80046,667	83303,119	53481,724	146543,177	83303,119	97564,373	179830,904	73770,686	97564,373	146543,177	83303,119	102261,677	137274,629	76758,604	89940,981	102261,677	86508,976	76758,604	137274,629	70766,598	63046,749	86508,976	80046,667	73770,686
229,012644	"C01112;C00117;C00199;C00231;C00620;"	"D-Arabinose 5-phosphate;alpha-D-Ribose 5-phosphate;D-Ribulose 5-phosphate;D-Xylulose 5-phosphate;alpha-D-RiboseRibose 1-phosphate;D-Ribose 1-phosphate;"	"Lipopolysaccharide biosynthesis; Pentose phosphate pathway; Purine metabolism; Phosphonate and phosphinate metabolism; Pentose phosphate pathway; Pentose and glucuronate interconversions; Lipopolysaccharide biosynthesis; Methane metabolism; Riboflavin metabolism; Vitamin B6 metabolism; Pentose phosphate pathway; Pentose and glucuronate interconversions; Ascorbate and aldarate metabolism; Methane metabolism; Pentose phosphate pathway; Purine metabolism; "	"-0,00077038;-0,00077038;-0,00077038;-0,00077038;-0,00077038;"	"C5H11O8P;C5H11O8P;C5H11O8P;C5H11O8P;C5H11O8P;"	26869,418	35722,016	26869,418	29326,215	25871,016	30708,154	24657,653	29764,071	30261,908	37059,876	24401,844	38560,131	35094,197	37778,723	35094,197	33909,423	35722,016	41155,247	50856,24	30261,908	37059,876	37778,723	41155,247	44239,66	34463,509	45425,129	41155,247	46788,649	19890,342	12536,373	14001,699	9814,399	11824,371	18143,239	11824,371	16375,671	22525,628	9423,929	17534,452	25275,422	13293,728	14804,855	22525,628	16775,321	23036,673	26506,474	21976,279	22781,13	40298,794
229,048956	"C18216;"	"4-Hydroxyphenyl-4-hydroxybenzoate;"		"0,0016724;"	"C13H10O4;"	5534,838	5265,146	6487,74	7580,358	6547,782	5585,042	7074,562	6275,184	6275,184	5204,805	6547,782	6170,27	6008,64	5479,703	7074,562	7019,252	6221,166	5743,024	7074,562	6060,281	5793,285	5427,675	5314,068	5793,285	6383,775	5692,41	5903,547	5954,75	5479,703	5850,368	7580,358	5534,838	6116,18	7716,232	6170,27	5427,675	7019,252	6784,146	5692,41	6899,331	6275,184	6170,27	6784,146	5427,675	6060,281	7381,784	4821,525	6725,551	6956,283
230,068314	"C05932;"	"N-Succinyl-L-glutamate(2S)-2-(3-Carboxypropanoylamino)-5-oxopentanoic acid;"	"Arginine and proline metabolism; "	"-0,0013078;"	"C9H13NO6;"	4410,701	3714,873	4167,492	5153,345	4410,701	4224,542	4224,542	4356,912	4707,098	3399,303	4356,912	3784,446	4167,492	4524,713	4356,912	4037,444	3838,795	3972,678	3529,499	3714,873	3714,873	3972,678	4646,607	3838,795	4099,259	4472,211	4524,713	3905,258	4765,777	4524,713	4356,912	5153,345	4224,542	4356,912	3463,951	5370,191	4356,912	3463,951	3714,873	4224,542	4707,098	3076,797	3972,678	5534,838	3905,258	4765,777	3784,446	4356,912	4707,098
231,09921	"C03415;C15767;"	"N2-Succinyl-L-ornithine;(2S)-5-Amino-2-(3-carboxypropanoylamino)pentanoic acid;4-(L-gamma-Glutamylamino)butanoate;gamma-Glutamyl-gamma-aminobutyrate;4-(Glutamylamino)butanoate;gamma-Glutamyl-GABA;"	"Arginine and proline metabolism; Arginine and proline metabolism; "	"-0,00056853;-0,00056853;"	"C9H16N2O5;C9H16N2O5;"	17534,452	15443,458	17534,452	14156,772	14001,699	14980,585	17945,935	12068,386	13411,368	16375,671	13699,069	13293,728	16179,584	13162,691	13293,728	13848,05	12288,663	13162,691	15605,152	12536,373	12068,386	13848,05	11952,761	12288,663	12288,663	14316,423	13029,719	13567,485	16179,584	16375,671	16375,671	25275,422	14980,585	14316,423	19667,392	13293,728	14464,787	20889,51	13293,728	13162,691	13848,05	12418,66	12536,373	19188,413	16005,385	16588,741	17945,935	18143,239	16775,321
236,078504	"C03684;"	"6-Pyruvoyl-5,6,7,8-tetrahydropterin;"	"Folate biosynthesis; "	"0,00040506;"	"C9H11N5O3;"	3076,797	2842,579	4099,259	3650,445	3529,499	2570,057	3905,258	2955,287	2670,202	3463,951	3399,303	3200,719	3016,164	3129,838	3016,164	3529,499	3784,446	2895,158	2786,581	2621,185	3529,499	3463,951	2955,287	3016,164	3346,171	3016,164	3529,499	3399,303	3650,445	12068,386	8857,778	4524,713	6669,24	5314,068	14804,855	9898,467	4707,098	24657,653	4583,734	5265,146	13699,069	8857,778	16005,385	11594,325	9999,509	6838,178	3590,452	4099,259	4356,912
237,063441	"C01187;"	"3-Deoxy-D-manno-2-octulosonate;"	"Lipopolysaccharide biosynthesis; "	"-0,0018539;"	"C8H14O8;"	26198,097	37778,723	23844,57	19667,392	24657,653	33909,423	24125,481	21976,279	31205,466	35094,197	21976,279	21465,657	26869,418	44239,66	20372,858	23548,513	30261,908	38560,131	28476,175	24943,198	31696,752	36390,623	22525,628	24401,844	29326,215	37059,876	25581	29764,071	11710,076	14980,585	18728,925	19667,392	40298,794	39390,762	18534,377	30261,908	49337,269	16939,173	28476,175	38560,131	83303,119	34463,509	52261,882	49337,269	39390,762	41155,247	65238,105	40298,794	31696,752
238,092733	"C00268;"	"6,7-Dihydrobiopterin;"	"Folate biosynthesis; "	"0,0018262;"	"C9H13N5O3;"	2726,287	21733,577	3399,303	3346,171	1788,828	9999,509	3200,719	2514,257	2276,128	20372,858	2786,581	2570,057	3784,446	18534,377	2786,581	4167,492	2726,287	10301,013	2621,185	2368,072	2186,359	7647,967	2570,057	2468,957	2468,957	10910,558	3399,303	2621,185	3399,303	24657,653	20372,858	12777,624	60874,233	44239,66	43140,783	41155,247	45425,129	76758,604	21465,657	20889,51	208589,096	43140,783	83303,119	80046,667	42161,797	28916,369	97564,373	23036,673	12173,498
241,083821	"C00214;"	"Thymidine;"	"Pyrimidine metabolism; "	"-0,00082953;"	"C10H14N2O5;"	15806,441	13411,368	14464,787	14316,423	14156,772	13411,368	13567,485	13848,05	11952,761	11824,371	12658,182	13848,05	11710,076	13411,368	13567,485	14804,855	13162,691	12658,182	13411,368	12418,66	12288,663	12418,66	12899,375	13293,728	13029,719	13029,719	13411,368	14316,423	17329,056	14156,772	11952,761	16005,385	11952,761	12899,375	17945,935	14464,787	13029,719	15135,679	12536,373	13848,05	15605,152	11824,371	13162,691	14804,855	11952,761	12288,663	12068,386	12899,375	11710,076
242,155033	"C20643;"	"2-Heptyl-4(1H)-quinolone;2-Heptyl-4-quinolone;2-Heptyl-4-hydroxyquinoline;"	"Phenazine biosynthesis; Quorum sensing; Biofilm formation; "	"3,3977e-07;"	"C16H21NO;"	107477,23	86508,976	113353,365	137274,629	83303,119	97564,373	86508,976	128031,552	102261,677	68083,188	89940,981	137274,629	65238,105	113353,365	83303,119	120280,496	83303,119	97564,373	97564,373	102261,677	113353,365	73770,686	56916,467	89940,981	80046,667	48066,173	52261,882	89940,981	155322,021	192994,105	68083,188	192994,105	241234,48	73770,686	208589,096	224591,987	89940,981	179830,904	224591,987	58867,047	192994,105	192994,105	60874,233	146543,177	179830,904	50856,24	73770,686	179830,904	50856,24
243,030178	"C01099;"	"L-Fuculose 1-phosphate;"	"Fructose and mannose metabolism; "	"-0,0026543;"	"C6H13O8P;"	18143,239	17945,935	21175,657	20639,57	17131,574	18143,239	20889,51	19429,782	18143,239	17329,056	19890,342	20131,453	17131,574	17534,452	17534,452	19890,342	18143,239	15605,152	19188,413	16939,173	17131,574	16939,173	17131,574	18961,066	16005,385	17131,574	19429,782	18342,471	6956,283	6725,551	8614,016	7381,784	8857,778	7580,358	7019,252	7853,365	8073,111	6060,281	7924,65	6432,934	11229,814	8294,922	9999,509	9814,399	10101,574	8857,778	10301,013	10407,412	8455,93
243,062224	"C00299;"	"Uridine;"	"Pyrimidine metabolism; "	"3,1693e-05;"	"C9H12N2O6;"	21733,577	16775,321	25275,422	21733,577	21733,577	21465,657	24401,844	18534,377	20131,453	21465,657	24943,198	23844,57	18143,239	23036,673	22275,203	25275,422	24657,653	18342,471	24401,844	22525,628	23036,673	21976,279	23548,513	25581	19890,342	23036,673	23036,673	27662,243	16588,741	16939,173	18342,471	16375,671	21465,657	21733,577	14464,787	17732,538	25275,422	13411,368	14980,585	16179,584	37778,723	17131,574	27662,243	21465,657	21976,279	18961,066	30261,908	19890,342	17329,056
246,017566	"C00018;"	"Pyridoxal 5'-phosphate;"	"Thiamine metabolism; Vitamin B6 metabolism; "	"-0,0002732;"	"C8H10NO6P;"	14980,585	18143,239	13293,728	11952,761	14632,005	17329,056	14804,855	12658,182	21976,279	14316,423	12288,663	10910,558	14804,855	17732,538	11952,761	14464,787	15135,679	18534,377	17131,574	15806,441	16588,741	18961,066	16375,671	14980,585	18143,239	20131,453	18534,377	15806,441	7446,03	14316,423	12777,624	7505,789	14632,005	11594,325	11710,076	16588,741	12173,498	12899,375	16588,741	14804,855	10602,959	12536,373	14632,005	11710,076	16588,741	14980,585	16588,741	18342,471	18143,239
246,064087	"C05931;"	"N2-Succinyl-L-glutamate;"	"Arginine and proline metabolism; "	"-0,0021658;"	"C9H13NO7;"	146543,177	128031,552	179830,904	179830,904	146543,177	146543,177	107477,23	113353,365	146543,177	93625,847	137274,629	155322,021	146543,177	155322,021	113353,365	155322,021	155322,021	146543,177	120280,496	97564,373	179830,904	167327,673	102261,677	120280,496	167327,673	167327,673	155322,021	86508,976	8142,539	9519,89	60874,233	5427,675	15806,441	80046,667	4167,492	11824,371	68083,188	5048,268	8378,568	33909,423	18728,925	13848,05	68083,188	12173,498	13848,05	45425,129	13699,069	14980,585	23303,629
247,048741	"C00647;"	"Pyridoxamine 5'-phosphate;"	"Vitamin B6 metabolism; "	"0,00018674;"	"C8H13N2O5P;"	53481,724	41155,247	76758,604	70766,598	70766,598	58867,047	60874,233	44239,66	52261,882	55250,989	56916,467	55250,989	55250,989	41155,247	52261,882	46788,649	63046,749	43140,783	44239,66	38560,131	46788,649	44239,66	49337,269	53481,724	48066,173	39390,762	53481,724	56916,467	7924,65	8857,778	23548,513	8614,016	11710,076	30708,154	7256,085	8378,568	33284,592	8857,778	7647,967	24401,844	13162,691	7381,784	23036,673	7784,482	7924,65	25871,016	8614,016	8218,267	19890,342
250,094047	"C05198;C00559;"	"5'-Deoxyadenosine;Deoxyadenosine;2'-Deoxyadenosine;"	"Purine metabolism; "	"0,00051176;0,00051176;"	"C10H13N5O3;C10H13N5O3;"	9898,467	6838,178	7188,258	7446,03	9814,399	8614,016	6487,74	7188,258	7505,789	8532,627	6116,18	7019,252	7256,085	7074,562	7019,252	6383,775	7256,085	6547,782	6432,934	7784,482	7446,03	7446,03	7019,252	8073,111	6956,283	6275,184	5638,371	7784,482	9898,467	8218,267	6432,934	9423,929	7647,967	6899,331	8073,111	7074,562	6432,934	9898,467	7994,953	6170,27	9814,399	7580,358	6487,74	10101,574	7137,774	5903,547	9336,569	7505,789	5903,547
253,012737	"C03175;"	"Shikimate 5-phosphate;"	"Phenylalanine, tyrosine and tryptophan biosynthesis; "	"-0,00086353;"	"C7H11O8P;"	7019,252	6275,184	9519,89	10505,874	9423,929	6784,146	12658,182	10602,959	8073,111	6221,166	10703,245	11229,814	7647,967	7853,365	9814,399	10703,245	8961,017	7446,03	8218,267	7074,562	8378,568	7784,482	10703,245	11347,143	9423,929	7784,482	11229,814	10910,558	5204,805	4821,525	6669,24	3784,446	5954,75	7137,774	4938,635	5638,371	6383,775	5153,345	6060,281	6669,24	5585,042	5793,285	6956,283	3650,445	5370,191	7137,774	6899,331	6432,934	7323,259
253,049898	"C05844;"	"5-L-Glutamyl-taurine;5-Glutamyl-taurine;Glutaurine;"	"Taurine and hypotaurine metabolism; "	"7,8195e-05;"	"C7H14N2O6S;"	6487,74	5585,042	6170,27	7505,789	5692,41	5370,191	8218,267	6838,178	5954,75	5102,518	7994,953	7188,258	4821,525	5692,41	6170,27	7446,03	5102,518	5427,675	6784,146	6487,74	6060,281	5153,345	6170,27	6116,18	5692,41	4993,251	6383,775	6221,166	6221,166	5427,675	6899,331	4938,635	5692,41	7019,252	5638,371	5479,703	5793,285	5954,75	4356,912	6383,775	5048,268	4938,635	7074,562	4707,098	4707,098	7074,562	3838,795	4821,525	5314,068
254,089823	"C04874;C03150;"	"2-Amino-4-hydroxy-6-(D-erythro-1,2,3-trihydroxypropyl)-7,8-dihydropteridine;Nicotinamide-beta-riboside;N-Ribosylnicotinamide;1-(beta-D-Ribofuranosyl)nicotinamide;"	"Folate biosynthesis; Nicotinate and nicotinamide metabolism; "	"-0,00034911;0,00099349;"	"C9H13N5O4;C11H15N2O5;"	3200,719	4583,734	4410,701	3268,716	3200,719	4524,713	3268,716	2468,957	4099,259	5153,345	4883,859	3529,499	3129,838	4224,542	2320,272	3714,873	4765,777	4224,542	3268,716	3268,716	3463,951	4646,607	3346,171	2786,581	3972,678	4224,542	3650,445	2726,287	2621,185	3200,719	3714,873	3714,873	3463,951	4224,542	5048,268	3129,838	3590,452	3529,499	3268,716	4356,912	3129,838	3590,452	3714,873	3200,719	3076,797	3784,446	3463,951	2786,581	3784,446
255,233272	"C00249;"	"hexadecanoate (n-C16:0);"	"Fatty acid biosynthesis; Fatty acid degradation; Biosynthesis of unsaturated fatty acids; "	"-0,0003225;"	"C16H32O2;"	895965,315	456315,526	665668,203	665668,203	777002,219	546847,997	777002,219	665668,203	665668,203	665668,203	777002,219	665668,203	546847,997	546847,997	665668,203	777002,219	406123,146	546847,997	777002,219	895965,315	546847,997	665668,203	895965,315	777002,219	665668,203	665668,203	1090193,603	777002,219	1090193,603	546847,997	777002,219	1090193,603	546847,997	665668,203	895965,315	546847,997	665668,203	895965,315	546847,997	777002,219	895965,315	665668,203	777002,219	895965,315	546847,997	665668,203	777002,219	546847,997	665668,203
256,106562	"C15522;"	"4a-Hydroxytetrahydrobiopterin;4a-Hydroxy-5,6,4,8-tetrahydrobiopterin;(6R)-6-(L-erythro-1,2-Dihydroxypropyl)-5,6,7,8-tetrahydro-4a-hydroxypterin;"		"-0,0014383;"	"C9H15N5O4;"	2570,057	2368,072	3650,445	3200,719	2468,957	2368,072	2726,287	2320,272	2368,072	2670,202	3529,499	2842,579	2101,151	2468,957	2514,257	3016,164	2419,272	2186,359	3200,719	2726,287	2101,151	2186,359	2514,257	2670,202	2143,424	1981,903	3200,719	2468,957	2276,128	2955,287	2955,287	1904,165	2842,579	3714,873	2320,272	2955,287	3200,719	4583,734	2186,359	2726,287	4883,859	2955,287	3463,951	2895,158	2895,158	2143,424	2621,185	2621,185	2101,151
256,90163	"C03279;C00536;"	"Inorganic triphosphate;Triphosphate;Triphosphoric acid;Tripolyphosphate;Inorganic triphosphate;"	"Oxidative phosphorylation; "	"0,00064544;0,00064544;"	"H5O10P3;H5P3O10;"	179830,904	155322,021	192994,105	192994,105	167327,673	137274,629	208589,096	192994,105	137274,629	146543,177	155322,021	167327,673	167327,673	137274,629	155322,021	128031,552	167327,673	137274,629	146543,177	137274,629	146543,177	155322,021	179830,904	155322,021	146543,177	128031,552	167327,673	146543,177	406123,146	241234,48	208589,096	335682,082	208589,096	192994,105	307961,697	260072,251	128031,552	307961,697	307961,697	146543,177	241234,48	241234,48	146543,177	307961,697	192994,105	120280,496	208589,096	192994,105	146543,177
257,007619	"C04442;C01236;"	"2-Dehydro-3-deoxy-D-gluconate 6-phosphate;6-phospho-D-glucono-1,5-lactone;"	"Pentose phosphate pathway; Pentose phosphate pathway; "	"-0,00083141;-0,00083141;"	"C6H11O9P;C6H11O9P;"	11710,076	11119,409	9243,609	9722,271	11007,798	11229,814	8687,593	9722,271	12899,375	7716,232	8614,016	9898,467	11229,814	10101,574	10101,574	9722,271	14980,585	11470,152	8759,339	13567,485	12899,375	15605,152	9814,399	11007,798	11007,798	8961,017	8532,627	14632,005	19188,413	11229,814	6275,184	13293,728	11229,814	6221,166	12899,375	11007,798	7505,789	12777,624	13029,719	7074,562	10824,496	9336,569	7853,365	14001,699	14804,855	7716,232	16179,584	17131,574	7853,365
257,10296	"C00670;"	"sn-Glycero-3-phosphocholine;"	"Glycerophospholipid metabolism; Ether lipid metabolism; "	"0,00040826;"	"C8H21NO6P;"	24657,653	20372,858	32751,551	33284,592	23036,673	18534,377	26506,474	27273,603	17329,056	17534,452	24125,481	25275,422	19667,392	25871,016	24401,844	28916,369	17945,935	17329,056	26198,097	22275,203	23303,629	22781,13	24125,481	21175,657	20372,858	20889,51	24943,198	19890,342	16375,671	14804,855	21465,657	20372,858	21976,279	23844,57	21733,577	18143,239	20372,858	17945,935	16179,584	15443,458	32751,551	18342,471	23844,57	21976,279	19667,392	19429,782	21733,577	19667,392	14980,585
258,038976	"C06156;C00352;C12214;"	"D-Glucosamine 1-phosphate;D-Glucosamine 6-phosphate;AminofructoseAmino-D-fructose 6-phosphate;"	"Amino sugar and nucleotide sugar metabolism; Alanine, aspartate and glutamate metabolism; Amino sugar and nucleotide sugar metabolism; Phosphotransferase system (PTS); "	"-0,00055322;-0,00055322;-0,00055322;"	"C6H14NO8P;C6H14NO8P;C6H14NO8P;"	15135,679	14156,772	12288,663	14464,787	15135,679	15443,458	10824,496	14804,855	16939,173	15806,441	12777,624	14980,585	16005,385	13699,069	16588,741	12536,373	17534,452	16775,321	15279,027	17131,574	18143,239	18342,471	15806,441	17732,538	18534,377	18342,471	17945,935	21976,279	9150,73	14632,005	15279,027	14980,585	16588,741	12288,663	16939,173	17534,452	15135,679	19429,782	22781,13	18961,066	14464,787	22275,203	24401,844	31696,752	28916,369	31696,752	23844,57	30261,908	28916,369
258,149969	"C11848;"	"2-Heptyl-3-hydroxy-quinolone;2-Heptyl-3-hydroxy-4(1H)-quinolone;2-Heptyl-3-hydroxy-4-quinolone;"	"Phenazine biosynthesis; Quorum sensing; Biofilm formation; "	"-2,0393e-05;"	"C16H21NO2;"	665668,203	546847,997	1860671,259	777002,219	406123,146	777002,219	1860671,259	895965,315	1860671,259	546847,997	1860671,259	777002,219	307961,697	665668,203	363549,095	1860671,259	456315,526	665668,203	1360272,306	1860671,259	1360272,306	546847,997	546847,997	307961,697	546847,997	224591,987	363549,095	546847,997	777002,219	1090193,603	192994,105	546847,997	1360272,306	208589,096	777002,219	1360272,306	192994,105	546847,997	1090193,603	137274,629	456315,526	895965,315	167327,673	406123,146	1090193,603	113353,365	192994,105	665668,203	102261,677
259,023114	"C02976;C00085;C05345;C00103;C00092;C01172;C00446;C03812;C00275;C00636;C00668;C01094;C01177;C02888;C03546;C04006;"	"D-Fructose 1-phosphate;D-Fructose 6-phosphate;beta-D-Fructose 6-phosphate;D-Glucose 1-phosphate;D-Glucose 6-phosphate;beta-D-glucose 6-phosphate;alpha-D-Galactose 1-phosphate;D-Mannose 1-phosphate;D-Mannose 6-phosphate;D-Mannosealpha-D-Mannose 1-phosphate;alpha-D-Glucose;D-Fructose;Inositolmyo-Inositol 1-phosphate;1D-myo-Inositol 1-phosphate;D-myo-Inositol 1-phosphate;1D-myo-Inositol 1-monophosphate;SorboseL-Sorbose 1P;L-xylo-Hexulose 1-phosphate;L-Sorbose 1-phosphate;myo-InositolD-myo-Inositol 4-phosphate;1D-myo-Inositol 4-phosphate;1D-myo-Inositol 4-monophosphate;Inositol 4-phosphate;1D-myo-InositolD-myo-Inositol 3-phosphate;myo-Inositol 3-phosphate;Inositol 3-phosphate;1D-myo-Inositol 3-monophosphate;D-myo-Inositol 3-monophosphate;myo-Inositol 3-monophosphate;Inositol 3-monophosphate;1L-myo-Inositol 1-phosphate;L-myo-Inositol 1-phosphate;"	"Galactose metabolism; Starch and sucrose metabolism; Methane metabolism; Glycolysis / Gluconeogenesis; Pentose phosphate pathway; Fructose and mannose metabolism; Amino sugar and nucleotide sugar metabolism; Glycolysis / Gluconeogenesis; Pentose and glucuronate interconversions; Galactose metabolism; Starch and sucrose metabolism; Amino sugar and nucleotide sugar metabolism; Streptomycin biosynthesis; Polyketide sugar unit biosynthesis; Acarbose and validamycin biosynthesis; Starch and sucrose metabolism; Streptomycin biosynthesis; Inositol phosphate metabolism; Two-component system; Phosphotransferase system (PTS); Glycolysis / Gluconeogenesis; Pentose phosphate pathway; Galactose metabolism; Amino sugar and nucleotide sugar metabolism; Fructose and mannose metabolism; Amino sugar and nucleotide sugar metabolism; Phosphotransferase system (PTS); Fructose and mannose metabolism; Amino sugar and nucleotide sugar metabolism; Glycolysis / Gluconeogenesis; Pentose phosphate pathway; Galactose metabolism; Amino sugar and nucleotide sugar metabolism; Fructose and mannose metabolism; Phenylalanine, tyrosine and tryptophan biosynthesis; Phosphotransferase system (PTS); Inositol phosphate metabolism; ABC transporters; Fructose and mannose metabolism; Phosphotransferase system (PTS); Inositol phosphate metabolism; Streptomycin biosynthesis; Inositol phosphate metabolism; "	"-0,00067561;-0,00067561;-0,00067561;-0,00067561;-0,00067561;-0,00067561;-0,00067561;-0,00067561;-0,00067561;-0,00067561;-0,00067561;-0,00067561;-0,00067561;-0,00067561;-0,00067561;-0,00067561;"	"C6H13O9P;C6H13O9P;C6H13O9P;C6H13O9P;C6H13O9P;C6H13O9P;C6H13O9P;C6H13O9P;C6H13O9P;C6H13O9P;C6H13O9P;C6H13O9P;C6H13O9P;C6H13O9P;C6H13O9P;C6H13O9P;"	241234,48	260072,251	241234,48	241234,48	241234,48	241234,48	241234,48	260072,251	224591,987	260072,251	224591,987	283339,771	283339,771	335682,082	260072,251	307961,697	363549,095	406123,146	363549,095	283339,771	456315,526	363549,095	363549,095	456315,526	283339,771	456315,526	406123,146	665668,203	137274,629	224591,987	113353,365	120280,496	146543,177	146543,177	113353,365	179830,904	167327,673	83303,119	192994,105	179830,904	179830,904	179830,904	260072,251	241234,48	224591,987	208589,096	335682,082	224591,987	208589,096
259,094542	"C13634;"	"2,3-Bis(4-hydroxyphenyl)-1,2-propanediol;"		"0,0030359;"	"C15H16O4;"	11007,798	9150,73	12658,182	12536,373	10194,26	9053,155	13411,368	11007,798	10101,574	8614,016	11952,761	12777,624	9722,271	10194,26	10703,245	12658,182	8687,593	8614,016	11229,814	10101,574	9722,271	9814,399	10824,496	10505,874	9150,73	9999,509	10910,558	11007,798	5692,41	7323,259	8378,568	11119,409	9722,271	10602,959	8857,778	8759,339	9336,569	8142,539	8142,539	9150,73	11710,076	10910,558	9423,929	11347,143	8455,93	10194,26	10703,245	10910,558	8294,922
267,07137	"C00294;"	"Inosine;"	"Purine metabolism; "	"0,0021187;"	"C10H12N4O5;"	46788,649	48066,173	52261,882	43140,783	43140,783	43140,783	45425,129	43140,783	44239,66	42161,797	42161,797	43140,783	37778,723	43140,783	37059,876	39390,762	37059,876	39390,762	36390,623	39390,762	43140,783	41155,247	37059,876	33284,592	37778,723	38560,131	34463,509	30708,154	60874,233	45425,129	39390,762	73770,686	37778,723	37059,876	65238,105	48066,173	33909,423	55250,989	43140,783	35722,016	53481,724	32751,551	37778,723	50856,24	41155,247	28476,175	35722,016	35094,197	31205,466
269,153077	"C00468;"	"Estrone;3-Hydroxy-1,3,5(10)-estratrien-17-one;"		"0,0016221;"	"C18H22O2;"	12173,498	9814,399	12536,373	11710,076	10101,574	11594,325	13699,069	11347,143	11007,798	9243,609	10301,013	10602,959	9814,399	9898,467	8455,93	16005,385	9336,569	8759,339	10194,26	9814,399	11119,409	9722,271	8961,017	8687,593	8759,339	9150,73	9150,73	9053,155	9814,399	7137,774	9619,861	9722,271	8961,017	9722,271	12068,386	7784,482	7716,232	13848,05	7019,252	10194,26	7924,65	15135,679	8614,016	7580,358	9243,609	8759,339	6008,64	7188,258	8857,778
275,017752	"C00345;"	"6-Phospho-D-gluconate;"	"Pentose phosphate pathway; "	"-0,00039968;"	"C6H13O10P;"	21465,657	20639,57	18961,066	17945,935	27662,243	23844,57	19188,413	25275,422	33284,592	23303,629	19667,392	20372,858	28078,326	33909,423	21175,657	24401,844	30708,154	33284,592	29764,071	25581	32751,551	43140,783	23844,57	26869,418	25581	28916,369	26869,418	31696,752	24943,198	22525,628	8294,922	7716,232	24401,844	10301,013	12536,373	22275,203	12418,66	14001,699	22525,628	11952,761	23036,673	23303,629	11347,143	25275,422	26869,418	23303,629	48066,173	26506,474	18534,377
276,106994	"C01449;"	"Queuine;Base Q;"		"0,0032153;"	"C12H15N5O3;"	2101,151	2670,202	3129,838	3129,838	2276,128	2143,424	2670,202	2670,202	2419,272	2786,581	2842,579	2895,158	2570,057	2514,257	3129,838	2842,579	2842,579	2060,492	2842,579	2186,359	2621,185	2276,128	2726,287	2514,257	2101,151	2514,257	2786,581	3129,838	2842,579	2570,057	2570,057	2368,072	3129,838	3529,499	2670,202	2621,185	3463,951	3016,164	2419,272	2786,581	3714,873	2786,581	2842,579	2726,287	2468,957	2368,072	1943,728	2101,151	2320,272
282,083064	"C00387;"	"Guanosine;"	"Purine metabolism; "	"0,0013243;"	"C10H13N5O5;"	5314,068	4472,211	5743,024	5314,068	4883,859	4765,777	6060,281	4472,211	4938,635	6008,64	5370,191	5153,345	5585,042	5048,268	5048,268	5903,547	4646,607	4993,251	5048,268	4524,713	5048,268	4993,251	5102,518	5102,518	4224,542	4938,635	4646,607	4583,734	5954,75	5903,547	5585,042	6669,24	6487,74	5479,703	6838,178	5692,41	4583,734	6383,775	5585,042	7505,789	6170,27	6432,934	5204,805	5370,191	4821,525	4646,607	5102,518	5048,268	4821,525
283,264369	"C01530;"	"octadecanoate (n-C18:0);"	"Fatty acid biosynthesis; Biosynthesis of unsaturated fatty acids; "	"-0,00011949;"	"C18H36O2;"	1360272,306	665668,203	895965,315	1090193,603	1090193,603	1090193,603	1090193,603	1090193,603	1090193,603	895965,315	895965,315	895965,315	777002,219	777002,219	895965,315	1090193,603	777002,219	777002,219	1090193,603	1360272,306	895965,315	895965,315	1090193,603	895965,315	895965,315	777002,219	1360272,306	1090193,603	1360272,306	895965,315	895965,315	1360272,306	895965,315	895965,315	1860671,259	895965,315	1090193,603	1090193,603	895965,315	895965,315	1860671,259	1360272,306	1360272,306	1090193,603	777002,219	777002,219	1090193,603	777002,219	777002,219
285,046301	"C03838;"	"N1-(5-Phospho-D-ribosyl)glycinamide;"	"Purine metabolism; "	"0,0030207;"	"C7H15N2O8P;"	4472,211	4356,912	5314,068	6116,18	4938,635	4037,444	5954,75	6383,775	3972,678	3200,719	5743,024	8857,778	4583,734	4286,414	5954,75	7188,258	4472,211	5370,191	7784,482	5638,371	4883,859	4167,492	6383,775	6784,146	4938,635	5153,345	8218,267	6669,24	3784,446	3268,716	4167,492	1981,903	3784,446	4524,713	3268,716	3972,678	4524,713	4286,414	2468,957	5204,805	2419,272	2621,185	3905,258	2276,128	3268,716	4821,525	2786,581	3650,445	4037,444
289,033536	"C07838;C07836;C00281;C05382;C19878;C19878;C19882;"	"D-Glycero-D-manno-heptose 1-phosphate;D-Glycero-D-manno-heptose 7-phosphate;Sedoheptulose 7-phosphate;SedoheptuloseD-Sedoheptulose 7-phosphate;D-altro-Heptulose 7-phosphate;altro-Heptulose 7-phosphate;D-glycero-alpha-D-manno-Heptose;D-glycero-alpha-D-manno-Heptose;D-glycero-D-manno-Heptose;"	"Lipopolysaccharide biosynthesis; Lipopolysaccharide biosynthesis; Pentose phosphate pathway; Lipopolysaccharide biosynthesis; Lipopolysaccharide biosynthesis; Lipopolysaccharide biosynthesis; "	"-0,00053381;-0,00053381;-0,00053381;-0,00053381;-0,00053381;-0,00053381;-0,00053381;"	"C7H15O10P;C7H15O10P;C7H15O10P;C7H15O10P;C7H15O10P;C7H15O10P;C7H15O10P;"	167327,673	179830,904	137274,629	128031,552	155322,021	155322,021	128031,552	155322,021	155322,021	224591,987	128031,552	179830,904	208589,096	208589,096	146543,177	167327,673	192994,105	260072,251	224591,987	167327,673	224591,987	260072,251	241234,48	241234,48	241234,48	283339,771	224591,987	283339,771	102261,677	128031,552	155322,021	128031,552	137274,629	167327,673	155322,021	155322,021	155322,021	167327,673	208589,096	283339,771	167327,673	167327,673	283339,771	283339,771	283339,771	363549,095	283339,771	335682,082	363549,095
290,967289	"C20440;"	"alpha-D-Ribose;"	"Phosphonate and phosphinate metabolism; "	"0,00035022;"	"C5H10O10P2;"	10910,558	16375,671	11824,371	10602,959	11229,814	11824,371	12536,373	13567,485	11824,371	13848,05	13567,485	10407,412	11594,325	12536,373	12777,624	9336,569	11710,076	15135,679	11824,371	11952,761	12418,66	12658,182	16179,584	14464,787	14632,005	16179,584	12777,624	13848,05	7647,967	10602,959	9898,467	9619,861	10407,412	10824,496	7994,953	14156,772	14316,423	11824,371	13848,05	13567,485	7716,232	11594,325	11229,814	13293,728	12173,498	12418,66	16005,385	12658,182	12536,373
292,104172	"C05887;C02713;"	"N-Acetyl-D-muramoate;N-Acetylmuramate;N-Acetylmuramic acid;N-Acetyl-D-muramoate;"	"Amino sugar and nucleotide sugar metabolism; Phosphotransferase system (PTS); "	"-0,0003864;-0,0003864;"	"C11H19NO8;C11H19NO8;"	6170,27	5954,75	5903,547	6487,74	6170,27	5850,368	5479,703	5638,371	7994,953	6331,236	5479,703	6116,18	6432,934	6060,281	6331,236	6899,331	6331,236	7074,562	6275,184	5314,068	6432,934	6275,184	6838,178	6331,236	7323,259	6669,24	7784,482	6487,74	3972,678	4472,211	5427,675	4037,444	5427,675	5048,268	4356,912	4707,098	6956,283	4472,211	4224,542	7446,03	3590,452	3784,446	5954,75	4286,414	3529,499	6331,236	3529,499	3590,452	6331,236
293,21155	"C14765;"	"13-OxoODE;13-KODE;(9Z,11E)-13-Oxooctadeca-9,11-dienoic acid;"		"0,00066376;"	"C18H30O3;"	14804,855	9898,467	18143,239	10407,412	14804,855	17131,574	9619,861	10194,26	19890,342	9722,271	11119,409	8532,627	9243,609	11952,761	6547,782	10505,874	9814,399	8687,593	9814,399	10824,496	16375,671	15443,458	7647,967	7137,774	10910,558	14804,855	10101,574	7853,365	6606,72	12288,663	14156,772	13029,719	9150,73	10910,558	13411,368	9814,399	13567,485	11952,761	7381,784	16588,741	12418,66	10602,959	11710,076	12288,663	7716,232	11347,143	8378,568	9814,399	13293,728
294,048957	"C03373;"	"5-amino-1-(5-phospho-D-ribosyl)imidazole;"	"Purine metabolism; Thiamine metabolism; "	"0,00069874;"	"C8H14N3O7P;"	5153,345	6725,551	5534,838	5204,805	5638,371	4707,098	6008,64	5427,675	7924,65	4938,635	5793,285	6606,72	5370,191	5153,345	6221,166	6331,236	5427,675	6331,236	6725,551	6221,166	5265,146	6606,72	6956,283	5903,547	6331,236	6008,64	10301,013	6432,934	1645,874	3714,873	4472,211	2143,424	2895,158	5370,191	2368,072	3905,258	5585,042	2670,202	5102,518	5102,518	4821,525	3838,795	5102,518	2842,579	4993,251	6221,166	2368,072	5427,675	7784,482
294,105055	"C00844;"	"Prunasin;(R)-Prunasin;"	"Cyanoamino acid metabolism; "	"-0,0067483;"	"C14H17NO6;"	3590,452	3076,797	3346,171	4410,701	4099,259	3463,951	4707,098	3590,452	3076,797	4286,414	4583,734	4037,444	4524,713	3463,951	4037,444	6116,18	3590,452	3268,716	3463,951	3650,445	3972,678	3268,716	3650,445	3784,446	3399,303	3268,716	3590,452	3463,951	3346,171	3529,499	5265,146	3076,797	3590,452	4765,777	5265,146	3590,452	4472,211	6008,64	2955,287	3590,452	4167,492	4286,414	4993,251	3590,452	3714,873	4993,251	2955,287	3346,171	3129,838
295,228062	"C14762;"	"13(S)-HODE;(13S)-Hydroxyoctadecadienoic acid;(9Z,11E)-(13S)-13-Hydroxyoctadeca-9,11-dienoic acid;"		"-0,0001977;"	"C18H32O3;"	29764,071	16939,173	48066,173	22275,203	31205,466	26506,474	18534,377	26198,097	30708,154	13567,485	32751,551	15443,458	13293,728	19429,782	11347,143	21465,657	15279,027	14316,423	22275,203	28078,326	26506,474	23548,513	13848,05	14156,772	17329,056	24943,198	17534,452	15605,152	14632,005	13567,485	28916,369	21976,279	12899,375	21465,657	19890,342	12068,386	35094,197	14156,772	8218,267	33284,592	25275,422	13162,691	19667,392	15135,679	8532,627	17945,935	9619,861	12288,663	23036,673
296,081975	"C00170;"	"5-Methylthioadenosine;"	"Cysteine and methionine metabolism; "	"0,00030419;"	"C11H15N5O3S;"	6838,178	4286,414	4037,444	4938,635	6432,934	4821,525	6116,18	5102,518	7647,967	10194,26	5585,042	5479,703	13848,05	4646,607	5534,838	7924,65	6669,24	4583,734	7188,258	5370,191	5903,547	4707,098	5048,268	5314,068	6725,551	4524,713	5743,024	5793,285	23844,57	42161,797	48066,173	35722,016	63046,749	68083,188	86508,976	89940,981	83303,119	97564,373	137274,629	167327,673	73770,686	107477,23	128031,552	86508,976	137274,629	179830,904	5265,146	128031,552	179830,904
298,000925	"C04752;"	"2-Methyl-4-amino-5-hydroxymethylpyrimidine diphosphate;"	"Thiamine metabolism; "	"-0,00098281;"	"C6H11N3O7P2;"	1904,165	1541,257	1378,471	1981,903	2320,272	1510,972	1090,849	1749,51	1541,257	1252,495	2019,415	1826,456	1749,51	1904,165	2060,492	1904,165	2143,424	1904,165	1867,742	1981,903	1943,728	2101,151	1867,742	2419,272	1714,424	1609,073	1510,972	2228,98	2019,415	1090,849	1476,779	869,954	1867,742	1573,613	1285,491	1285,491	1573,613	1315,732	1476,779	1867,742	1124,477	1510,972	1573,613	913,091	1090,849	2060,492	1285,491	827,83	1943,728
298,070222	"C03492;"	"D-4'-Phosphopantothenate;"	"beta-Alanine metabolism; Pantothenate and CoA biosynthesis; "	"-0,00050011;"	"C9H18NO8P;"	19667,392	24657,653	16375,671	14632,005	26198,097	27273,603	19667,392	20131,453	37059,876	31205,466	20639,57	23036,673	31696,752	24401,844	24125,481	26869,418	34463,509	23548,513	31205,466	29326,215	28078,326	13411,368	28916,369	29326,215	18728,925	10602,959	21733,577	32751,551	4524,713	9619,861	9814,399	8687,593	12418,66	18728,925	9722,271	12418,66	18961,066	7853,365	12173,498	27662,243	8687,593	7505,789	14156,772	7019,252	6725,551	10824,496	25871,016	6008,64	9519,89
300,049821	"C04256;C00357;C04501;"	"N-Acetyl-D-glucosamine 1-phosphate;N-Acetyl-D-glucosamine 6-phosphate;N-Acetyl-alpha-D-glucosamine;"	"Amino sugar and nucleotide sugar metabolism; Phosphotransferase system (PTS); Amino sugar and nucleotide sugar metabolism; "	"-0,00083385;-0,00083385;-0,00083385;"	"C8H16NO9P;C8H16NO9P;C8H16NO9P;"	6383,775	9619,861	6547,782	7137,774	6275,184	8687,593	6784,146	7074,562	8218,267	9619,861	7716,232	8378,568	7580,358	8961,017	7580,358	7256,085	8614,016	11119,409	9519,89	9423,929	8961,017	7853,365	13293,728	10824,496	10703,245	15279,027	10602,959	9423,929	2895,158	4167,492	4765,777	3399,303	5585,042	6487,74	5793,285	6487,74	5954,75	4821,525	4883,859	5954,75	8073,111	5427,675	6432,934	7446,03	5903,547	6669,24	10194,26	4938,635	7381,784
306,07723	"C00051;"	"Reduced glutathione;"	"Cysteine and methionine metabolism; Glutathione metabolism; ABC transporters; "	"-0,00070516;"	"C10H17N3O6S;"	546847,997	1360272,306	546847,997	102261,677	665668,203	895965,315	406123,146	102261,677	777002,219	1090193,603	406123,146	89940,981	895965,315	1090193,603	107477,23	113353,365	1090193,603	1360272,306	283339,771	546847,997	665668,203	1360272,306	113353,365	128031,552	777002,219	1860671,259	241234,48	167327,673	335682,082	665668,203	546847,997	363549,095	665668,203	546847,997	456315,526	665668,203	406123,146	406123,146	665668,203	665668,203	777002,219	546847,997	665668,203	665668,203	665668,203	895965,315	895965,315	895965,315	895965,315
308,978983	"C01151;"	"D-RiboseRibose 1,5-bisphosphate;alpha-D-Ribose 1,5-bisphosphate;"	"Pentose phosphate pathway; Phosphonate and phosphinate metabolism; "	"-0,00077966;"	"C5H12O11P2;"	5102,518	7019,252	7074,562	6331,236	7074,562	7446,03	7323,259	8759,339	6899,331	8857,778	7381,784	9053,155	8218,267	6170,27	9243,609	6606,72	8142,539	9150,73	8073,111	8455,93	7381,784	9150,73	10505,874	11119,409	8378,568	8857,778	9999,509	10101,574	23036,673	3784,446	5204,805	4993,251	4883,859	5265,146	4583,734	5314,068	4821,525	4938,635	5479,703	7137,774	3838,795	4356,912	5153,345	5743,024	4524,713	6725,551	5850,368	5585,042	7446,03
313,044077	"C04376;"	"N2-Formyl-N1-(5-phospho-D-ribosyl)glycinamide;"	"Purine metabolism; "	"0,00015841;"	"C8H15N2O9P;"	13567,485	22781,13	23548,513	21976,279	20889,51	14464,787	26198,097	30708,154	23548,513	21175,657	31696,752	32203,252	18728,925	22525,628	25581	37778,723	33284,592	58867,047	31696,752	23548,513	45425,129	60874,233	63046,749	48066,173	41155,247	70766,598	68083,188	63046,749	4410,701	6060,281	9053,155	2670,202	8142,539	16588,741	5692,41	17131,574	16588,741	10824,496	37778,723	26869,418	24943,198	30261,908	33284,592	17534,452	43140,783	65238,105	13411,368	36390,623	26506,474
313,107645	"C00921;"	"Dihydropteroate;"	"Folate biosynthesis; "	"-0,0021876;"	"C14H14N6O3;"	9999,509	8759,339	10505,874	11119,409	9619,861	9619,861	9150,73	8857,778	9898,467	7924,65	9999,509	9814,399	8759,339	9053,155	8294,922	10194,26	8455,93	8455,93	9999,509	9150,73	9053,155	9053,155	8378,568	8455,93	8961,017	9423,929	8455,93	7994,953	8759,339	9423,929	11594,325	11594,325	11470,152	10101,574	13162,691	10824,496	9619,861	16588,741	8532,627	10910,558	11007,798	11470,152	10824,496	8961,017	10301,013	9619,861	8455,93	10824,496	7924,65
319,227968	"C04742;C04805;"	"(15S)-15-Hydroxy-5,8,11-cis-13-trans-eicosatetraenoate;(15S)-15-Hydroxy-5,8,11-cis-13-trans-icosatetraenoate;(5Z,8Z,11Z,13E)-(15S)-15-Hydroxyicosa-5,8,11,13-tetraenoic acid;15(S)-HETE;5(S)-HETE;5-Hydroxyeicosatetraenoate;5-HETE;(6E,8Z,11Z,14Z)-(5S)-5-Hydroxyicosa-6,8,11,14-tetraenoic acid;"	"Arachidonic acid metabolism; Arachidonic acid metabolism; "	"-0,00010422;-0,00010422;"	"C20H32O3;C20H32O3;"	4883,859	4821,525	4765,777	6060,281	4821,525	7505,789	4765,777	6725,551	4646,607	3784,446	6487,74	5102,518	3972,678	5265,146	4167,492	5534,838	3529,499	3714,873	5153,345	4938,635	4099,259	4224,542	3463,951	3590,452	3590,452	4765,777	6725,551	6899,331	4993,251	4707,098	4524,713	19188,413	3200,719	4286,414	14316,423	4224,542	8961,017	7019,252	7323,259	4410,701	21976,279	9150,73	4707,098	11007,798	2786,581	3346,171	9898,467	3784,446	4286,414
321,116543	"C04079;"	"N-((R)-Pantothenoyl)-L-cysteine;D-Pantothenoyl-L-cysteine;N-Pantothenoylcysteine;"	"Pantothenate and CoA biosynthesis; "	"-0,003967;"	"C12H22N2O6S;"	5743,024	4938,635	6838,178	7019,252	5903,547	5265,146	6606,72	6432,934	5314,068	4472,211	7019,252	6432,934	5102,518	5314,068	5692,41	7647,967	4938,635	5048,268	6838,178	5743,024	6008,64	4821,525	5370,191	5534,838	5638,371	4883,859	7188,258	5638,371	4821,525	5743,024	6606,72	5314,068	6060,281	6547,782	7323,259	4821,525	7323,259	6331,236	5048,268	7323,259	5638,371	4707,098	5479,703	3905,258	5048,268	6487,74	4524,713	4765,777	5585,042
322,044467	"C00055;"	"CMP;"	"Pyrimidine metabolism; "	"0,0001038;"	"C9H14N3O8P;"	19429,782	26198,097	20131,453	19188,413	18961,066	26198,097	20131,453	21175,657	23303,629	29326,215	23036,673	18534,377	25581	27273,603	23844,57	20372,858	19188,413	28476,175	23548,513	26198,097	24943,198	25871,016	28476,175	23036,673	25871,016	31696,752	24401,844	24657,653	14316,423	22275,203	17534,452	18961,066	23844,57	22275,203	20889,51	25581	24943,198	22525,628	24657,653	26506,474	18961,066	21733,577	23303,629	24943,198	24657,653	23548,513	26869,418	23303,629	28078,326
323,029155	"C01168;C00105;"	"Pseudouridine 5'-phosphate;UMP;"	"Pyrimidine metabolism; Pyrimidine metabolism; "	"-0,00056944;-0,00056944;"	"C9H13N2O9P;C9H13N2O9P;"	21175,657	26869,418	23036,673	19890,342	20131,453	23548,513	23303,629	22275,203	24657,653	28916,369	28476,175	19188,413	24125,481	27662,243	23036,673	20639,57	23844,57	28916,369	23844,57	28476,175	26198,097	24657,653	33284,592	25871,016	26198,097	37778,723	25275,422	28476,175	20372,858	23844,57	20889,51	19890,342	23548,513	22525,628	22781,13	26198,097	23548,513	24943,198	23303,629	22781,13	19188,413	18961,066	17534,452	23036,673	18961,066	20889,51	28476,175	17534,452	22525,628
323,169373	"C07572;"	"Citalopram;"		"-0,012862;"	"C20H21FN2O;"	13848,05	10101,574	14156,772	13293,728	14980,585	10602,959	15279,027	11952,761	13162,691	10407,412	15806,441	12068,386	11824,371	11007,798	10602,959	18342,471	10824,496	10194,26	13293,728	11824,371	13699,069	11710,076	11007,798	10602,959	11710,076	10194,26	12418,66	10505,874	9999,509	13029,719	19188,413	15605,152	12068,386	17131,574	22275,203	12536,373	9898,467	19890,342	11347,143	13029,719	18342,471	13567,485	13848,05	13162,691	12777,624	16375,671	11952,761	9898,467	10301,013
325,093252	"C05839;"	"cis-beta-D-Glucosyl-2-hydroxycinnamate;beta-D-Glucosyl-2-coumarinate;"		"-0,00036554;"	"C15H18O8;"	8073,111	8687,593	9814,399	12658,182	7716,232	7256,085	10301,013	10910,558	7137,774	6956,283	12068,386	10824,496	8142,539	9519,89	8142,539	15279,027	6725,551	7188,258	10824,496	9722,271	8218,267	8142,539	8614,016	9619,861	7137,774	8073,111	9336,569	8378,568	8378,568	8378,568	9423,929	8142,539	16775,321	8857,778	11119,409	7924,65	8687,593	34463,509	7580,358	8218,267	9150,73	31205,466	8687,593	6956,283	9814,399	9814,399	7580,358	8455,93	7580,358
327,049872	"C19586;"	"Aflatoxin2,3-Epoxyaflatoxin B1;"		"0,0011499;"	"C17H12O7;"	8532,627	8455,93	5370,191	12418,66	8455,93	9243,609	7647,967	13029,719	6383,775	8218,267	8532,627	14001,699	7137,774	8142,539	14316,423	13699,069	7853,365	9336,569	14156,772	6669,24	6170,27	9619,861	14464,787	14632,005	7188,258	8378,568	11594,325	12068,386	6487,74	8759,339	10824,496	5954,75	5903,547	8759,339	6725,551	7019,252	9519,89	7137,774	6487,74	10407,412	5370,191	6487,74	8142,539	3463,951	6383,775	9519,89	4707,098	7323,259	10505,874
330,065959	"C00360;"	"dAMP;"	"Purine metabolism; "	"-0,0050697;"	"C10H14N5O6P;"	7924,65	11347,143	8857,778	4993,251	7580,358	7924,65	6725,551	5692,41	9053,155	10301,013	8142,539	5534,838	9423,929	9150,73	5265,146	5743,024	9243,609	9898,467	6606,72	8073,111	8614,016	8759,339	5954,75	6487,74	7716,232	9336,569	5850,368	6547,782	5048,268	6838,178	7381,784	5102,518	6838,178	8532,627	5370,191	7137,774	8294,922	5534,838	7446,03	11594,325	6547,782	6669,24	7137,774	6221,166	7323,259	9898,467	5954,75	6487,74	12658,182
333,098879	"C14874;"	"Glutathione;"		"0,0011211;"	"C12H20N3O6S;"	6669,24	6383,775	7019,252	10194,26	6383,775	6725,551	8961,017	7446,03	6221,166	6275,184	9243,609	8294,922	6116,18	6956,283	7381,784	9619,861	5743,024	5954,75	9053,155	8218,267	7019,252	6784,146	6784,146	7505,789	6221,166	6432,934	7994,953	7381,784	8073,111	10194,26	12068,386	8378,568	10301,013	9423,929	12173,498	10910,558	7647,967	11347,143	6221,166	8759,339	9053,155	10407,412	8961,017	7924,65	9053,155	10301,013	7381,784	8378,568	7137,774
335,223175	"C05356;C05966;"	"5(S)-HPETE;5(S)-Hydroperoxy-6-trans-8,11,14-cis-eicosatetraenoic acid;(6E,8Z,11Z,14Z)-(5S)-5-Hydroperoxyeicosa-6,8,11,14-tetraenoate;(6E,8Z,11Z,14Z)-(5S)-5-Hydroperoxyeicosa-6,8,11,14-tetraenoic acid;(5S,6E,8Z,11Z,14Z)-5-Hydroperoxyicosa-6,8,11,14-tetraenoate;15(S)-HPETE;(5Z,8Z,11Z,13E)-(15S)-15-Hydroperoxyicosa-5,8,11,13-tetraenoic acid;15-Hydroperoxyeicosatetraenoate;15-Hydroperoxyicosatetraenoate;15-Hydroperoxyeicosatetraenoic acid;15-Hydroperoxyicosatetraenoic acid;(5Z,8Z,11Z,13E)-(15S)-15-Hydroperoxyicosa-5,8,11,13-tetraenoate;"	"Arachidonic acid metabolism; Arachidonic acid metabolism; "	"-0,00039653;-0,00039653;"	"C20H32O4;C20H32O4;"	12777,624	11710,076	10194,26	15605,152	9336,569	16775,321	10505,874	18143,239	12288,663	9999,509	18342,471	13699,069	11347,143	13848,05	10910,558	10407,412	9150,73	9519,89	13848,05	11594,325	9519,89	10703,245	9053,155	9243,609	9243,609	12777,624	16375,671	18143,239	24125,481	13848,05	9243,609	50856,24	10505,874	10194,26	41155,247	14632,005	21733,577	25871,016	26506,474	9814,399	52261,882	30708,154	12418,66	27273,603	9519,89	9053,155	23036,673	13029,719	12777,624
336,085929	"C14180;"	"S-(Hydroxymethyl)glutathione;"	"Methane metabolism; "	"0,0011611;"	"C11H19N3O7S;"	2786,581	3784,446	3463,951	2842,579	3129,838	3076,797	3590,452	2895,158	3529,499	3905,258	3463,951	3463,951	2955,287	3529,499	3838,795	4410,701	2670,202	3463,951	3972,678	3972,678	2786,581	3200,719	3529,499	3129,838	2621,185	3346,171	3268,716	3076,797	6060,281	3838,795	4037,444	5638,371	4099,259	3463,951	5479,703	3399,303	3268,716	5102,518	3529,499	3905,258	4765,777	3129,838	3346,171	4356,912	4167,492	3076,797	4646,607	3529,499	3200,719
337,056003	"C04677;"	"5-Amino-1-(5-Phospho-D-ribosyl)imidazole-4-carboxamide;"	"Purine metabolism; Histidine metabolism; "	"-0,00053377;"	"C9H15N4O8P;"	12536,373	12418,66	18342,471	16588,741	15806,441	10910,558	22525,628	18342,471	14316,423	12288,663	26869,418	19890,342	13699,069	12899,375	16775,321	32751,551	18534,377	20131,453	23303,629	21465,657	21733,577	17732,538	37778,723	28916,369	17945,935	23303,629	42161,797	34463,509	19667,392	16005,385	8532,627	22275,203	14316,423	10505,874	18728,925	15135,679	10910,558	16005,385	17732,538	12536,373	20889,51	14316,423	12777,624	21733,577	16179,584	14001,699	18143,239	16939,173	9722,271
341,108887	"C00185;C01083;C00208;"	"cellobiose;Trehalose;Maltose;Malt sugar;alpha-D-Glucopyranosyl-(1->4)-D-glucopyranose;"	"Starch and sucrose metabolism; ABC transporters; Phosphotransferase system (PTS); Starch and sucrose metabolism; ABC transporters; Phosphotransferase system (PTS); Starch and sucrose metabolism; ABC transporters; Bacterial chemotaxis; Phosphotransferase system (PTS); "	"4,3305e-05;4,3305e-05;4,3305e-05;"	"C12H22O11;C12H22O11;C12H22O11;"	83303,119	56916,467	65238,105	56916,467	50856,24	73770,686	52261,882	50856,24	120280,496	46788,649	52261,882	63046,749	49337,269	68083,188	44239,66	86508,976	89940,981	40298,794	49337,269	63046,749	70766,598	76758,604	48066,173	49337,269	76758,604	146543,177	40298,794	33284,592	128031,552	93625,847	70766,598	65238,105	93625,847	53481,724	80046,667	55250,989	48066,173	70766,598	97564,373	44239,66	97564,373	50856,24	49337,269	83303,119	53481,724	42161,797	56916,467	42161,797	45425,129
346,056658	"C00020;C00362;"	"AMP;dGMP;"	"Purine metabolism; Purine metabolism; "	"-0,0008545;-0,0008545;"	"C10H14N5O7P;C10H14N5O7P;"	86508,976	146543,177	146543,177	120280,496	128031,552	128031,552	137274,629	146543,177	113353,365	283339,771	179830,904	70766,598	155322,021	241234,48	93625,847	70766,598	102261,677	224591,987	107477,23	120280,496	155322,021	97564,373	260072,251	107477,23	179830,904	335682,082	120280,496	93625,847	93625,847	89940,981	102261,677	83303,119	89940,981	179830,904	97564,373	167327,673	137274,629	93625,847	146543,177	128031,552	93625,847	120280,496	113353,365	120280,496	76758,604	102261,677	146543,177	53481,724	155322,021
347,040397	"C00130;"	"IMP;"	"Purine metabolism; "	"-0,00057811;"	"C10H13N4O8P;"	16775,321	11470,152	22781,13	22781,13	28476,175	11952,761	35722,016	38560,131	26506,474	14980,585	55250,989	65238,105	23548,513	17329,056	27273,603	68083,188	42161,797	24943,198	37778,723	56916,467	53481,724	21465,657	107477,23	80046,667	35722,016	23844,57	76758,604	80046,667	6432,934	9336,569	9336,569	4821,525	12288,663	13411,368	10910,558	16005,385	11594,325	14464,787	20639,57	17732,538	14316,423	16005,385	15443,458	11824,371	17732,538	20639,57	11347,143	16375,671	16588,741
349,1096	"C02538;"	"Estrone;"		"0,001914;"	"C18H22O5S;"	18961,066	16179,584	16179,584	18143,239	19188,413	14804,855	16588,741	19188,413	15135,679	14632,005	13293,728	16939,173	15605,152	13029,719	14156,772	14001,699	14316,423	13699,069	12899,375	13029,719	11710,076	11119,409	12173,498	13029,719	12658,182	12658,182	11007,798	13293,728	8455,93	18961,066	20639,57	13699,069	14804,855	17732,538	16588,741	17329,056	17732,538	14632,005	16375,671	16005,385	14632,005	16775,321	15279,027	13411,368	15279,027	13293,728	9243,609	15279,027	14156,772
357,085977	"C04778;"	"N1-(5-Phospho-alpha-D-ribosyl)-5,6-dimethylbenzimidazole;"	"Porphyrin and chlorophyll metabolism; "	"-0,0002703;"	"C14H19N2O7P;"	14316,423	14632,005	13567,485	8073,111	13162,691	18342,471	15443,458	7323,259	27273,603	18143,239	14804,855	8961,017	16939,173	19667,392	9336,569	13162,691	18342,471	16588,741	13567,485	18143,239	14156,772	12173,498	7137,774	9053,155	12536,373	11470,152	10505,874	8294,922	5850,368	11007,798	12418,66	6060,281	24657,653	12068,386	13293,728	11347,143	15279,027	26198,097	10910,558	18728,925	12288,663	20639,57	11952,761	10602,959	9898,467	11710,076	15605,152	8294,922	9999,509
362,050387	"C00144;C18239;"	"GMP;PrecursorCyclic pyranopterin monophosphate;Cyclic pyranopterin phosphate;cPMP;"	"Purine metabolism; Folate biosynthesis; Sulfur relay system; "	"0,00033167;0,00033167;"	"C10H14N5O8P;C10H14N5O8P;"	10407,412	13848,05	10824,496	8378,568	10602,959	12173,498	12173,498	9814,399	13567,485	16179,584	15605,152	9150,73	11952,761	15443,458	10407,412	8614,016	11952,761	17732,538	10703,245	12068,386	13848,05	11952,761	16588,741	11824,371	14464,787	22525,628	12536,373	11710,076	11347,143	15443,458	13848,05	12658,182	18143,239	14156,772	15443,458	20372,858	19188,413	21733,577	20131,453	19429,782	14156,772	15806,441	16375,671	16588,741	16775,321	14804,855	20889,51	14632,005	17945,935
378,023126	"C16619;"	"6-Thioguanosine;"		"0,0047486;"	"C10H14N5O7PS;"	1573,613	1124,477	1749,51	1510,972	1090,849	1022,926	1157,231	1445,852	1378,471	1347,497	1190,065	1510,972	1252,495	1224,518	1541,257	1055,874	1224,518	951,594	1411,597	951,594	1445,852	1252,495	1157,231	1190,065	1315,732	1157,231	1749,51	1476,779	1573,613	1055,874	1645,874	692,339	1347,497	2276,128	1788,828	951,594	2019,415	2019,415	1252,495	2419,272	1904,165	1680,267	2276,128	1224,518	1645,874	2276,128	1090,849	1749,51	2228,98
378,096525	"C03451;"	"(R)-S-Lactoylglutathione;"	"Pyruvate metabolism; "	"0,0011298;"	"C13H21N3O8S;"	14001,699	6432,934	7137,774	6899,331	12899,375	6383,775	5265,146	6116,18	10602,959	6487,74	5638,371	7074,562	8614,016	6221,166	4765,777	6008,64	10602,959	7853,365	5479,703	7381,784	10824,496	8455,93	4821,525	7580,358	10101,574	8687,593	4938,635	14464,787	1943,728	4037,444	7446,03	2842,579	4765,777	4646,607	4524,713	3200,719	14804,855	2842,579	3463,951	9722,271	6838,178	3529,499	9619,861	4472,211	3590,452	15135,679	5153,345	3399,303	10824,496
379,011567	"C16618;"	"6-Thioxanthine;"		"0,00032305;"	"C10H13N4O8PS;"	4993,251	7446,03	4993,251	5265,146	4224,542	6060,281	4883,859	5585,042	4583,734	6432,934	4707,098	5370,191	5048,268	9423,929	4883,859	4707,098	4993,251	6838,178	5534,838	4821,525	4707,098	5265,146	5204,805	5204,805	4583,734	6116,18	5427,675	5265,146	2726,287	2726,287	3346,171	6275,184	17945,935	9336,569	5102,518	12173,498	10407,412	3399,303	10602,959	6331,236	43140,783	13029,719	13411,368	20639,57	14316,423	7505,789	24125,481	14464,787	6606,72
383,11268	"C00021;"	"S-Adenosyl-L-homocysteine;"	"Cysteine and methionine metabolism; "	"0,0016281;"	"C14H20N6O5S;"	24943,198	23548,513	30708,154	23036,673	26869,418	21733,577	23036,673	17534,452	28476,175	24943,198	33909,423	27273,603	23844,57	29764,071	22781,13	34463,509	40298,794	27273,603	33284,592	29764,071	35094,197	32751,551	29326,215	37059,876	31205,466	36390,623	32203,252	48066,173	5743,024	9053,155	10910,558	8532,627	8455,93	9814,399	10101,574	7647,967	13848,05	10301,013	10703,245	11710,076	11470,152	9898,467	13699,069	9722,271	8759,339	10910,558	12173,498	7716,232	8614,016
386,016304	"C00705;"	"dCDP;"	"Pyrimidine metabolism; "	"-0,00031756;"	"C9H15N3O10P2;"	11824,371	12658,182	13029,719	12777,624	11952,761	11710,076	9898,467	15443,458	12173,498	12899,375	10824,496	12288,663	14464,787	10505,874	13699,069	11347,143	12658,182	12777,624	14316,423	14156,772	14980,585	11347,143	18143,239	16375,671	16939,173	14632,005	16005,385	17945,935	5638,371	7074,562	8961,017	6331,236	7188,258	10407,412	8532,627	9243,609	8759,339	6275,184	10407,412	11347,143	6383,775	7994,953	8857,778	8614,016	7580,358	10505,874	13848,05	9336,569	11952,761
387,001116	"C01346;"	"dUDP;"	"Pyrimidine metabolism; "	"-0,0011149;"	"C9H14N2O11P2;"	12288,663	15806,441	12418,66	14001,699	12536,373	15279,027	11710,076	14980,585	14632,005	17945,935	11470,152	15279,027	17534,452	15135,679	17131,574	11952,761	18728,925	22275,203	19667,392	15135,679	18534,377	23303,629	18961,066	20131,453	21465,657	21733,577	20372,858	21175,657	13411,368	30708,154	10703,245	26198,097	25581	11007,798	34463,509	35722,016	14156,772	32751,551	52261,882	18534,377	30261,908	41155,247	18342,471	70766,598	80046,667	25581	55250,989	83303,119	35722,016
388,94439	"C00119;"	"5-Phospho-alpha-D-ribose 1-diphosphate;"	"Pentose phosphate pathway; Purine metabolism; Pyrimidine metabolism; Histidine metabolism; Phenylalanine, tyrosine and tryptophan biosynthesis; "	"0,00014387;"	"C5H13O14P3;"	6784,146	8294,922	5954,75	6669,24	7323,259	6956,283	6547,782	7784,482	8759,339	8961,017	6383,775	8073,111	9336,569	6899,331	8378,568	7323,259	8857,778	8532,627	7580,358	7716,232	8687,593	10505,874	11470,152	9722,271	9999,509	10703,245	10194,26	11594,325	4938,635	3972,678	4099,259	4356,912	3529,499	5204,805	3714,873	4167,492	5743,024	3129,838	6170,27	5903,547	3972,678	3905,258	5850,368	6383,775	5153,345	5638,371	6725,551	5204,805	5692,41
392,046055	"C16620;"	"6-Methylthioguanosine;"		"-0,0025306;"	"C11H16N5O7PS;"	3268,716	3200,719	3784,446	3076,797	2895,158	2514,257	3346,171	3972,678	3200,719	3346,171	2368,072	3838,795	3268,716	3399,303	2726,287	4472,211	3463,951	2786,581	3714,873	4224,542	3016,164	2670,202	2895,158	3346,171	2514,257	3399,303	2419,272	2514,257	1714,424	1573,613	2468,957	1680,267	1609,073	3076,797	1573,613	1749,51	2570,057	1609,073	1867,742	3076,797	1378,471	1788,828	3129,838	1476,779	1788,828	2895,158	1022,926	1904,165	3399,303
397,107222	"C04425;"	"S-Adenosyl-4-methylthio-2-oxobutanoate;"		"-0,0010741;"	"C15H20N5O6S;"	16179,584	18342,471	16775,321	16375,671	12418,66	16179,584	18342,471	14156,772	17945,935	15605,152	19188,413	16775,321	14980,585	16588,741	16375,671	20131,453	14804,855	16179,584	17534,452	19890,342	16939,173	17131,574	16939,173	16939,173	14980,585	16775,321	18961,066	18728,925	10301,013	15135,679	11347,143	9999,509	13411,368	13029,719	10824,496	11594,325	9722,271	7647,967	9999,509	12777,624	9999,509	8142,539	8378,568	9336,569	8614,016	9423,929	17534,452	7381,784	7188,258
402,010493	"C00112;"	"CDP;"	"Pyrimidine metabolism; "	"0,00040713;"	"C9H15N3O11P2;"	30261,908	39390,762	26506,474	24943,198	28916,369	42161,797	28476,175	34463,509	39390,762	45425,129	30708,154	26869,418	38560,131	35094,197	35722,016	29326,215	27662,243	37059,876	34463,509	48066,173	33909,423	31696,752	38560,131	32751,551	36390,623	50856,24	35094,197	42161,797	23303,629	35722,016	25871,016	24943,198	32751,551	32203,252	35094,197	40298,794	30261,908	23548,513	33909,423	29326,215	22525,628	29326,215	25275,422	32751,551	26198,097	29326,215	44239,66	28916,369	38560,131
402,082735	"C05983;"	"Propionyladenylate;Propionyl-adenosine monophosphate;"	"Propanoate metabolism; "	"-0,00071718;"	"C13H18N5O8P;"	8142,539	8961,017	7505,789	10101,574	8614,016	8218,267	7256,085	7924,65	7853,365	7188,258	8294,922	10301,013	7505,789	7647,967	8218,267	7784,482	7647,967	7716,232	7716,232	6899,331	7716,232	7994,953	8142,539	8218,267	8218,267	7716,232	7137,774	7716,232	3129,838	3129,838	3590,452	3016,164	3650,445	2726,287	2955,287	3346,171	3838,795	2786,581	3590,452	3129,838	2842,579	3268,716	3076,797	2101,151	3346,171	2570,057	2276,128	2570,057	2570,057
402,994708	"C00015;"	"UDP;"	"Pyrimidine metabolism; "	"0,0002083;"	"C9H14N2O12P2;"	80046,667	93625,847	68083,188	63046,749	76758,604	89940,981	65238,105	70766,598	86508,976	107477,23	73770,686	68083,188	80046,667	102261,677	76758,604	65238,105	73770,686	107477,23	70766,598	93625,847	93625,847	89940,981	93625,847	83303,119	93625,847	113353,365	86508,976	102261,677	58867,047	107477,23	80046,667	97564,373	107477,23	93625,847	107477,23	128031,552	73770,686	86508,976	128031,552	65238,105	68083,188	83303,119	58867,047	93625,847	89940,981	73770,686	137274,629	86508,976	76758,604
410,027289	"C00206;"	"dADP;"	"Purine metabolism; "	"-6,9887e-05;"	"C10H15N5O9P2;"	14156,772	17732,538	14804,855	15443,458	15279,027	14632,005	13293,728	16375,671	15443,458	21976,279	17329,056	13411,368	15806,441	16775,321	13848,05	10824,496	15443,458	18728,925	15135,679	14632,005	15135,679	14316,423	20889,51	16179,584	19429,782	21175,657	15605,152	15135,679	8614,016	13162,691	11824,371	11952,761	13162,691	15135,679	11952,761	15806,441	11952,761	12658,182	17329,056	15605,152	8759,339	12777,624	12899,375	12777,624	13699,069	13567,485	15806,441	11470,152	13699,069
411,015023	"C01344;"	"dIDP;2'-Deoxyinosine-5'-diphosphate;2'-Deoxyinosine 5'-diphosphate;"	"Purine metabolism; "	"-0,0037878;"	"C10H14N4O10P2;"	4037,444	4993,251	4472,211	4765,777	4583,734	3714,873	5204,805	4707,098	4472,211	4356,912	5153,345	5638,371	4938,635	4037,444	5102,518	5638,371	5638,371	6606,72	4993,251	4993,251	6116,18	6838,178	8857,778	7256,085	5427,675	7188,258	8378,568	8532,627	2419,272	3463,951	3784,446	3346,171	5048,268	4099,259	4286,414	6383,775	4646,607	4037,444	12288,663	5314,068	5793,285	9423,929	4286,414	4821,525	11119,409	7446,03	4037,444	11119,409	4099,259
418,02507	"C14861;"	"S-(2,2-Dichloro-1-hydroxy)ethyl;"		"-0,00027499;"	"C12H19Cl2N3O7S;"	113353,365	80046,667	55250,989	307961,697	102261,677	113353,365	155322,021	208589,096	83303,119	58867,047	167327,673	192994,105	86508,976	120280,496	137274,629	179830,904	86508,976	73770,686	167327,673	128031,552	89940,981	113353,365	86508,976	146543,177	102261,677	93625,847	137274,629	113353,365	241234,48	335682,082	456315,526	307961,697	363549,095	406123,146	335682,082	363549,095	363549,095	363549,095	335682,082	363549,095	283339,771	406123,146	456315,526	260072,251	363549,095	406123,146	260072,251	363549,095	283339,771
424,034521	"C00068;"	"Thiamine diphosphate;"	"Glycolysis / Gluconeogenesis; Citrate cycle (TCA cycle); Valine, leucine and isoleucine degradation; Pyruvate metabolism; Propanoate metabolism; Thiamine metabolism; "	"0,0031658;"	"C12H19N4O7P2S;"	1714,424	1904,165	1573,613	1573,613	1749,51	1867,742	1411,597	1609,073	1411,597	2368,072	1788,828	1573,613	2019,415	1943,728	1749,51	1285,491	2019,415	2368,072	1476,779	1573,613	1680,267	1826,456	1826,456	2143,424	1609,073	1943,728	1476,779	1541,257	1609,073	1981,903	1981,903	1224,518	2419,272	2514,257	1826,456	2368,072	2276,128	2228,98	3076,797	2670,202	1347,497	2276,128	2468,957	1826,456	2955,287	2670,202	1645,874	2955,287	2955,287
426,022994	"C00008;C00361;C00054;"	"ADP;dGDP;Adenosine 3',5'-bisphosphate;"	"Oxidative phosphorylation; Purine metabolism; Purine metabolism; Purine metabolism; Pantothenate and CoA biosynthesis; Sulfur metabolism; "	"-0,0008598;-0,0008598;-0,0008598;"	"C10H15N5O10P2;C10H15N5O10P2;C10H15N5O10P2;"	307961,697	406123,146	307961,697	335682,082	307961,697	283339,771	283339,771	363549,095	335682,082	406123,146	307961,697	307961,697	456315,526	406123,146	283339,771	260072,251	335682,082	456315,526	335682,082	307961,697	406123,146	406123,146	456315,526	406123,146	456315,526	546847,997	307961,697	335682,082	283339,771	307961,697	335682,082	241234,48	307961,697	335682,082	283339,771	335682,082	283339,771	283339,771	363549,095	456315,526	224591,987	307961,697	335682,082	335682,082	335682,082	260072,251	456315,526	307961,697	241234,48
433,331613	"C04554;"	"3alpha,7alpha-Dihydroxy-5beta-cholestanate;3alpha,7alpha-Dihydroxy-5beta-cholestanoate;"		"0,00071498;"	"C27H46O4;"	3129,838	2895,158	3016,164	2895,158	2786,581	3399,303	3129,838	3463,951	3268,716	2570,057	2955,287	2670,202	2670,202	2895,158	2570,057	2670,202	3076,797	2570,057	2468,957	2842,579	3784,446	3650,445	3200,719	3076,797	3076,797	2955,287	3129,838	2670,202	6899,331	2143,424	2670,202	3905,258	2368,072	2621,185	2895,158	2786,581	2228,98	2621,185	3129,838	2621,185	2228,98	2320,272	2186,359	3346,171	1981,903	2419,272	2320,272	2060,492	2419,272
442,016919	"C00035;"	"GDP;"	"Purine metabolism; "	"0,0001296;"	"C10H15N5O11P2;"	42161,797	63046,749	39390,762	35094,197	46788,649	53481,724	41155,247	39390,762	60874,233	60874,233	45425,129	35094,197	46788,649	58867,047	38560,131	35722,016	45425,129	63046,749	48066,173	49337,269	42161,797	50856,24	52261,882	45425,129	55250,989	76758,604	44239,66	33909,423	32751,551	56916,467	43140,783	49337,269	58867,047	49337,269	55250,989	80046,667	43140,783	52261,882	68083,188	60874,233	40298,794	56916,467	50856,24	65238,105	58867,047	52261,882	93625,847	46788,649	58867,047
442,149871	"C00415;"	"7,8-Dihydrofolate;"	"One carbon pool by folate; Folate biosynthesis; "	"-0,0018208;"	"C19H21N7O6;"	6060,281	6221,166	6331,236	5903,547	6487,74	5427,675	5585,042	5153,345	7784,482	5638,371	5850,368	5903,547	3905,258	9336,569	4821,525	5265,146	6060,281	7381,784	5850,368	6383,775	8455,93	4524,713	4583,734	4410,701	5265,146	5265,146	3838,795	4938,635	2320,272	2019,415	2621,185	2514,257	2228,98	2468,957	2468,957	2419,272	2514,257	2570,057	2143,424	3016,164	2468,957	2670,202	2786,581	2143,424	2228,98	2786,581	1981,903	2514,257	2895,158
446,086753	"C05691;"	"Se-Adenosylselenomethionine;"		"-0,0045191;"	"C15H23N6O5Se;"	1981,903	1749,51	1788,828	2276,128	1714,424	1645,874	2019,415	1826,456	1609,073	1714,424	1943,728	2468,957	1867,742	1749,51	2101,151	1943,728	1904,165	1541,257	1981,903	1867,742	2143,424	1680,267	2143,424	2621,185	1476,779	1714,424	1867,742	2186,359	1411,597	1541,257	1609,073	1190,065	1573,613	1714,424	1378,471	1252,495	1788,828	1445,852	1157,231	1476,779	1680,267	1541,257	1645,874	1252,495	1573,613	1645,874	1190,065	1315,732	1378,471
450,130193	"C14791;C14792;C14793;"	"(1R)-Hydroxy-(2R)-glutathionyl-1,2-dihydronaphthalene;(1S)-Hydroxy-(2S)-glutathionyl-1,2-dihydronaphthalene;(1R)-Glutathionyl-(2R)-hydroxy-1,2-dihydronaphthalene;"		"0,0038466;0,0038466;0,0038466;"	"C20H25N3O7S;C20H25N3O7S;C20H25N3O7S;"	5370,191	5314,068	3838,795	4167,492	5793,285	4472,211	2570,057	3346,171	4993,251	4765,777	3076,797	3972,678	5692,41	4410,701	2955,287	3200,719	6383,775	4883,859	2726,287	2570,057	4993,251	4286,414	2842,579	3200,719	4765,777	4583,734	2842,579	3346,171	1252,495	2060,492	2320,272	2419,272	2019,415	2101,151	1867,742	1609,073	2955,287	2368,072	1788,828	2186,359	1943,728	1981,903	2670,202	1411,597	1943,728	1943,728	1867,742	1826,456	2276,128
462,067765	"C03794;"	"N6-(1,2-Dicarboxyethyl)-AMP;"	"Purine metabolism; Alanine, aspartate and glutamate metabolism; "	"-0,0010029;"	"C14H18N5O11P;"	3784,446	2468,957	2955,287	2621,185	3590,452	2786,581	3784,446	4037,444	3784,446	3016,164	3200,719	3905,258	3463,951	3268,716	3972,678	3905,258	4821,525	4099,259	2955,287	3399,303	4286,414	4037,444	5743,024	5048,268	4472,211	4646,607	4099,259	5427,675	1476,779	2842,579	2786,581	1943,728	2786,581	2895,158	2419,272	2276,128	3129,838	1904,165	2514,257	3838,795	2320,272	2842,579	2726,287	1943,728	3129,838	3129,838	2186,359	3714,873	1867,742
465,982463	"C00458;"	"dCTP;"	"Pyrimidine metabolism; "	"-0,00014661;"	"C9H16N3O13P3;"	11470,152	10194,26	8142,539	8532,627	9722,271	11007,798	7716,232	11119,409	11710,076	13293,728	8759,339	11007,798	12418,66	9814,399	13029,719	9814,399	11347,143	12418,66	12777,624	12658,182	11347,143	11824,371	13699,069	12899,375	11952,761	10824,496	12288,663	14980,585	4472,211	10703,245	8142,539	10824,496	9999,509	6606,72	9814,399	9619,861	7188,258	8961,017	11710,076	8294,922	5204,805	7784,482	5903,547	7188,258	8857,778	7994,953	11229,814	8961,017	9053,155
468,065617	"C05125;"	"2-(alpha-Hydroxyethyl)thiamine2-Hydroxyethyl-ThPP;"	"Glycolysis / Gluconeogenesis; Citrate cycle (TCA cycle); Pyruvate metabolism; "	"-0,0017153;"	"C14H23N4O8P2S;"	1680,267	1411,597	1680,267	1788,828	1645,874	1252,495	1252,495	1943,728	1090,849	1788,828	1541,257	1904,165	1573,613	1609,073	1981,903	1445,852	2276,128	1252,495	1510,972	2019,415	1190,065	1378,471	1378,471	1680,267	1510,972	1445,852	1285,491	2019,415	1315,732	1445,852	1378,471	1252,495	1124,477	1378,471	1090,849	1411,597	1867,742	869,954	1347,497	1943,728	951,594	1476,779	1749,51	740,812	1445,852	1981,903	1347,497	1510,972	1714,424
480,982246	"C00459;"	"dTTP;"	"Pyrimidine metabolism; "	"-0,00026458;"	"C10H17N2O14P3;"	43140,783	28476,175	29326,215	48066,173	33284,592	30261,908	40298,794	46788,649	35722,016	26506,474	36390,623	44239,66	30708,154	26198,097	32203,252	44239,66	29326,215	23844,57	37059,876	36390,623	27662,243	26506,474	30708,154	35722,016	26869,418	25275,422	35722,016	35722,016	43140,783	55250,989	53481,724	52261,882	50856,24	48066,173	73770,686	53481,724	44239,66	50856,24	48066,173	43140,783	44239,66	48066,173	41155,247	35094,197	50856,24	44239,66	38560,131	43140,783	41155,247
481,976621	"C00063;"	"CTP;"	"Pyrimidine metabolism; "	"0,00060984;"	"C9H16N3O14P3;"	27273,603	24943,198	18728,925	20372,858	22781,13	29326,215	21465,657	24125,481	33909,423	26198,097	20131,453	24943,198	27273,603	19890,342	28476,175	24657,653	22781,13	23303,629	29326,215	32203,252	20889,51	27273,603	24401,844	27273,603	22525,628	22275,203	28916,369	31205,466	25871,016	40298,794	26506,474	37059,876	33909,423	21175,657	38560,131	33909,423	22781,13	35722,016	35722,016	21175,657	17329,056	24943,198	18143,239	23844,57	27662,243	24401,844	33909,423	33284,592	23844,57
482,961535	"C00075;"	"UTP;"	"Pyrimidine metabolism; "	"-0,00028815;"	"C9H15N2O15P3;"	49337,269	45425,129	31205,466	29764,071	39390,762	44239,66	32751,551	35722,016	48066,173	33284,592	26506,474	40298,794	39390,762	32203,252	41155,247	41155,247	39390,762	35094,197	43140,783	50856,24	37778,723	40298,794	36390,623	42161,797	33909,423	30261,908	38560,131	49337,269	28476,175	63046,749	37778,723	53481,724	46788,649	26198,097	53481,724	46788,649	29326,215	45425,129	46788,649	28476,175	24657,653	27662,243	21175,657	31205,466	37778,723	28078,326	58867,047	41155,247	26869,418
489,991993	"C00131;"	"dATP;"	"Purine metabolism; "	"0,0015567;"	"C10H16N5O12P3;"	18728,925	18961,066	16005,385	16179,584	17732,538	16588,741	15806,441	16179,584	19188,413	17732,538	15279,027	17329,056	17732,538	16005,385	17732,538	15135,679	17329,056	20889,51	16588,741	16179,584	16775,321	16775,321	18342,471	17329,056	18961,066	17329,056	17732,538	17329,056	8532,627	17329,056	16588,741	11824,371	13293,728	14632,005	12658,182	13411,368	12777,624	13029,719	15806,441	19667,392	8455,93	11007,798	14316,423	9619,861	14980,585	14316,423	15443,458	12777,624	14464,787
496,095755	"C15976;"	"2-Methyl-1-hydroxypropyl-ThPP;2-Methyl-1-hydroxypropyl-TPP;"	"Valine, leucine and isoleucine degradation; "	"-0,00055388;"	"C16H27N4O8P2S;"	1347,497	1090,849	1285,491	1411,597	869,954	1124,477	1788,828	1224,518	1252,495	1378,471	1476,779	1190,065	1285,491	1347,497	1124,477	1022,926	1055,874	913,091	1055,874	1285,491	1378,471	1190,065	1541,257	1157,231	1224,518	1285,491	1124,477	1411,597	785,327	951,594	1347,497	1124,477	986,079	2019,415	913,091	1055,874	2726,287	1124,477	869,954	3268,716	785,327	1252,495	2060,492	1124,477	785,327	3529,499	785,327	986,079	3590,452
505,988296	"C00002;C00286;"	"ATP;dGTP;"	"Oxidative phosphorylation; Purine metabolism; Bacterial secretion system; Purine metabolism; "	"0,00016872;0,00016872;"	"C10H16N5O13P3;C10H16N5O13P3;"	260072,251	208589,096	167327,673	208589,096	208589,096	179830,904	192994,105	241234,48	208589,096	167327,673	120280,496	260072,251	241234,48	167327,673	192994,105	192994,105	241234,48	167327,673	241234,48	192994,105	192994,105	241234,48	224591,987	224591,987	192994,105	137274,629	192994,105	224591,987	167327,673	260072,251	283339,771	208589,096	224591,987	155322,021	241234,48	208589,096	146543,177	241234,48	283339,771	224591,987	128031,552	155322,021	155322,021	155322,021	260072,251	137274,629	224591,987	208589,096	107477,23
506,969061	"C00081;"	"ITP;"	"Purine metabolism; "	"0,0034189;"	"C10H15N4O14P3;"	8218,267	8857,778	7647,967	6170,27	8857,778	7784,482	6275,184	6784,146	7446,03	8455,93	6170,27	7853,365	8687,593	7256,085	10824,496	6956,283	10505,874	8857,778	7994,953	8759,339	7580,358	9243,609	9999,509	9423,929	8614,016	8455,93	8961,017	10407,412	2368,072	4224,542	5743,024	4224,542	4286,414	5743,024	3650,445	4099,259	6275,184	4524,713	6116,18	8073,111	2786,581	4993,251	7256,085	5638,371	7647,967	8614,016	6060,281	8142,539	10407,412
510,110894	"C15974;C15978;"	"3-Methyl-1-hydroxybutyl-ThPP;3-Methyl-1-hydroxybutyl-TPP;2-Methyl-1-hydroxybutyl-ThPP;2-Methyl-1-hydroxybutyl-TPP;"	"Valine, leucine and isoleucine degradation; Valine, leucine and isoleucine degradation; "	"-4,2145e-05;-4,2145e-05;"	"C17H29N4O8P2S;C17H29N4O8P2S;"	1124,477	951,594	1609,073	1347,497	1252,495	986,079	1445,852	1315,732	913,091	913,091	1157,231	1157,231	951,594	913,091	1411,597	1315,732	1157,231	740,812	1190,065	740,812	1090,849	1022,926	827,83	1090,849	785,327	1055,874	692,339	1285,491	1090,849	1022,926	1541,257	1315,732	1190,065	1645,874	1055,874	827,83	2143,424	785,327	827,83	2019,415	1224,518	1022,926	1541,257	367,432	1055,874	2842,579	692,339	1285,491	2514,257
520,072992	"C11435;"	"4-(cytidine 5'-diphospho)-2-C-methyl-D-erythritol;"	"Terpenoid backbone biosynthesis; "	"0,00090252;"	"C14H25N3O14P2;"	2320,272	2228,98	2186,359	1867,742	2228,98	2621,185	1904,165	2368,072	3346,171	2895,158	2670,202	2955,287	2726,287	2276,128	3200,719	2368,072	2955,287	3529,499	3076,797	2670,202	4224,542	3076,797	3590,452	3463,951	2786,581	2570,057	2570,057	3590,452	1826,456	1411,597	2228,98	1055,874	1022,926	1788,828	1315,732	1788,828	1826,456	1411,597	1714,424	1788,828	1788,828	1943,728	1981,903	1285,491	2368,072	3590,452	1680,267	3200,719	3714,873
521,982832	"C00044;"	"GTP;"	"Purine metabolism; Riboflavin metabolism; Folate biosynthesis; Biofilm formation; Sulfur relay system; "	"0,00054722;"	"C10H16N5O14P3;"	40298,794	49337,269	21976,279	25871,016	38560,131	40298,794	32203,252	27662,243	49337,269	44239,66	26198,097	36390,623	41155,247	39390,762	34463,509	32203,252	36390,623	44239,66	38560,131	40298,794	27273,603	48066,173	34463,509	36390,623	32203,252	33909,423	36390,623	32203,252	28078,326	60874,233	42161,797	43140,783	48066,173	28078,326	49337,269	52261,882	32751,551	48066,173	60874,233	46788,649	30708,154	39390,762	38560,131	38560,131	55250,989	37059,876	52261,882	48066,173	32203,252
530,055843	"C04297;"	"CDP-4-dehydro-3,6-dideoxy-D-glucose;CDP-3,6-dideoxy-D-erythro-hexos-4-ulose;CDP-4-dehydro-3,6-dideoxy-alpha-D-glucose;"	"Amino sugar and nucleotide sugar metabolism; "	"0,0024009;"	"C15H23N3O14P2;"	3346,171	2143,424	2621,185	9336,569	3784,446	4286,414	5743,024	7994,953	3650,445	2060,492	7074,562	6956,283	2842,579	3838,795	5638,371	6432,934	2786,581	3200,719	7137,774	5204,805	3399,303	3399,303	4037,444	5743,024	3129,838	3463,951	5265,146	5903,547	2570,057	8961,017	9150,73	6432,934	6899,331	8614,016	10505,874	9999,509	7381,784	9053,155	8961,017	7580,358	9619,861	8614,016	8218,267	6116,18	10824,496	7924,65	5638,371	7924,65	8378,568
546,050472	"C01219;"	"CDP-4-dehydro-6-deoxy-D-glucose;"	"Amino sugar and nucleotide sugar metabolism; "	"0,0026873;"	"C15H23N3O15P2;"	76758,604	38560,131	41155,247	155322,021	68083,188	65238,105	97564,373	137274,629	70766,598	28078,326	97564,373	128031,552	44239,66	63046,749	80046,667	137274,629	43140,783	36390,623	113353,365	73770,686	68083,188	55250,989	44239,66	68083,188	53481,724	53481,724	80046,667	68083,188	83303,119	283339,771	307961,697	260072,251	283339,771	307961,697	363549,095	307961,697	241234,48	335682,082	260072,251	192994,105	307961,697	335682,082	208589,096	224591,987	307961,697	224591,987	167327,673	283339,771	167327,673
547,073247	"C03319;"	"dTDP-6-deoxy-L-mannose;"	"Streptomycin biosynthesis; Polyketide sugar unit biosynthesis; "	"0,00031334;"	"C16H26N2O15P2;"	102261,677	83303,119	83303,119	76758,604	86508,976	76758,604	76758,604	73770,686	93625,847	73770,686	70766,598	76758,604	83303,119	76758,604	70766,598	73770,686	97564,373	83303,119	89940,981	80046,667	107477,23	86508,976	89940,981	93625,847	107477,23	83303,119	97564,373	107477,23	33909,423	102261,677	76758,604	58867,047	97564,373	76758,604	102261,677	107477,23	76758,604	80046,667	107477,23	83303,119	80046,667	76758,604	63046,749	68083,188	107477,23	76758,604	89940,981	97564,373	68083,188
558,063387	"C02741;C00301;"	"1-(5-Phosphoribosyl)-AMP;ADP-ribose;ADP-D-ribose;Adenosine diphosphate ribose;"	"Histidine metabolism; Purine metabolism; "	"0,0010054;0,0010054;"	"C15H23N5O14P2;C15H23N5O14P2;"	48066,173	44239,66	5427,675	46788,649	36390,623	28078,326	8614,016	55250,989	21175,657	27662,243	7924,65	58867,047	30261,908	26506,474	29326,215	15605,152	33909,423	48066,173	16375,671	13699,069	16179,584	37059,876	19667,392	37778,723	43140,783	44239,66	13293,728	40298,794	17534,452	31696,752	107477,23	23548,513	26869,418	50856,24	19188,413	24401,844	63046,749	13699,069	25581	23303,629	13567,485	17732,538	39390,762	18728,925	21465,657	33284,592	32203,252	21976,279	56916,467
561,256726	"C02191;"	"Protoporphyrin;"	"Porphyrin and chlorophyll metabolism; "	"-0,0060019;"	"C34H34N4O4;"	7580,358	7505,789	7446,03	12173,498	7853,365	7994,953	7924,65	7580,358	8857,778	6383,775	7323,259	9336,569	7074,562	7446,03	7924,65	9423,929	7188,258	7505,789	8687,593	8378,568	7994,953	8073,111	7074,562	7381,784	8532,627	7994,953	8294,922	9243,609	10194,26	10101,574	9722,271	14156,772	10101,574	9053,155	13699,069	11119,409	9999,509	11229,814	10824,496	9898,467	11594,325	8218,267	8532,627	8218,267	8142,539	8455,93	10407,412	9243,609	9423,929
563,068321	"C00842;C02097;"	"dTDPglucose;dTDP-galactose;dTDP-D-galactose;"	"Streptomycin biosynthesis; Polyketide sugar unit biosynthesis; Acarbose and validamycin biosynthesis; "	"0,00015349;0,00015349;"	"C16H26N2O16P2;C16H26N2O16P2;"	9053,155	11952,761	11119,409	9814,399	8687,593	10824,496	8759,339	10301,013	11119,409	10824,496	8961,017	12418,66	8378,568	10602,959	11470,152	9999,509	8759,339	11952,761	12068,386	11229,814	10505,874	10910,558	13411,368	12658,182	11119,409	12068,386	11347,143	14001,699	2186,359	6116,18	6331,236	5048,268	5370,191	6060,281	4037,444	7188,258	6060,281	3838,795	7256,085	6547,782	4938,635	5479,703	5265,146	4993,251	7019,252	5585,042	6838,178	6060,281	5743,024
565,047165	"C00029;C00052;"	"UDPglucose;UDPgalactose;"	"Pentose and glucuronate interconversions; Galactose metabolism; Ascorbate and aldarate metabolism; Pyrimidine metabolism; Starch and sucrose metabolism; Amino sugar and nucleotide sugar metabolism; Glycerolipid metabolism; Galactose metabolism; Amino sugar and nucleotide sugar metabolism; "	"0,00057401;0,00057401;"	"C15H24N2O17P2;C15H24N2O17P2;"	73770,686	89940,981	53481,724	50856,24	73770,686	80046,667	55250,989	56916,467	76758,604	80046,667	63046,749	60874,233	73770,686	80046,667	68083,188	60874,233	80046,667	89940,981	73770,686	70766,598	102261,677	102261,677	83303,119	73770,686	97564,373	107477,23	89940,981	83303,119	37059,876	113353,365	56916,467	113353,365	120280,496	63046,749	93625,847	120280,496	58867,047	65238,105	113353,365	68083,188	65238,105	73770,686	46788,649	73770,686	93625,847	70766,598	102261,677	102261,677	83303,119
572,135679	"C05921;"	"Biotinyl-5'-AMP;"	"Biotin metabolism; "	"-0,0022776;"	"C20H28N7O9PS;"	5048,268	3905,258	3076,797	3463,951	4765,777	4099,259	3714,873	3905,258	5903,547	4524,713	3905,258	3590,452	3399,303	4099,259	3714,873	4099,259	4224,542	5265,146	4765,777	5427,675	5743,024	5204,805	4410,701	4356,912	4821,525	4821,525	5534,838	5585,042	1788,828	1714,424	3529,499	1285,491	2101,151	3346,171	2570,057	2570,057	4099,259	1981,903	2101,151	4993,251	2570,057	2186,359	3268,716	2368,072	2842,579	4356,912	7323,259	4167,492	6060,281
573,199496	"C09332;"	"THF-L-glutamate;Tetrahydropteroyldiglutamate;(6S)-H4PteGlu2;"	"Folate biosynthesis; "	"0,0067976;"	"C24H30N8O9;"	4167,492	3016,164	3590,452	3590,452	3650,445	3346,171	3650,445	2842,579	2621,185	2276,128	3016,164	4167,492	2621,185	3016,164	3529,499	3463,951	3016,164	2670,202	3346,171	3076,797	2895,158	2726,287	3129,838	2726,287	2726,287	3076,797	3076,797	3268,716	2955,287	2368,072	3016,164	3463,951	3346,171	2955,287	3346,171	2726,287	3529,499	2895,158	2670,202	2955,287	3784,446	2895,158	3200,719	2786,581	2186,359	2955,287	2726,287	3016,164	2670,202
574,163235	"C14855;C14856;"	"4,5-Dihydro-4-hydroxy-5-S-glutathionyl-benzo[a]pyrene;7,8-Dihydro-7-hydroxy-8-S-glutathionyl-benzo[a]pyrene;"		"0,0021045;0,0021045;"	"C30H29N3O7S;C30H29N3O7S;"	2419,272	1867,742	2060,492	1749,51	2143,424	1714,424	2419,272	2143,424	2228,98	1981,903	2101,151	1943,728	1826,456	2019,415	1826,456	2186,359	2060,492	2320,272	1943,728	2228,98	2019,415	2143,424	1943,728	2019,415	1541,257	1904,165	2320,272	2276,128	2060,492	2276,128	1826,456	1826,456	1788,828	1981,903	1904,165	1714,424	1645,874	1476,779	951,594	1445,852	1981,903	1749,51	1680,267	1749,51	1411,597	1476,779	1788,828	1714,424	1510,972
576,07432	"C04896;C04916;"	"1-(5-Phosphoribosyl)-5-[(5-phosphoribosylamino)methylideneamino]imidazole-4-carboxamide;5-[(5-phospho-1-deoxyribulos-1-ylamino)methylideneamino]-1-(5-phosphoribosyl)imidazole-4-carboxamide;"	"Histidine metabolism; Histidine metabolism; "	"0,00063674;0,00063674;"	"C15H25N5O15P2;C15H25N5O15P2;"	1510,972	544,963	740,812	913,091	1609,073	869,954	1190,065	1904,165	1055,874	1445,852	1124,477	1749,51	1190,065	1445,852	1476,779	827,83	1378,471	1867,742	1378,471	426,015	1573,613	1981,903	2786,581	2276,128	2419,272	2320,272	2514,257	2842,579	426,015	785,327	1252,495	487,946	951,594	1252,495	692,339	913,091	1190,065	692,339	1411,597	1190,065	544,963	1445,852	1714,424	487,946	1476,779	1445,852	426,015	1157,231	1022,926
583,210644	"C03516;"	"MagnesiumMagnesium protoporphyrin IX;Mg-protoporphyrin IX;"	"Porphyrin and chlorophyll metabolism; "	"0,0094728;"	"C34H32MgN4O4;"	2842,579	2019,415	3529,499	3529,499	2955,287	2670,202	2842,579	3268,716	2514,257	2468,957	3268,716	3129,838	2276,128	2186,359	2621,185	3076,797	2570,057	2419,272	3016,164	2786,581	2419,272	2621,185	2670,202	2955,287	2570,057	2228,98	2895,158	2786,581	12068,386	2186,359	3129,838	2726,287	2468,957	3268,716	2228,98	2468,957	3016,164	2419,272	2320,272	2468,957	2621,185	2228,98	2955,287	2186,359	2101,151	2514,257	2514,257	2228,98	2143,424
588,070556	"C00498;C03117;"	"ADPglucose;GDP-6-deoxy-D-mannose;GDP-D-rhamnose;GDP-6-deoxy-alpha-D-mannose;GDP-alpha-D-rhamnose;"	"Starch and sucrose metabolism; Amino sugar and nucleotide sugar metabolism; Fructose and mannose metabolism; Amino sugar and nucleotide sugar metabolism; "	"0,0044012;0,0044012;"	"C16H25N5O15P2;C16H25N5O15P2;"	3399,303	4167,492	2570,057	2786,581	3346,171	3784,446	2514,257	4167,492	3838,795	4167,492	3129,838	3268,716	4410,701	3714,873	4472,211	3129,838	4167,492	4646,607	4356,912	4167,492	3650,445	3838,795	4472,211	4099,259	4167,492	3972,678	3905,258	4286,414	986,079	1867,742	2514,257	1022,926	3016,164	2842,579	1476,779	3268,716	3346,171	1867,742	4472,211	4583,734	2019,415	4765,777	3784,446	2514,257	6784,146	4583,734	2143,424	6606,72	5427,675
601,942767	"C01228;"	"Guanosine 3',5'-bis(diphosphate);"	"Purine metabolism; "	"0,0069423;"	"C10H17N5O17P4;"	6275,184	7924,65	5585,042	6275,184	5534,838	6838,178	4821,525	5903,547	7256,085	7381,784	5102,518	6008,64	6606,72	6669,24	6116,18	5370,191	6606,72	5903,547	5743,024	7188,258	5427,675	5954,75	6487,74	6547,782	5793,285	6383,775	5793,285	7074,562	2228,98	3346,171	3200,719	4099,259	2726,287	2786,581	3838,795	2895,158	4224,542	3268,716	3905,258	3200,719	2101,151	2419,272	2895,158	2060,492	2514,257	3714,873	4472,211	3838,795	3838,795
604,068223	"C00096;"	"GDP-D-mannose;"	"Fructose and mannose metabolism; Ascorbate and aldarate metabolism; Amino sugar and nucleotide sugar metabolism; "	"0,0016489;"	"C16H25N5O16P2;"	3463,951	4765,777	2842,579	2955,287	4707,098	4167,492	4099,259	3838,795	4037,444	4646,607	3346,171	4472,211	5314,068	4765,777	4410,701	4224,542	4286,414	6383,775	4167,492	5479,703	4356,912	5850,368	5692,41	6008,64	5903,547	6221,166	5102,518	5204,805	1285,491	5692,41	2895,158	2019,415	5204,805	3784,446	3016,164	6331,236	4037,444	3972,678	6275,184	5153,345	3463,951	5743,024	4356,912	4583,734	8294,922	5102,518	5585,042	7853,365	5102,518
606,074086	"C00203;C00043;C01170;"	"UDP-N-acetyl-D-galactosamine;UDP-N-acetyl-D-glucosamine;UDP-N-acetyl-D-mannosamine;"	"Amino sugar and nucleotide sugar metabolism; Amino sugar and nucleotide sugar metabolism; Lipopolysaccharide biosynthesis; Peptidoglycan biosynthesis; Amino sugar and nucleotide sugar metabolism; "	"0,00020196;0,00020196;0,00020196;"	"C17H27N3O17P2;C17H27N3O17P2;C17H27N3O17P2;"	93625,847	107477,23	80046,667	68083,188	89940,981	86508,976	80046,667	76758,604	107477,23	86508,976	80046,667	86508,976	76758,604	93625,847	86508,976	80046,667	93625,847	120280,496	102261,677	89940,981	128031,552	120280,496	120280,496	102261,677	113353,365	102261,677	107477,23	137274,629	15135,679	86508,976	65238,105	23036,673	55250,989	60874,233	37778,723	68083,188	60874,233	33909,423	83303,119	70766,598	39390,762	53481,724	53481,724	33909,423	68083,188	53481,724	40298,794	65238,105	43140,783
611,144731	"C00127;"	"Oxidized glutathione;"	"Glutathione metabolism; "	"-5,0339e-05;"	"C20H32N6O12S2;"	63046,749	73770,686	21733,577	83303,119	65238,105	68083,188	42161,797	89940,981	35094,197	65238,105	37778,723	120280,496	50856,24	60874,233	120280,496	93625,847	58867,047	80046,667	128031,552	37778,723	38560,131	93625,847	146543,177	137274,629	65238,105	68083,188	102261,677	128031,552	24657,653	73770,686	83303,119	70766,598	32203,252	58867,047	37059,876	39390,762	65238,105	53481,724	53481,724	73770,686	24125,481	42161,797	56916,467	25871,016	32751,551	58867,047	53481,724	49337,269	63046,749
615,169355	"C00032;"	"Protoheme;"	"Porphyrin and chlorophyll metabolism; ABC transporters; "	"0,00066192;"	"C34H32FeN4O4;"	2514,257	2060,492	2670,202	2419,272	1826,456	1680,267	2060,492	2570,057	2101,151	2186,359	2570,057	2320,272	2060,492	2320,272	2419,272	2621,185	1609,073	2276,128	2895,158	2143,424	2276,128	2228,98	2368,072	2101,151	1943,728	2060,492	2955,287	2320,272	5427,675	2621,185	2101,151	3200,719	2514,257	1904,165	2726,287	3016,164	2842,579	2514,257	2368,072	2368,072	2726,287	2060,492	2320,272	2570,057	2570,057	2019,415	3346,171	2186,359	1981,903
618,08467	"C06397;C06398;"	"ADP-D-glycero-beta-D-manno-heptose;ADP-L-glycero-beta-D-manno-heptose;"	"Lipopolysaccharide biosynthesis; Lipopolysaccharide biosynthesis; "	"0,00085204;0,00085204;"	"C17H27N5O16P2;C17H27N5O16P2;"	5204,805	6606,72	5153,345	4821,525	5265,146	5692,41	4410,701	6008,64	5793,285	6669,24	3784,446	5048,268	5479,703	5534,838	4707,098	3399,303	5265,146	6784,146	5638,371	5102,518	6383,775	7137,774	6275,184	5638,371	5743,024	5850,368	4993,251	5743,024	3268,716	7446,03	5102,518	6170,27	6784,146	4037,444	4993,251	7256,085	4765,777	5479,703	6784,146	6487,74	3529,499	5370,191	4765,777	6060,281	6116,18	4224,542	5743,024	5793,285	5204,805
620,052107	"C04573;"	"UDP-N-acetyl-2-amino-2-deoxy-D-glucuronate;UDP-N-acetyl-D-glucosaminuronate;UDP-N-acetyl-2-amino-2-deoxy-alpha-D-glucuronate;"	"Amino sugar and nucleotide sugar metabolism; "	"0,001446;"	"C17H25N3O18P2;"	10194,26	13029,719	7381,784	7853,365	9898,467	10505,874	8294,922	12777,624	12536,373	11007,798	8378,568	14156,772	9898,467	14001,699	12173,498	10602,959	13699,069	19667,392	12658,182	12288,663	18342,471	19667,392	19429,782	16775,321	21733,577	22781,13	28078,326	24125,481	1904,165	16179,584	10194,26	7188,258	12658,182	28476,175	24401,844	21976,279	16179,584	14980,585	21175,657	15279,027	8378,568	10301,013	10910,558	12658,182	12899,375	10407,412	22275,203	11347,143	6669,24
634,143304	"C11278;"	"Aflatoxin8,9-Dihydro-8-(S-glutathionyl)-9-hydroxyaflatoxin B1;"		"-0,0084761;"	"C27H29N3O13S;"	4224,542	3346,171	1867,742	4037,444	4167,492	3200,719	3076,797	5314,068	2955,287	4099,259	2514,257	5427,675	2895,158	2419,272	6956,283	5793,285	3268,716	3650,445	6547,782	2955,287	2955,287	4099,259	7924,65	6669,24	3268,716	3714,873	5585,042	6331,236	15806,441	2320,272	3268,716	1788,828	1904,165	3129,838	1943,728	1981,903	3650,445	2320,272	1645,874	4821,525	1645,874	2368,072	2570,057	1645,874	1904,165	3399,303	3200,719	2726,287	3650,445
653,533864	"C05811;"	"2-Octaprenyl-6-hydroxyphenol;"	"Ubiquinone and other terpenoid-quinone biosynthesis; "	"-0,0035648;"	"C46H70O2;"	827,83	204,945	367,432	487,946	367,432	295,727	204,945	544,963	426,015	295,727	785,327	204,945	692,339	544,963	644,737	426,015	544,963	599,883	204,945	599,883	599,883	204,945	487,946	204,945	204,945	367,432	295,727	426,015	599,883	367,432	487,946	1090,849	295,727	367,432	785,327	295,727	295,727	544,963	295,727	295,727	487,946	295,727	487,946	599,883	367,432	152,898	367,432	487,946	367,432
661,079645	"C19725;C19745;"	"UDP-2,3-diacetamido-2,3-dideoxy-alpha-D-glucuronate;UDP-alpha-D-GlcNAc3NAcA;UDP-2,3-diacetamido-2,3-dideoxy-alpha-D-glucuronic acid;UDP-2,3-diacetamido-2,3-dideoxy-alpha-D-mannuronate;UDP-alpha-D-ManNAc3NAcA;UDP-2,3-diacetamido-2,3-dideoxy-alpha-D-mannuronic acid;"	"Amino sugar and nucleotide sugar metabolism; Amino sugar and nucleotide sugar metabolism; "	"0,00045724;0,00045724;"	"C19H28N4O18P2;C19H28N4O18P2;"	35094,197	36390,623	19890,342	20131,453	23548,513	34463,509	18728,925	23303,629	28078,326	35722,016	16939,173	18728,925	19890,342	25581	17329,056	17945,935	17131,574	26198,097	18143,239	23036,673	12658,182	23036,673	16775,321	18342,471	14316,423	17945,935	10703,245	19429,782	42161,797	70766,598	33284,592	55250,989	53481,724	20639,57	76758,604	65238,105	27662,243	73770,686	80046,667	41155,247	35722,016	55250,989	31205,466	55250,989	65238,105	35094,197	30708,154	68083,188	33909,423
663,104994	"C00003;"	"Nicotinamide adenine dinucleotide;"	"Oxidative phosphorylation; Thiamine metabolism; Nicotinate and nicotinamide metabolism; "	"0,004671;"	"C21H28N7O14P2;"	11952,761	13699,069	9053,155	6606,72	10824,496	12899,375	7446,03	7256,085	12777,624	12173,498	7446,03	6669,24	10602,959	12418,66	9053,155	8073,111	10910,558	13029,719	10505,874	9053,155	10910,558	11007,798	12068,386	10101,574	12068,386	11119,409	10407,412	10301,013	9336,569	11710,076	7647,967	6606,72	9898,467	6838,178	9336,569	10194,26	6669,24	7446,03	10301,013	10824,496	6060,281	7924,65	8294,922	6331,236	10407,412	8378,568	11007,798	11007,798	9898,467
664,117146	"C00004;"	"Nicotinamide adenine dinucleotide - reduced;"	"Oxidative phosphorylation; "	"0,00034468;"	"C21H29N7O14P2;"	1867,742	3650,445	2228,98	2368,072	2726,287	2842,579	1680,267	2186,359	2786,581	3590,452	1510,972	1788,828	2786,581	2726,287	2368,072	2101,151	2895,158	2955,287	2019,415	1090,849	2670,202	2468,957	2060,492	1645,874	2276,128	2276,128	2060,492	1867,742	31696,752	19429,782	1788,828	18534,377	20889,51	2570,057	17131,574	29764,071	2368,072	15443,458	34463,509	7716,232	4286,414	16588,741	2143,424	10824,496	18534,377	2228,98	2895,158	11594,325	12418,66
678,094563	"C01050;"	"UDP-N-acetylmuramate;"	"D-Glutamine and D-glutamate metabolism; Amino sugar and nucleotide sugar metabolism; Peptidoglycan biosynthesis; "	"0,00085439;"	"C20H31N3O19P2;"	23036,673	23303,629	14316,423	18534,377	20372,858	21175,657	13848,05	19667,392	25581	22525,628	17534,452	21175,657	24943,198	18342,471	20889,51	18961,066	22275,203	22781,13	25275,422	20372,858	24401,844	26869,418	24657,653	24657,653	24401,844	24657,653	26506,474	26506,474	86508,976	31205,466	16775,321	28476,175	28476,175	17945,935	26198,097	31205,466	19667,392	28078,326	40298,794	26198,097	26198,097	28916,369	20639,57	41155,247	45425,129	36390,623	22525,628	56916,467	34463,509
681,913721	"C04494;"	"Guanosine 3'-diphosphate 5'-triphosphate;"	"Purine metabolism; "	"0,0023182;"	"C10H18N5O20P5;"	3714,873	5692,41	3905,258	4224,542	3714,873	5102,518	2895,158	3784,446	4524,713	5954,75	4167,492	3076,797	4765,777	5903,547	3905,258	2726,287	4583,734	5793,285	3784,446	4410,701	4167,492	4938,635	4286,414	4224,542	5314,068	6956,283	3784,446	3200,719	3076,797	4356,912	2726,287	2621,185	4821,525	3016,164	3076,797	6606,72	2419,272	3714,873	6956,283	2842,579	2276,128	4821,525	3529,499	4224,542	4646,607	3200,719	8218,267	4410,701	3463,951
744,08261	"C00005;"	"Nicotinamide adenine dinucleotide phosphate - reduced;"	"Glutathione metabolism; "	"0,0012106;"	"C21H30N7O17P3;"	2276,128	3529,499	1826,456	1055,874	2186,359	3650,445	2955,287	1573,613	3905,258	3529,499	2726,287	1347,497	3650,445	4356,912	1645,874	1090,849	3714,873	4821,525	2228,98	1252,495	3200,719	3346,171	1749,51	1867,742	4286,414	2842,579	1788,828	1445,852	10910,558	10301,013	3399,303	4410,701	7323,259	2670,202	5954,75	6956,283	1749,51	6221,166	9898,467	3463,951	3399,303	4037,444	2514,257	3129,838	10703,245	4524,713	3399,303	8532,627	4224,542
749,132737	"C01212;"	"UDP-N-acetylmuramoyl-L-alanine;"	"D-Glutamine and D-glutamate metabolism; Peptidoglycan biosynthesis; "	"-0,00020575;"	"C23H36N4O20P2;"	1788,828	1476,779	1022,926	1224,518	1573,613	1826,456	951,594	1378,471	1826,456	1826,456	1090,849	2101,151	1315,732	1788,828	1445,852	1124,477	1981,903	1943,728	2060,492	1788,828	2468,957	1749,51	2186,359	1347,497	1826,456	2143,424	2228,98	1315,732	3590,452	827,83	1190,065	1347,497	1055,874	1022,926	1224,518	1090,849	1445,852	1157,231	1022,926	1315,732	1090,849	1124,477	1315,732	1157,231	644,737	1347,497	2570,057	1224,518	1224,518
766,107434	"C00010;"	"Coenzyme A;"	"Fatty acid degradation; Carbapenem biosynthesis; Pantothenate and CoA biosynthesis; "	"0,0004933;"	"C21H36N7O16P3S;"	27662,243	31696,752	28916,369	6008,64	24125,481	24125,481	26869,418	9336,569	37778,723	37778,723	22525,628	7323,259	32203,252	21733,577	6669,24	9898,467	27273,603	30261,908	24943,198	27273,603	25581	25275,422	10407,412	8532,627	28476,175	26506,474	23548,513	12536,373	18143,239	12658,182	26198,097	14632,005	17534,452	24125,481	23303,629	21733,577	17534,452	21465,657	19890,342	32203,252	10505,874	14632,005	19429,782	16375,671	19188,413	17534,452	26506,474	14001,699	13848,05
775,250733	"C01217;"	"5,6,7,8-Tetrahydromethanopterin;H4MPT;THMPT;Tetrahydromethanopterin;"	"Methane metabolism; Folate biosynthesis; "	"0,0049516;"	"C30H45N6O16P;"	1224,518	1347,497	1224,518	1904,165	1541,257	1445,852	1315,732	1124,477	1224,518	1411,597	1609,073	1315,732	1981,903	1645,874	1157,231	1411,597	1826,456	1645,874	1347,497	1645,874	1055,874	1315,732	1573,613	1378,471	1573,613	1411,597	1022,926	1788,828	1680,267	1645,874	1714,424	2228,98	2276,128	1315,732	1445,852	1315,732	1541,257	1541,257	2060,492	1573,613	2368,072	1411,597	1411,597	2019,415	1867,742	1378,471	1609,073	1411,597	1904,165
784,149475	"C00016;"	"FAD;"	"Riboflavin metabolism; "	"0,00037762;"	"C27H33N9O15P2;"	18534,377	19188,413	12899,375	12288,663	16588,741	19667,392	14980,585	15806,441	18961,066	18534,377	10910,558	16375,671	16588,741	17945,935	15806,441	16775,321	16939,173	20639,57	16775,321	20131,453	17534,452	18143,239	18534,377	15806,441	16588,741	18534,377	15443,458	16375,671	29764,071	33284,592	18961,066	35094,197	28078,326	14980,585	32203,252	32203,252	17329,056	29326,215	31696,752	25871,016	17945,935	23036,673	15806,441	26869,418	24943,198	16939,173	25275,422	22525,628	18728,925
786,151875	"C01352;"	"FADH2;"	"Riboflavin metabolism; "	"0,013628;"	"C27H35N9O15P2;"	2060,492	1826,456	1315,732	1645,874	1378,471	2228,98	3016,164	2060,492	2186,359	2320,272	1445,852	1476,779	1157,231	2143,424	2019,415	2468,957	1788,828	1609,073	2320,272	2895,158	2570,057	1867,742	2419,272	2060,492	1445,852	2186,359	2101,151	1904,165	5534,838	3650,445	1943,728	5204,805	2670,202	1943,728	3905,258	3076,797	2468,957	3650,445	3399,303	2895,158	2143,424	2468,957	1788,828	4167,492	2726,287	1904,165	4583,734	2842,579	2019,415
808,117755	"C00024;"	"Acetyl-CoA;"	"Glycolysis / Gluconeogenesis; Citrate cycle (TCA cycle); Fatty acid biosynthesis; Fatty acid degradation; Synthesis and degradation of ketone bodies; Valine, leucine and isoleucine degradation; Valine, leucine and isoleucine biosynthesis; Lysine biosynthesis; Lysine degradation; Phenylalanine metabolism; Benzoate degradation; Tryptophan metabolism; beta-Alanine metabolism; Taurine and hypotaurine metabolism; Glutathione metabolism; Inositol phosphate metabolism; Pyruvate metabolism; Xylene degradation; Chloroalkane and chloroalkene degradation; Glyoxylate and dicarboxylate metabolism; Propanoate metabolism; Butanoate metabolism; Methane metabolism; Terpenoid backbone biosynthesis; "	"0,00073654;"	"C23H38N7O17P3S;"	20639,57	25275,422	14001,699	16005,385	21465,657	28476,175	16775,321	18728,925	29326,215	22781,13	16005,385	19667,392	18961,066	30261,908	21976,279	18143,239	22525,628	26506,474	21465,657	22781,13	25275,422	26198,097	20639,57	22781,13	20131,453	18728,925	16179,584	23844,57	40298,794	80046,667	19667,392	68083,188	70766,598	17329,056	70766,598	70766,598	16775,321	44239,66	70766,598	18342,471	31205,466	46788,649	21465,657	43140,783	49337,269	22781,13	49337,269	52261,882	25275,422
822,138286	"C00100;"	"Propanoyl-CoA;"	"Valine, leucine and isoleucine degradation; beta-Alanine metabolism; Xylene degradation; Glyoxylate and dicarboxylate metabolism; Propanoate metabolism; C5-Branched dibasic acid metabolism; "	"-0,0041444;"	"C24H40N7O17P3S;"	3016,164	3463,951	2468,957	1285,491	2368,072	5153,345	2276,128	2228,98	4356,912	1510,972	2320,272	2143,424	1788,828	1022,926	3399,303	1867,742	1285,491	1090,849	1022,926	3463,951	1224,518	1224,518	1411,597	951,594	1124,477	1190,065	1055,874	544,963	16939,173	17131,574	2186,359	15443,458	3714,873	2368,072	9053,155	6432,934	3714,873	10703,245	9150,73	1252,495	5903,547	4524,713	1124,477	13699,069	4765,777	2320,272	9053,155	7019,252	3529,499
836,143454	"C00136;C00630;"	"Butanoyl-CoA;2-Methylpropanoyl-CoA;2-Methylpropionyl-CoA;Isobutyryl-CoA;"	"Fatty acid degradation; Lysine degradation; Glyoxylate and dicarboxylate metabolism; Butanoate metabolism; Valine, leucine and isoleucine degradation; Phenylalanine metabolism; "	"0,0063377;0,0063377;"	"C25H42N7O17P3S;C25H42N7O17P3S;"	1541,257	2186,359	1347,497	1445,852	1411,597	2955,287	1224,518	1157,231	1645,874	1190,065	1645,874	1378,471	1124,477	1252,495	1904,165	1347,497	1124,477	1157,231	1090,849	986,079	986,079	1445,852	1252,495	1055,874	986,079	1476,779	827,83	1124,477	76758,604	11824,371	2019,415	12288,663	4472,211	2320,272	6487,74	3714,873	2786,581	5743,024	5153,345	1347,497	7784,482	3346,171	1445,852	10910,558	3016,164	1541,257	6784,146	5314,068	2468,957
845,659766	"C00348;C17556;"	"Undecaprenyl phosphate;di-trans,poly-cis-UndecaprenylUndecaprenyl phosphate;ditrans,octacis-Undecaprenyl phosphate;"	"Peptidoglycan biosynthesis; "	"-0,0015511;-0,0015511;"	"C55H91O4P;C55H91O4P;"	5692,41	4524,713	4938,635	4472,211	3972,678	4356,912	4037,444	3016,164	7019,252	3268,716	3590,452	3650,445	4356,912	4167,492	3784,446	3784,446	3972,678	4524,713	5204,805	6956,283	6547,782	4410,701	4524,713	3399,303	5102,518	5427,675	5692,41	3838,795	15279,027	9898,467	3838,795	23844,57	6275,184	3399,303	13567,485	9150,73	3399,303	10505,874	9722,271	3650,445	12899,375	6221,166	3838,795	15605,152	5479,703	3650,445	13567,485	7580,358	3972,678
850,126463	"C00332;"	"Acetoacetyl-CoA;"	"Fatty acid degradation; Synthesis and degradation of ketone bodies; Valine, leucine and isoleucine degradation; Lysine degradation; Benzoate degradation; Tryptophan metabolism; Pyruvate metabolism; Glyoxylate and dicarboxylate metabolism; Propanoate metabolism; Butanoate metabolism; Terpenoid backbone biosynthesis; "	"0,0025933;"	"C25H40N7O18P3S;"	367,432	487,946	827,83	740,812	951,594	544,963	740,812	644,737	544,963	1055,874	644,737	913,091	1022,926	644,737	740,812	487,946	913,091	204,945	295,727	367,432	644,737	295,727	599,883	644,737	1090,849	740,812	740,812	295,727	5265,146	1680,267	1090,849	3590,452	1252,495	487,946	2621,185	1573,613	785,327	1826,456	1904,165	204,945	3076,797	1714,424	827,83	3714,873	1680,267	1252,495	2228,98	1680,267	487,946
852,107321	"C00083;"	"Malonyl-CoA;"	"Fatty acid biosynthesis; Carbapenem biosynthesis; Phenylalanine metabolism; beta-Alanine metabolism; Pyruvate metabolism; Propanoate metabolism; "	"0,00099918;"	"C24H38N7O19P3S;"	6725,551	7784,482	4583,734	3905,258	6606,72	7074,562	4286,414	4524,713	8142,539	7137,774	4765,777	4765,777	5793,285	6606,72	5585,042	3650,445	7019,252	6275,184	4821,525	6275,184	6221,166	6221,166	3399,303	4472,211	5479,703	3905,258	2621,185	4883,859	48066,173	18143,239	4883,859	8218,267	9814,399	3838,795	5585,042	11470,152	3972,678	5793,285	11594,325	3714,873	5692,41	5534,838	3399,303	7853,365	7853,365	2621,185	9999,509	5903,547	2842,579
853,255522	"C01024;"	"Hydroxymethylbilane;"	"Porphyrin and chlorophyll metabolism; "	"0,022993;"	"C40H46N4O17;"	1445,852	1573,613	1055,874	1190,065	1943,728	644,737	1645,874	1347,497	1510,972	1124,477	1714,424	785,327	1445,852	1714,424	1347,497	1190,065	1445,852	1411,597	1749,51	1826,456	1285,491	785,327	1022,926	1904,165	1285,491	1573,613	487,946	1090,849	1541,257	1157,231	1904,165	1378,471	785,327	869,954	1124,477	1124,477	1510,972	827,83	740,812	1090,849	1476,779	986,079	1252,495	1190,065	986,079	785,327	1124,477	644,737	1055,874
862,164635	"C05271;"	"trans-Hex-2-enoyl-CoA;(2E)-Hexenoyl-CoA;"	"Fatty acid degradation; "	"0,00080678;"	"C27H44N7O17P3S;"	1315,732	426,015	1714,424	1090,849	426,015	785,327	599,883	1055,874	1315,732	644,737	1285,491	827,83	740,812	1190,065	367,432	1252,495	1315,732	1285,491	827,83	1609,073	1476,779	1055,874	1124,477	544,963	1055,874	599,883	785,327	951,594	1981,903	1224,518	986,079	2186,359	1315,732	692,339	1749,51	1476,779	869,954	1680,267	986,079	1124,477	1714,424	1645,874	692,339	2228,98	913,091	487,946	1252,495	1124,477	951,594
866,159014	"C04405;C05998;"	"(S)-3-Hydroxy-2-methylbutyryl-CoA;3-Hydroxyisovaleryl-CoA;3-Hydroxyisovaleryl coenzyme A;"	"Valine, leucine and isoleucine degradation; Valine, leucine and isoleucine degradation; "	"0,0013424;0,0013424;"	"C26H44N7O18P3S;C26H44N7O18P3S;"	5793,285	4707,098	5102,518	3972,678	4286,414	1904,165	2320,272	3399,303	1867,742	1680,267	2468,957	3346,171	1609,073	1510,972	1573,613	2895,158	1510,972	1981,903	1609,073	3016,164	1411,597	1904,165	2276,128	1788,828	1347,497	1378,471	986,079	1224,518	11007,798	6008,64	7256,085	14804,855	5102,518	4472,211	6008,64	4993,251	2621,185	5903,547	5314,068	2143,424	9243,609	4099,259	1826,456	9999,509	4883,859	2186,359	7256,085	5638,371	1680,267
870,130819	"C00512;"	"S-BenzoateBenzoyl-CoA;"	"Phenylalanine metabolism; Benzoate degradation; Toluene degradation; Aminobenzoate degradation; "	"0,0033228;"	"C28H40N7O17P3S;"	1285,491	1055,874	644,737	426,015	1055,874	1190,065	827,83	426,015	692,339	692,339	599,883	487,946	487,946	827,83	1090,849	544,963	295,727	295,727	544,963	1157,231	100,852	367,432	367,432	426,015	599,883	785,327	599,883	367,432	2670,202	1609,073	1157,231	2895,158	692,339	827,83	1510,972	1445,852	740,812	1645,874	1378,471	785,327	692,339	913,091	913,091	1981,903	1609,073	869,954	1315,732	1190,065	1124,477
876,184437	"C16470;"	"5-Methylhex-4-enoyl-CoA;"	"Geraniol degradation; "	"-0,0033453;"	"C28H46N7O17P3S;"	426,015	1190,065	1090,849	785,327	644,737	1157,231	1541,257	692,339	827,83	869,954	544,963	1022,926	544,963	692,339	1252,495	951,594	367,432	367,432	1224,518	1680,267	692,339	487,946	740,812	692,339	951,594	869,954	1378,471	1055,874	1224,518	2228,98	599,883	2320,272	1445,852	544,963	1347,497	1022,926	367,432	1573,613	1826,456	644,737	827,83	1347,497	599,883	1867,742	1826,456	599,883	1157,231	1609,073	869,954
877,318354	"C05772;"	"Precorrin 3 A;"	"Porphyrin and chlorophyll metabolism; "	"-0,0034547;"	"C43H50N4O16;"	1943,728	2276,128	3200,719	2101,151	2670,202	1981,903	1347,497	2786,581	1943,728	2419,272	2060,492	2621,185	2514,257	2101,151	1378,471	2320,272	2186,359	2228,98	951,594	1749,51	1541,257	1788,828	1904,165	1749,51	2186,359	1749,51	2368,072	2419,272	692,339	599,883	1445,852	1411,597	1645,874	1411,597	740,812	986,079	1285,491	986,079	1285,491	1904,165	1867,742	1224,518	951,594	1022,926	1378,471	913,091	2060,492	1252,495	1347,497
879,396819	"C06399;C06408;"	"Hydrogenobyrinate;Precorrin 8;"	"Porphyrin and chlorophyll metabolism; Porphyrin and chlorophyll metabolism; "	"0,0065015;0,0065015;"	"C45H60N4O14;C45H60N4O14;"	1609,073	1224,518	1645,874	2320,272	2101,151	1609,073	1285,491	1022,926	1476,779	1867,742	1680,267	1411,597	986,079	1315,732	2468,957	1826,456	1347,497	986,079	740,812	1510,972	1714,424	1609,073	1315,732	1826,456	1788,828	1252,495	1826,456	1943,728	1124,477	1124,477	2060,492	1510,972	1090,849	1541,257	1190,065	644,737	2101,151	1252,495	1124,477	1749,51	913,091	1190,065	2228,98	644,737	692,339	1609,073	644,737	692,339	1609,073
880,164683	"C05268;"	"(S)-Hydroxyhexanoyl-CoA;(S)-3-Hydroxyhexanoyl-CoA;"	"Fatty acid degradation; "	"0,011323;"	"C27H46N7O18P3S;"	1411,597	1445,852	1510,972	1378,471	1347,497	1347,497	692,339	1476,779	785,327	1609,073	1224,518	1285,491	1680,267	1411,597	1788,828	1378,471	1190,065	1445,852	1157,231	692,339	1124,477	1157,231	1190,065	1609,073	1022,926	1022,926	1904,165	986,079	5153,345	2419,272	1411,597	3650,445	1749,51	1476,779	2514,257	2143,424	1315,732	2468,957	2895,158	1714,424	2060,492	1867,742	1609,073	2670,202	2276,128	1285,491	3076,797	2670,202	986,079
885,145952	"C02247;"	"Anthraniloyl-CoA;2-Aminobenzoyl-CoA;"	"Phenazine biosynthesis; Aminobenzoate degradation; "	"-0,00091168;"	"C28H41N8O17P3S;"	599,883	1315,732	2019,415	1476,779	692,339	951,594	2468,957	913,091	1714,424	599,883	986,079	1055,874	1224,518	1378,471	913,091	2419,272	1090,849	1749,51	3129,838	3784,446	1315,732	1510,972	2019,415	1022,926	740,812	1788,828	2726,287	1347,497	5585,042	3590,452	913,091	9519,89	2955,287	1680,267	4646,607	4286,414	1252,495	4167,492	3838,795	1609,073	7188,258	3463,951	1157,231	9053,155	3399,303	1090,849	5793,285	3268,716	785,327
890,157531	"C16471;"	"5-Methyl-3-oxo-4-hexenoyl-CoA;"	"Geraniol degradation; "	"0,0028253;"	"C28H44N7O18P3S;"	1826,456	827,83	1904,165	1714,424	1510,972	1749,51	1943,728	1645,874	2060,492	1315,732	1749,51	2228,98	1378,471	1476,779	1315,732	1476,779	827,83	1190,065	1252,495	1541,257	1510,972	1645,874	1510,972	1714,424	2060,492	1680,267	1541,257	1826,456	2786,581	1826,456	1510,972	6547,782	1981,903	1285,491	2276,128	2320,272	1090,849	2276,128	2726,287	1285,491	4099,259	2143,424	1476,779	5314,068	2060,492	1411,597	3016,164	2276,128	1476,779
892,179176	"C16469;"	"3-Hydroxy-5-methylhex-4-enoyl-CoA;"	"Geraniol degradation; "	"-0,0031704;"	"C28H46N7O18P3S;"	1055,874	785,327	1411,597	599,883	785,327	1285,491	2186,359	785,327	1749,51	204,945	1252,495	426,015	100,852	1124,477	100,852	2570,057	1252,495	785,327	2368,072	3346,171	2060,492	827,83	1714,424	785,327	544,963	1541,257	1190,065	644,737	1347,497	1510,972	295,727	1541,257	1714,424	951,594	1680,267	1224,518	1055,874	1714,424	1315,732	1510,972	1445,852	1157,231	785,327	986,079	1347,497	295,727	740,812	599,883	152,898
896,134141	"C01011;C03058;"	"(3S)-Citramalyl-CoA;L-Citramalyl-CoA;(S)-Citramalyl-CoA;2-Hydroxyglutaryl-CoA;"	"C5-Branched dibasic acid metabolism; Butanoate metabolism; "	"0,00039467;0,00039467;"	"C26H42N7O20P3S;C26H42N7O20P3S;"	2143,424	3268,716	2143,424	2670,202	3016,164	2019,415	2101,151	2726,287	2019,415	2228,98	2186,359	2726,287	2419,272	2955,287	2670,202	1981,903	2228,98	2726,287	2186,359	2419,272	2368,072	2842,579	1609,073	1981,903	3200,719	3129,838	2276,128	1981,903	7853,365	3905,258	2368,072	7784,482	3972,678	2228,98	3972,678	4583,734	2060,492	4883,859	4037,444	2570,057	6956,283	2726,287	2368,072	6547,782	3784,446	2101,151	6170,27	5265,146	2726,287
907,328789	"C06407;"	"Precorrin 4;"	"Porphyrin and chlorophyll metabolism; "	"-0,0033245;"	"C44H52N4O17;"	1476,779	1981,903	1541,257	2143,424	1445,852	1943,728	1055,874	1411,597	1124,477	1285,491	1867,742	1645,874	2228,98	1981,903	1680,267	1510,972	1749,51	1826,456	1573,613	2060,492	1981,903	951,594	1347,497	1252,495	1981,903	2019,415	1315,732	2143,424	1055,874	644,737	1224,518	426,015	827,83	1749,51	599,883	426,015	1124,477	1285,491	487,946	1541,257	2670,202	599,883	1510,972	785,327	599,883	1788,828	827,83	740,812	1157,231
908,132869	"C02232;"	"3-Oxoadipyl-CoA;"	"Phenylalanine metabolism; Benzoate degradation; Caprolactam degradation; "	"0,0016667;"	"C27H42N7O20P3S;"	644,737	1510,972	986,079	869,954	827,83	599,883	1476,779	1190,065	367,432	1157,231	1315,732	1124,477	644,737	869,954	827,83	599,883	644,737	1055,874	487,946	827,83	1022,926	1090,849	986,079	599,883	913,091	1315,732	1157,231	1022,926	4356,912	1190,065	1315,732	2276,128	1541,257	986,079	951,594	869,954	913,091	1055,874	1445,852	692,339	1411,597	1378,471	1022,926	1055,874	487,946	740,812	1378,471	869,954	1445,852
908,181573	"C01063;"	"Pimeloyl-CoA;"	"Benzoate degradation; Biotin metabolism; "	"-0,010652;"	"C28H46N7O19P3S;"	1378,471	869,954	1190,065	827,83	599,883	1224,518	1749,51	740,812	869,954	740,812	692,339	740,812	785,327	1157,231	1022,926	1541,257	692,339	869,954	869,954	1445,852	1749,51	426,015	1645,874	367,432	367,432	487,946	1573,613	100,852	1378,471	913,091	1055,874	986,079	869,954	740,812	986,079	1157,231	1022,926	1190,065	1541,257	869,954	986,079	1090,849	295,727	1445,852	1224,518	1157,231	913,091	1378,471	1252,495
916,208108	"C01920;C11945;C11946;"	"Geranoyl-CoA;cis-Geranyl-CoA;trans-2-Methyl-5-isopropylhexa-2,5-dienoyl-CoA;cis-2-Methyl-5-isopropylhexa-2,5-dienoyl-CoA;"	"Geraniol degradation; Limonene and pinene degradation; Limonene and pinene degradation; "	"0,0042831;0,0042831;0,0042831;"	"C31H50N7O17P3S;C31H50N7O17P3S;C31H50N7O17P3S;"	544,963	1378,471	599,883	644,737	913,091	367,432	644,737	367,432	644,737	426,015	295,727	1252,495	599,883	426,015	869,954	692,339	599,883	644,737	785,327	1224,518	1252,495	692,339	785,327	827,83	692,339	692,339	1090,849	869,954	644,737	2101,151	544,963	1645,874	1378,471	295,727	1541,257	1867,742	1224,518	1347,497	1573,613	913,091	1157,231	827,83	644,737	1680,267	1285,491	544,963	1749,51	1573,613	426,015
917,23517	"C00748;"	"Siroheme;"	"Porphyrin and chlorophyll metabolism; "	"-0,016628;"	"C42H46FeN4O16;"	986,079	1252,495	951,594	986,079	1981,903	2060,492	986,079	986,079	986,079	1090,849	1022,926	1609,073	913,091	1055,874	986,079	1224,518	785,327	1476,779	1788,828	1347,497	869,954	986,079	692,339	1445,852	1411,597	1124,477	1609,073	599,883	827,83	1476,779	1285,491	1157,231	1943,728	1157,231	1022,926	1510,972	1347,497	1224,518	1224,518	1826,456	1609,073	869,954	1285,491	1788,828	1315,732	1315,732	1445,852	1347,497	1315,732
918,198206	"C16466;"	"7-Methyl-3-oxo-6-octenoyl-CoA;"	"Geraniol degradation; "	"-0,0065499;"	"C30H48N7O18P3S;"	785,327	367,432	487,946	1022,926	740,812	204,945	487,946	869,954	487,946	827,83	827,83	644,737	1055,874	1090,849	204,945	986,079	426,015	487,946	1124,477	1476,779	204,945	740,812	295,727	740,812	426,015	100,852	544,963	913,091	2101,151	1788,828	204,945	1749,51	1476,779	599,883	2019,415	1826,456	100,852	1943,728	1749,51	827,83	1055,874	951,594	426,015	1904,165	1541,257	1055,874	2101,151	2019,415	152,898
918,233126	"C05275;C16464;"	"trans-Dec-2-enoyl-CoA;(2E)-Decenoyl-CoA;Citronellyl-CoA;"	"Fatty acid degradation; Geraniol degradation; "	"-0,0050851;-0,0050851;"	"C31H52N7O17P3S;C31H52N7O17P3S;"	740,812	1285,491	1124,477	1252,495	1315,732	1315,732	426,015	1090,849	1285,491	986,079	913,091	544,963	1347,497	740,812	599,883	295,727	986,079	1022,926	692,339	1022,926	785,327	2019,415	869,954	1285,491	1749,51	951,594	951,594	1157,231	740,812	1904,165	1124,477	785,327	1510,972	913,091	1411,597	1347,497	951,594	644,737	785,327	1411,597	1315,732	740,812	986,079	951,594	1190,065	1124,477	1904,165	1055,874	740,812
920,238566	"C05274;"	"Decanoyl-CoA;"	"Fatty acid degradation; "	"0,0051251;"	"C31H54N7O17P3S;"	1157,231	1680,267	785,327	951,594	986,079	1573,613	1022,926	1680,267	1573,613	1022,926	740,812	1541,257	1541,257	1573,613	951,594	1680,267	1411,597	1510,972	1645,874	913,091	913,091	1943,728	913,091	913,091	1190,065	986,079	1252,495	1510,972	295,727	544,963	951,594	827,83	1224,518	1124,477	1157,231	1541,257	599,883	951,594	1055,874	426,015	869,954	1055,874	869,954	1090,849	1022,926	1022,926	599,883	951,594	644,737
921,336367	"C06416;"	"Precorrin 5;"	"Porphyrin and chlorophyll metabolism; "	"0,0047476;"	"C45H54N4O17;"	2468,957	2726,287	2101,151	2514,257	2570,057	3016,164	1826,456	2621,185	2143,424	2621,185	1347,497	2419,272	3529,499	3076,797	2186,359	1609,073	3200,719	3129,838	2670,202	2276,128	2228,98	3016,164	2228,98	1943,728	2842,579	2621,185	2143,424	2368,072	2468,957	2514,257	2419,272	2101,151	2186,359	1867,742	2060,492	1904,165	2186,359	1788,828	2621,185	1981,903	3346,171	1826,456	1904,165	2955,287	2143,424	1867,742	2468,957	1867,742	1788,828
932,216106	"C17401;"	"Cobalt-factor;"	"Porphyrin and chlorophyll metabolism; "	"0,00069371;"	"C43H46CoN4O16;"	1645,874	2101,151	1445,852	1609,073	1476,779	1378,471	869,954	951,594	2320,272	2143,424	1981,903	1981,903	2186,359	2060,492	1609,073	1749,51	1714,424	1714,424	1541,257	1943,728	1867,742	1124,477	544,963	2186,359	2228,98	1826,456	869,954	1645,874	1157,231	1285,491	1573,613	1445,852	1411,597	2143,424	1609,073	1378,471	1476,779	1090,849	1190,065	2276,128	1022,926	785,327	1347,497	1510,972	951,594	1510,972	1541,257	1022,926	1411,597
936,242014	"C05264;"	"(S)-3-Hydroxydecanoyl-CoA;"	"Fatty acid degradation; "	"-0,0034079;"	"C31H54N7O18P3S;"	913,091	644,737	295,727	204,945	1022,926	692,339	100,852	204,945	1190,065	785,327	367,432	367,432	827,83	599,883	295,727	785,327	740,812	827,83	644,737	644,737	544,963	599,883	1055,874	869,954	869,954	644,737	367,432	692,339	152,898	740,812	869,954	599,883	544,963	644,737	869,954	599,883	986,079	740,812	599,883	367,432	426,015	692,339	204,945	692,339	740,812	644,737	986,079	913,091	1090,849
944,252192	"C05279;C05280;"	"trans,cis-Lauro-2,6-dienoyl-CoA;cis,cis-3,6-Dodecadienoyl-CoA;"	"Fatty acid degradation; Fatty acid degradation; "	"-0,0085004;-0,0085004;"	"C33H54N7O17P3S;C33H54N7O17P3S;"	692,339	913,091	692,339	544,963	1124,477	740,812	544,963	827,83	1022,926	1224,518	869,954	692,339	869,954	951,594	785,327	644,737	2368,072	1680,267	986,079	295,727	1645,874	1476,779	1445,852	1224,518	2955,287	2419,272	644,737	1680,267	152,898	487,946	1022,926	913,091	644,737	204,945	487,946	692,339	644,737	367,432	1090,849	1157,231	1749,51	426,015	1090,849	1573,613	1714,424	1749,51	4224,542	2368,072	2621,185
948,282648	"C01832;"	"Lauroyl-CoA;Lauroyl coenzyme A;Dodecanoyl-CoA;"	"Fatty acid degradation; "	"-0,0076563;"	"C33H58N7O17P3S;"	487,946	692,339	913,091	367,432	295,727	827,83	785,327	100,852	740,812	487,946	1055,874	951,594	295,727	295,727	426,015	740,812	869,954	544,963	426,015	487,946	367,432	869,954	426,015	1124,477	644,737	913,091	1411,597	785,327	1445,852	426,015	100,852	544,963	487,946	426,015	100,852	100,852	426,015	100,852	426,015	487,946	644,737	204,945	367,432	827,83	295,727	426,015	951,594	426,015	544,963
958,21656	"C16339;"	"(+)-7-Isojasmonic;"	"alpha-Linolenic acid metabolism; "	"0,0063961;"	"C33H52N7O18P3S;"	951,594	740,812	869,954	1157,231	1190,065	913,091	1609,073	1788,828	1445,852	1476,779	1411,597	1224,518	2143,424	1541,257	1285,491	869,954	1541,257	1788,828	1904,165	1315,732	951,594	1285,491	951,594	1476,779	1378,471	827,83	1445,852	1190,065	1022,926	1943,728	785,327	1609,073	2060,492	1609,073	1714,424	2228,98	1411,597	1378,471	2228,98	1055,874	1541,257	1573,613	1224,518	1315,732	2419,272	827,83	1224,518	1788,828	1285,491
976,728716	"C16157;"	"Undecaprenyl4-Amino-4-deoxy-alpha-L-arabinopyranosyl ditrans,octacis-undecaprenyl phosphate;"	"Amino sugar and nucleotide sugar metabolism; "	"-0,012259;"	"C60H100NO7P;"	2621,185	2419,272	2514,257	2468,957	2419,272	2101,151	1714,424	1714,424	2726,287	2842,579	2276,128	2276,128	3076,797	2228,98	1943,728	2276,128	1943,728	2143,424	1315,732	2101,151	3268,716	2514,257	2320,272	3529,499	3016,164	2786,581	1347,497	2955,287	951,594	1347,497	740,812	1714,424	913,091	1224,518	1645,874	2060,492	1157,231	1749,51	2276,128	1022,926	740,812	1609,073	1378,471	2320,272	1124,477	986,079	1714,424	1541,257	827,83
978,215869	"C04675;"	"3-Hydroxy-3-(4-methylpent-3-en-1-yl)glutaryl-CoA;3-Hydroxy-3-isohexeneylglutaryl-CoA;"	"Geraniol degradation; "	"-0,0030837;"	"C32H52N7O20P3S;"	1022,926	2514,257	1476,779	1541,257	1224,518	1541,257	1510,972	1252,495	1347,497	951,594	951,594	869,954	1090,849	367,432	1510,972	1714,424	951,594	1315,732	2143,424	1714,424	1788,828	1347,497	1224,518	986,079	1157,231	1510,972	1680,267	827,83	1190,065	1252,495	367,432	951,594	1285,491	1055,874	544,963	1190,065	692,339	913,091	692,339	951,594	1190,065	1315,732	1055,874	869,954	1749,51	1190,065	544,963	785,327	1190,065
992,305686	"C05260;"	"(S)-3-Hydroxytetradecanoyl-CoA;"	"Fatty acid degradation; "	"-0,0044802;"	"C35H62N7O18P3S;"	2186,359	1943,728	1943,728	2060,492	1867,742	1476,779	1981,903	2276,128	1680,267	1573,613	1904,165	1714,424	1943,728	1285,491	2143,424	1645,874	1680,267	2019,415	2570,057	869,954	1609,073	1573,613	1476,779	2320,272	1904,165	1867,742	1645,874	2060,492	4224,542	1749,51	1749,51	2786,581	1680,267	1347,497	2101,151	1680,267	1378,471	2143,424	2019,415	986,079	1573,613	2019,415	2101,151	1714,424	1157,231	1573,613	1055,874	1645,874	2786,581
